ckc_id	claim_level_firewall	cynk_meyer_id	cynk_meyer_table_present	entity_level	equation_type	euler	explicit_nodal_conifold_link_present	h11	h12	hodge_table_present	hodgecy_universe_id	identity_resolution_status	local_inventory	operator_fibration_arithmetic_link_present	parameter_names	relationship_graph_hits_repo_local	source_assembly_present	source_extraction_status
1	SOURCE_LEVEL_ONLY_UNLESS_NODE_COLUMNS_EXPLICITLY_CERTIFIED	1	YES	PRESENTATION	fixed_rational	136	NO	69	1	YES	ckc:1	presentation_level_only_geometry_identity_unresolved	p3=8;p4_0=0;p4_1=4;p5_0=0;p5_1=0;p5_2=4;l3=4	YES	[]	PRODUCTION_ROOT_NOT_AVAILABLE	YES	eight_plane_equation_or_family_available
2	SOURCE_LEVEL_ONLY_UNLESS_NODE_COLUMNS_EXPLICITLY_CERTIFIED	2	YES	PARAMETERIZED_FAMILY	parameterized_family	140	NO	70	0	YES	ckc:2	presentation_level_only_geometry_identity_unresolved	p3=4;p4_0=1;p4_1=4;p5_0=0;p5_1=0;p5_2=4;l3=4	YES	"[""A0"",""A1""]"	PRODUCTION_ROOT_NOT_AVAILABLE	NO	eight_plane_equation_or_family_available
3	SOURCE_LEVEL_ONLY_UNLESS_NODE_COLUMNS_EXPLICITLY_CERTIFIED	3	YES	PRESENTATION	fixed_rational	112	NO	59	3	YES	ckc:3	presentation_level_only_geometry_identity_unresolved	p3=20;p4_0=0;p4_1=3;p5_0=0;p5_1=0;p5_2=3;l3=3	NO	[]	PRODUCTION_ROOT_NOT_AVAILABLE	YES	eight_plane_equation_or_family_available
4	SOURCE_LEVEL_ONLY_UNLESS_NODE_COLUMNS_EXPLICITLY_CERTIFIED	4	YES	PARAMETERIZED_FAMILY	parameterized_family	116	NO	60	2	YES	ckc:4	presentation_level_only_geometry_identity_unresolved	p3=16;p4_0=1;p4_1=3;p5_0=0;p5_1=0;p5_2=3;l3=3	NO	"[""A0"",""A1""]"	PRODUCTION_ROOT_NOT_AVAILABLE	NO	eight_plane_equation_or_family_available
5	SOURCE_LEVEL_ONLY_UNLESS_NODE_COLUMNS_EXPLICITLY_CERTIFIED	5	YES	PARAMETERIZED_FAMILY	parameterized_family	120	NO	61	1	YES	ckc:5	presentation_level_only_geometry_identity_unresolved	p3=12;p4_0=2;p4_1=3;p5_0=0;p5_1=0;p5_2=3;l3=3	YES	"[""A0"",""A1""]"	PRODUCTION_ROOT_NOT_AVAILABLE	NO	eight_plane_equation_or_family_available
6	SOURCE_LEVEL_ONLY_UNLESS_NODE_COLUMNS_EXPLICITLY_CERTIFIED	6	YES	PARAMETERIZED_FAMILY	parameterized_family	124	NO	62	0	YES	ckc:6	presentation_level_only_geometry_identity_unresolved	p3=8;p4_0=3;p4_1=3;p5_0=0;p5_1=0;p5_2=3;l3=3	YES	"[""A0"",""A1"",""A2""]"	PRODUCTION_ROOT_NOT_AVAILABLE	NO	eight_plane_equation_or_family_available
7	SOURCE_LEVEL_ONLY_UNLESS_NODE_COLUMNS_EXPLICITLY_CERTIFIED	7	YES	PARAMETERIZED_FAMILY	parameterized_family	104	NO	55	3	YES	ckc:7	presentation_level_only_geometry_identity_unresolved	p3=16;p4_0=0;p4_1=7;p5_0=0;p5_1=0;p5_2=2;l3=3	NO	"[""A0"",""A1"",""A2"",""A3""]"	PRODUCTION_ROOT_NOT_AVAILABLE	NO	eight_plane_equation_or_family_available
8	SOURCE_LEVEL_ONLY_UNLESS_NODE_COLUMNS_EXPLICITLY_CERTIFIED	8	YES	PARAMETERIZED_FAMILY	parameterized_family	108	NO	56	2	YES	ckc:8	presentation_level_only_geometry_identity_unresolved	p3=12;p4_0=1;p4_1=7;p5_0=0;p5_1=0;p5_2=2;l3=3	NO	"[""A0"",""A1""]"	PRODUCTION_ROOT_NOT_AVAILABLE	NO	eight_plane_equation_or_family_available
9	SOURCE_LEVEL_ONLY_UNLESS_NODE_COLUMNS_EXPLICITLY_CERTIFIED	9	YES	PARAMETERIZED_FAMILY	parameterized_family	116	NO	60	2	YES	ckc:9	presentation_level_only_geometry_identity_unresolved	p3=13;p4_0=0;p4_1=5;p5_0=0;p5_1=1;p5_2=2;l3=3	NO	"[""A0"",""A1"",""A2""]"	PRODUCTION_ROOT_NOT_AVAILABLE	NO	eight_plane_equation_or_family_available
10	SOURCE_LEVEL_ONLY_UNLESS_NODE_COLUMNS_EXPLICITLY_CERTIFIED	10	YES	PARAMETERIZED_FAMILY	parameterized_family	112	NO	57	1	YES	ckc:10	presentation_level_only_geometry_identity_unresolved	p3=8;p4_0=2;p4_1=7;p5_0=0;p5_1=0;p5_2=2;l3=3	YES	"[""A0"",""A1""]"	PRODUCTION_ROOT_NOT_AVAILABLE	NO	eight_plane_equation_or_family_available
11	SOURCE_LEVEL_ONLY_UNLESS_NODE_COLUMNS_EXPLICITLY_CERTIFIED	11	YES	PARAMETERIZED_FAMILY	parameterized_family	120	NO	61	1	YES	ckc:11	presentation_level_only_geometry_identity_unresolved	p3=9;p4_0=1;p4_1=5;p5_0=0;p5_1=1;p5_2=2;l3=3	YES	"[""A0"",""A1"",""A2""]"	PRODUCTION_ROOT_NOT_AVAILABLE	NO	eight_plane_equation_or_family_available
12	SOURCE_LEVEL_ONLY_UNLESS_NODE_COLUMNS_EXPLICITLY_CERTIFIED	12	YES	PARAMETERIZED_FAMILY	parameterized_family	96	NO	51	3	YES	ckc:12	presentation_level_only_geometry_identity_unresolved	p3=12;p4_0=0;p4_1=11;p5_0=0;p5_1=0;p5_2=1;l3=3	NO	"[""A0"",""A1"",""A2"",""A3""]"	PRODUCTION_ROOT_NOT_AVAILABLE	NO	eight_plane_equation_or_family_available
13	SOURCE_LEVEL_ONLY_UNLESS_NODE_COLUMNS_EXPLICITLY_CERTIFIED	13	YES	PARAMETERIZED_FAMILY	parameterized_family	108	NO	56	2	YES	ckc:13	presentation_level_only_geometry_identity_unresolved	p3=9;p4_0=0;p4_1=9;p5_0=0;p5_1=1;p5_2=1;l3=3	NO	"[""A0"",""A1""]"	PRODUCTION_ROOT_NOT_AVAILABLE	NO	eight_plane_equation_or_family_available
14	SOURCE_LEVEL_ONLY_UNLESS_NODE_COLUMNS_EXPLICITLY_CERTIFIED	14	YES	PARAMETERIZED_FAMILY	parameterized_family	120	NO	61	1	YES	ckc:14	presentation_level_only_geometry_identity_unresolved	p3=6;p4_0=0;p4_1=7;p5_0=0;p5_1=2;p5_2=1;l3=3	YES	"[""A0"",""A1"",""A2""]"	PRODUCTION_ROOT_NOT_AVAILABLE	NO	eight_plane_equation_or_family_available
15	SOURCE_LEVEL_ONLY_UNLESS_NODE_COLUMNS_EXPLICITLY_CERTIFIED	15	YES	PARAMETERIZED_FAMILY	parameterized_family	96	NO	51	3	YES	ckc:15	presentation_level_only_geometry_identity_unresolved	p3=18;p4_0=0;p4_1=6;p5_0=1;p5_1=0;p5_2=1;l3=2	NO	"[""A0"",""A1"",""A2"",""A3""]"	PRODUCTION_ROOT_NOT_AVAILABLE	NO	eight_plane_equation_or_family_available
16	SOURCE_LEVEL_ONLY_UNLESS_NODE_COLUMNS_EXPLICITLY_CERTIFIED	16	YES	PARAMETERIZED_FAMILY	parameterized_family	104	NO	55	3	YES	ckc:16	presentation_level_only_geometry_identity_unresolved	p3=22;p4_0=0;p4_1=2;p5_0=0;p5_1=2;p5_2=1;l3=2	NO	"[""A0"",""A1""]"	PRODUCTION_ROOT_NOT_AVAILABLE	NO	eight_plane_equation_or_family_available
17	SOURCE_LEVEL_ONLY_UNLESS_NODE_COLUMNS_EXPLICITLY_CERTIFIED	17	YES	PARAMETERIZED_FAMILY	parameterized_family	108	NO	56	2	YES	ckc:17	presentation_level_only_geometry_identity_unresolved	p3=18;p4_0=1;p4_1=2;p5_0=0;p5_1=2;p5_2=1;l3=2	NO	"[""A0"",""A1"",""A2""]"	PRODUCTION_ROOT_NOT_AVAILABLE	NO	eight_plane_equation_or_family_available
18	SOURCE_LEVEL_ONLY_UNLESS_NODE_COLUMNS_EXPLICITLY_CERTIFIED	18	YES	PARAMETERIZED_FAMILY	parameterized_family	112	NO	57	1	YES	ckc:18	presentation_level_only_geometry_identity_unresolved	p3=14;p4_0=2;p4_1=2;p5_0=0;p5_1=2;p5_2=1;l3=2	YES	"[""A0"",""A1"",""A2"",""A3""]"	PRODUCTION_ROOT_NOT_AVAILABLE	NO	eight_plane_equation_or_family_available
19	SOURCE_LEVEL_ONLY_UNLESS_NODE_COLUMNS_EXPLICITLY_CERTIFIED	19	YES	PRESENTATION	fixed_rational	92	NO	50	4	YES	ckc:19	presentation_level_only_geometry_identity_unresolved	p3=25;p4_0=0;p4_1=4;p5_0=0;p5_1=1;p5_2=1;l3=2	NO	[]	PRODUCTION_ROOT_NOT_AVAILABLE	YES	eight_plane_equation_or_family_available
20	SOURCE_LEVEL_ONLY_UNLESS_NODE_COLUMNS_EXPLICITLY_CERTIFIED	20	YES	PARAMETERIZED_FAMILY	parameterized_family	96	NO	51	3	YES	ckc:20	presentation_level_only_geometry_identity_unresolved	p3=21;p4_0=1;p4_1=4;p5_0=0;p5_1=1;p5_2=1;l3=2	NO	"[""A0"",""A1""]"	PRODUCTION_ROOT_NOT_AVAILABLE	NO	eight_plane_equation_or_family_available
21	SOURCE_LEVEL_ONLY_UNLESS_NODE_COLUMNS_EXPLICITLY_CERTIFIED	21	YES	PARAMETERIZED_FAMILY	parameterized_family	100	NO	52	2	YES	ckc:21	presentation_level_only_geometry_identity_unresolved	p3=17;p4_0=2;p4_1=4;p5_0=0;p5_1=1;p5_2=1;l3=2	NO	"[""A0"",""A1""]"	PRODUCTION_ROOT_NOT_AVAILABLE	NO	eight_plane_equation_or_family_available
22	SOURCE_LEVEL_ONLY_UNLESS_NODE_COLUMNS_EXPLICITLY_CERTIFIED	22	YES	PARAMETERIZED_FAMILY	parameterized_family	104	NO	53	1	YES	ckc:22	presentation_level_only_geometry_identity_unresolved	p3=13;p4_0=3;p4_1=4;p5_0=0;p5_1=1;p5_2=1;l3=2	YES	"[""A0"",""A1"",""A2""]"	PRODUCTION_ROOT_NOT_AVAILABLE	NO	eight_plane_equation_or_family_available
23	SOURCE_LEVEL_ONLY_UNLESS_NODE_COLUMNS_EXPLICITLY_CERTIFIED	23	YES	PARAMETERIZED_FAMILY	parameterized_family	108	NO	54	0	YES	ckc:23	presentation_level_only_geometry_identity_unresolved	p3=9;p4_0=4;p4_1=4;p5_0=0;p5_1=1;p5_2=1;l3=2	YES	"[""A0"",""A1"",""A2""]"	PRODUCTION_ROOT_NOT_AVAILABLE	NO	eight_plane_equation_or_family_available
24	SOURCE_LEVEL_ONLY_UNLESS_NODE_COLUMNS_EXPLICITLY_CERTIFIED	24	YES	PARAMETERIZED_FAMILY	parameterized_family	80	NO	45	5	YES	ckc:24	presentation_level_only_geometry_identity_unresolved	p3=28;p4_0=0;p4_1=6;p5_0=0;p5_1=0;p5_2=1;l3=2	NO	"[""A0"",""A1"",""A2""]"	PRODUCTION_ROOT_NOT_AVAILABLE	NO	eight_plane_equation_or_family_available
25	SOURCE_LEVEL_ONLY_UNLESS_NODE_COLUMNS_EXPLICITLY_CERTIFIED	25	YES	PARAMETERIZED_FAMILY	parameterized_family	84	NO	46	4	YES	ckc:25	presentation_level_only_geometry_identity_unresolved	p3=24;p4_0=1;p4_1=6;p5_0=0;p5_1=0;p5_2=1;l3=2	NO	"[""A0"",""A1"",""A2""]"	PRODUCTION_ROOT_NOT_AVAILABLE	NO	eight_plane_equation_or_family_available
26	SOURCE_LEVEL_ONLY_UNLESS_NODE_COLUMNS_EXPLICITLY_CERTIFIED	26	YES	PARAMETERIZED_FAMILY	parameterized_family	88	NO	47	3	YES	ckc:26	presentation_level_only_geometry_identity_unresolved	p3=20;p4_0=2;p4_1=6;p5_0=0;p5_1=0;p5_2=1;l3=2	NO	"[""A0"",""A1"",""A2""]"	PRODUCTION_ROOT_NOT_AVAILABLE	NO	eight_plane_equation_or_family_available
27	SOURCE_LEVEL_ONLY_UNLESS_NODE_COLUMNS_EXPLICITLY_CERTIFIED	27	YES	PARAMETERIZED_FAMILY	parameterized_family	92	NO	48	2	YES	ckc:27	presentation_level_only_geometry_identity_unresolved	p3=16;p4_0=3;p4_1=6;p5_0=0;p5_1=0;p5_2=1;l3=2	NO	"[""A0"",""A1"",""A2"",""A3""]"	PRODUCTION_ROOT_NOT_AVAILABLE	NO	eight_plane_equation_or_family_available
28	SOURCE_LEVEL_ONLY_UNLESS_NODE_COLUMNS_EXPLICITLY_CERTIFIED	28	YES	PARAMETERIZED_FAMILY	parameterized_family	96	NO	49	1	YES	ckc:28	presentation_level_only_geometry_identity_unresolved	p3=12;p4_0=4;p4_1=6;p5_0=0;p5_1=0;p5_2=1;l3=2	YES	"[""A0"",""A1"",""A2"",""A3""]"	PRODUCTION_ROOT_NOT_AVAILABLE	NO	eight_plane_equation_or_family_available
29	SOURCE_LEVEL_ONLY_UNLESS_NODE_COLUMNS_EXPLICITLY_CERTIFIED	29	YES	PARAMETERIZED_FAMILY	parameterized_family	96	NO	51	3	YES	ckc:29	presentation_level_only_geometry_identity_unresolved	p3=18;p4_0=0;p4_1=6;p5_0=0;p5_1=2;p5_2=0;l3=2	NO	"[""A0"",""A1"",""A2"",""A3"",""A4""]"	PRODUCTION_ROOT_NOT_AVAILABLE	NO	eight_plane_equation_or_family_available
30	SOURCE_LEVEL_ONLY_UNLESS_NODE_COLUMNS_EXPLICITLY_CERTIFIED	30	YES	PARAMETERIZED_FAMILY	parameterized_family	100	NO	52	2	YES	ckc:30	presentation_level_only_geometry_identity_unresolved	p3=14;p4_0=1;p4_1=6;p5_0=0;p5_1=2;p5_2=0;l3=2	NO	"[""A0"",""A1"",""A2""]"	PRODUCTION_ROOT_NOT_AVAILABLE	NO	eight_plane_equation_or_family_available
31	SOURCE_LEVEL_ONLY_UNLESS_NODE_COLUMNS_EXPLICITLY_CERTIFIED	31	YES	PARAMETERIZED_FAMILY	parameterized_family	104	NO	53	1	YES	ckc:31	presentation_level_only_geometry_identity_unresolved	p3=10;p4_0=2;p4_1=6;p5_0=0;p5_1=2;p5_2=0;l3=2	YES	"[""A0"",""A1"",""A2"",""A3""]"	PRODUCTION_ROOT_NOT_AVAILABLE	NO	eight_plane_equation_or_family_available
32	SOURCE_LEVEL_ONLY_UNLESS_NODE_COLUMNS_EXPLICITLY_CERTIFIED	32	YES	PRESENTATION	fixed_rational	84	NO	46	4	YES	ckc:32	presentation_level_only_geometry_identity_unresolved	p3=21;p4_0=0;p4_1=8;p5_0=0;p5_1=1;p5_2=0;l3=2	NO	[]	PRODUCTION_ROOT_NOT_AVAILABLE	YES	eight_plane_equation_or_family_available
33	SOURCE_LEVEL_ONLY_UNLESS_NODE_COLUMNS_EXPLICITLY_CERTIFIED	33	YES	PARAMETERIZED_FAMILY	parameterized_family	88	NO	47	3	YES	ckc:33	presentation_level_only_geometry_identity_unresolved	p3=17;p4_0=1;p4_1=8;p5_0=0;p5_1=1;p5_2=0;l3=2	NO	"[""A0"",""A1""]"	PRODUCTION_ROOT_NOT_AVAILABLE	NO	eight_plane_equation_or_family_available
34	SOURCE_LEVEL_ONLY_UNLESS_NODE_COLUMNS_EXPLICITLY_CERTIFIED	34	YES	PARAMETERIZED_FAMILY	parameterized_family	92	NO	48	2	YES	ckc:34	presentation_level_only_geometry_identity_unresolved	p3=13;p4_0=2;p4_1=8;p5_0=0;p5_1=1;p5_2=0;l3=2	NO	"[""A0"",""A1""]"	PRODUCTION_ROOT_NOT_AVAILABLE	NO	eight_plane_equation_or_family_available
35	SOURCE_LEVEL_ONLY_UNLESS_NODE_COLUMNS_EXPLICITLY_CERTIFIED	35	YES	PARAMETERIZED_FAMILY	parameterized_family	72	NO	41	5	YES	ckc:35	presentation_level_only_geometry_identity_unresolved	p3=24;p4_0=0;p4_1=10;p5_0=0;p5_1=0;p5_2=0;l3=2	NO	"[""A0"",""A1""]"	PRODUCTION_ROOT_NOT_AVAILABLE	NO	eight_plane_equation_or_family_available
36	SOURCE_LEVEL_ONLY_UNLESS_NODE_COLUMNS_EXPLICITLY_CERTIFIED	36	YES	PARAMETERIZED_FAMILY	parameterized_family	76	NO	42	4	YES	ckc:36	presentation_level_only_geometry_identity_unresolved	p3=20;p4_0=1;p4_1=10;p5_0=0;p5_1=0;p5_2=0;l3=2	NO	"[""A0"",""A1""]"	PRODUCTION_ROOT_NOT_AVAILABLE	NO	eight_plane_equation_or_family_available
37	SOURCE_LEVEL_ONLY_UNLESS_NODE_COLUMNS_EXPLICITLY_CERTIFIED	37	YES	PARAMETERIZED_FAMILY	parameterized_family	80	NO	43	3	YES	ckc:37	presentation_level_only_geometry_identity_unresolved	p3=16;p4_0=2;p4_1=10;p5_0=0;p5_1=0;p5_2=0;l3=2	NO	"[""A0"",""A1"",""A2""]"	PRODUCTION_ROOT_NOT_AVAILABLE	NO	eight_plane_equation_or_family_available
38	SOURCE_LEVEL_ONLY_UNLESS_NODE_COLUMNS_EXPLICITLY_CERTIFIED	38	YES	PARAMETERIZED_FAMILY	parameterized_family	80	NO	45	5	YES	ckc:38	presentation_level_only_geometry_identity_unresolved	p3=34;p4_0=0;p4_1=1;p5_0=0;p5_1=2;p5_2=0;l3=1	NO	"[""A0"",""A1"",""A2""]"	PRODUCTION_ROOT_NOT_AVAILABLE	NO	eight_plane_equation_or_family_available
39	SOURCE_LEVEL_ONLY_UNLESS_NODE_COLUMNS_EXPLICITLY_CERTIFIED	39	YES	PARAMETERIZED_FAMILY	parameterized_family	84	NO	46	4	YES	ckc:39	presentation_level_only_geometry_identity_unresolved	p3=30;p4_0=1;p4_1=1;p5_0=0;p5_1=2;p5_2=0;l3=1	NO	"[""A0"",""A1"",""A2""]"	PRODUCTION_ROOT_NOT_AVAILABLE	NO	eight_plane_equation_or_family_available
40	SOURCE_LEVEL_ONLY_UNLESS_NODE_COLUMNS_EXPLICITLY_CERTIFIED	40	YES	PARAMETERIZED_FAMILY	parameterized_family	88	NO	47	3	YES	ckc:40	presentation_level_only_geometry_identity_unresolved	p3=26;p4_0=2;p4_1=1;p5_0=0;p5_1=2;p5_2=0;l3=1	NO	"[""A0"",""A1"",""A2""]"	PRODUCTION_ROOT_NOT_AVAILABLE	NO	eight_plane_equation_or_family_available
41	SOURCE_LEVEL_ONLY_UNLESS_NODE_COLUMNS_EXPLICITLY_CERTIFIED	41	YES	PARAMETERIZED_FAMILY	parameterized_family	92	NO	48	2	YES	ckc:41	presentation_level_only_geometry_identity_unresolved	p3=22;p4_0=3;p4_1=1;p5_0=0;p5_1=2;p5_2=0;l3=1	NO	"[""A0"",""A1"",""A2""]"	PRODUCTION_ROOT_NOT_AVAILABLE	NO	eight_plane_equation_or_family_available
42	SOURCE_LEVEL_ONLY_UNLESS_NODE_COLUMNS_EXPLICITLY_CERTIFIED	42	YES	PARAMETERIZED_FAMILY	parameterized_family	96	NO	49	1	YES	ckc:42	presentation_level_only_geometry_identity_unresolved	p3=18;p4_0=4;p4_1=1;p5_0=0;p5_1=2;p5_2=0;l3=1	YES	"[""A0"",""A1"",""A2""]"	PRODUCTION_ROOT_NOT_AVAILABLE	NO	eight_plane_equation_or_family_available
43	SOURCE_LEVEL_ONLY_UNLESS_NODE_COLUMNS_EXPLICITLY_CERTIFIED	43	YES	PARAMETERIZED_FAMILY	parameterized_family	100	NO	50	0	YES	ckc:43	presentation_level_only_geometry_identity_unresolved	p3=14;p4_0=5;p4_1=1;p5_0=0;p5_1=2;p5_2=0;l3=1	YES	"[""A0"",""A1"",""A2"",""A3""]"	PRODUCTION_ROOT_NOT_AVAILABLE	NO	eight_plane_equation_or_family_available
44	SOURCE_LEVEL_ONLY_UNLESS_NODE_COLUMNS_EXPLICITLY_CERTIFIED	44	YES	PARAMETERIZED_FAMILY	parameterized_family	96	NO	51	3	YES	ckc:44	presentation_level_only_geometry_identity_unresolved	p3=32;p4_0=0;p4_1=1;p5_0=1;p5_1=2;p5_2=0;l3=1	NO	"[""A0"",""A1"",""A2"",""A3""]"	PRODUCTION_ROOT_NOT_AVAILABLE	NO	eight_plane_equation_or_family_available
45	SOURCE_LEVEL_ONLY_UNLESS_NODE_COLUMNS_EXPLICITLY_CERTIFIED	45	YES	PARAMETERIZED_FAMILY	parameterized_family	84	NO	46	4	YES	ckc:45	presentation_level_only_geometry_identity_unresolved	p3=27;p4_0=0;p4_1=3;p5_0=1;p5_1=1;p5_2=0;l3=1	NO	"[""A0"",""A1"",""A2"",""A3""]"	PRODUCTION_ROOT_NOT_AVAILABLE	NO	eight_plane_equation_or_family_available
46	SOURCE_LEVEL_ONLY_UNLESS_NODE_COLUMNS_EXPLICITLY_CERTIFIED	46	YES	PARAMETERIZED_FAMILY	parameterized_family	88	NO	47	3	YES	ckc:46	presentation_level_only_geometry_identity_unresolved	p3=23;p4_0=1;p4_1=3;p5_0=1;p5_1=1;p5_2=0;l3=1	NO	"[""A0"",""A1"",""A2"",""A3""]"	PRODUCTION_ROOT_NOT_AVAILABLE	NO	eight_plane_equation_or_family_available
47	SOURCE_LEVEL_ONLY_UNLESS_NODE_COLUMNS_EXPLICITLY_CERTIFIED	47	YES	PARAMETERIZED_FAMILY	parameterized_family	92	NO	48	2	YES	ckc:47	presentation_level_only_geometry_identity_unresolved	p3=19;p4_0=2;p4_1=3;p5_0=1;p5_1=1;p5_2=0;l3=1	NO	"[""A0"",""A1"",""A2"",""A3""]"	PRODUCTION_ROOT_NOT_AVAILABLE	NO	eight_plane_equation_or_family_available
48	SOURCE_LEVEL_ONLY_UNLESS_NODE_COLUMNS_EXPLICITLY_CERTIFIED	48	YES	PARAMETERIZED_FAMILY	parameterized_family	56	NO	35	7	YES	ckc:48	presentation_level_only_geometry_identity_unresolved	p3=40;p4_0=0;p4_1=5;p5_0=0;p5_1=0;p5_2=0;l3=1	NO	"[""A0"",""A1"",""A2"",""A3"",""A4""]"	PRODUCTION_ROOT_NOT_AVAILABLE	NO	eight_plane_equation_or_family_available
49	SOURCE_LEVEL_ONLY_UNLESS_NODE_COLUMNS_EXPLICITLY_CERTIFIED	49	YES	PARAMETERIZED_FAMILY	parameterized_family	60	NO	36	6	YES	ckc:49	presentation_level_only_geometry_identity_unresolved	p3=36;p4_0=1;p4_1=5;p5_0=0;p5_1=0;p5_2=0;l3=1	NO	"[""A0"",""A1"",""A2"",""A3"",""A4""]"	PRODUCTION_ROOT_NOT_AVAILABLE	NO	eight_plane_equation_or_family_available
50	SOURCE_LEVEL_ONLY_UNLESS_NODE_COLUMNS_EXPLICITLY_CERTIFIED	50	YES	PARAMETERIZED_FAMILY	parameterized_family	64	NO	37	5	YES	ckc:50	presentation_level_only_geometry_identity_unresolved	p3=32;p4_0=2;p4_1=5;p5_0=0;p5_1=0;p5_2=0;l3=1	NO	"[""A0"",""A1"",""A2"",""A3"",""A4""]"	PRODUCTION_ROOT_NOT_AVAILABLE	NO	eight_plane_equation_or_family_available
51	SOURCE_LEVEL_ONLY_UNLESS_NODE_COLUMNS_EXPLICITLY_CERTIFIED	51	YES	PARAMETERIZED_FAMILY	parameterized_family	68	NO	38	4	YES	ckc:51	presentation_level_only_geometry_identity_unresolved	p3=28;p4_0=3;p4_1=5;p5_0=0;p5_1=0;p5_2=0;l3=1	NO	"[""A0"",""A1"",""A2"",""A3"",""A4"",""A5""]"	PRODUCTION_ROOT_NOT_AVAILABLE	NO	eight_plane_equation_or_family_available
52	SOURCE_LEVEL_ONLY_UNLESS_NODE_COLUMNS_EXPLICITLY_CERTIFIED	52	YES	PARAMETERIZED_FAMILY	parameterized_family	72	NO	39	3	YES	ckc:52	presentation_level_only_geometry_identity_unresolved	p3=24;p4_0=4;p4_1=5;p5_0=0;p5_1=0;p5_2=0;l3=1	NO	"[""A0"",""A1"",""A2""]"	PRODUCTION_ROOT_NOT_AVAILABLE	NO	eight_plane_equation_or_family_available
53	SOURCE_LEVEL_ONLY_UNLESS_NODE_COLUMNS_EXPLICITLY_CERTIFIED	53	YES	PARAMETERIZED_FAMILY	parameterized_family	76	NO	40	2	YES	ckc:53	presentation_level_only_geometry_identity_unresolved	p3=20;p4_0=5;p4_1=5;p5_0=0;p5_1=0;p5_2=0;l3=1	NO	"[""A0"",""A1""]"	PRODUCTION_ROOT_NOT_AVAILABLE	NO	eight_plane_equation_or_family_available
54	SOURCE_LEVEL_ONLY_UNLESS_NODE_COLUMNS_EXPLICITLY_CERTIFIED	54	YES	PARAMETERIZED_FAMILY	parameterized_family	80	NO	41	1	YES	ckc:54	presentation_level_only_geometry_identity_unresolved	p3=16;p4_0=6;p4_1=5;p5_0=0;p5_1=0;p5_2=0;l3=1	YES	"[""A0"",""A1"",""A2""]"	PRODUCTION_ROOT_NOT_AVAILABLE	NO	eight_plane_equation_or_family_available
55	SOURCE_LEVEL_ONLY_UNLESS_NODE_COLUMNS_EXPLICITLY_CERTIFIED	55	YES	PARAMETERIZED_FAMILY	parameterized_family	68	NO	40	6	YES	ckc:55	presentation_level_only_geometry_identity_unresolved	p3=37;p4_0=0;p4_1=3;p5_0=0;p5_1=1;p5_2=0;l3=1	NO	"[""A0"",""A1"",""A2""]"	PRODUCTION_ROOT_NOT_AVAILABLE	NO	eight_plane_equation_or_family_available
56	SOURCE_LEVEL_ONLY_UNLESS_NODE_COLUMNS_EXPLICITLY_CERTIFIED	56	YES	PARAMETERIZED_FAMILY	parameterized_family	72	NO	41	5	YES	ckc:56	presentation_level_only_geometry_identity_unresolved	p3=33;p4_0=1;p4_1=3;p5_0=0;p5_1=1;p5_2=0;l3=1	NO	"[""A0"",""A1"",""A2"",""A3""]"	PRODUCTION_ROOT_NOT_AVAILABLE	NO	eight_plane_equation_or_family_available
57	SOURCE_LEVEL_ONLY_UNLESS_NODE_COLUMNS_EXPLICITLY_CERTIFIED	57	YES	PARAMETERIZED_FAMILY	parameterized_family	76	NO	42	4	YES	ckc:57	presentation_level_only_geometry_identity_unresolved	p3=29;p4_0=2;p4_1=3;p5_0=0;p5_1=1;p5_2=0;l3=1	NO	"[""A0"",""A1"",""A2"",""A3""]"	PRODUCTION_ROOT_NOT_AVAILABLE	NO	eight_plane_equation_or_family_available
58	SOURCE_LEVEL_ONLY_UNLESS_NODE_COLUMNS_EXPLICITLY_CERTIFIED	58	YES	PARAMETERIZED_FAMILY	parameterized_family	80	NO	43	3	YES	ckc:58	presentation_level_only_geometry_identity_unresolved	p3=25;p4_0=3;p4_1=3;p5_0=0;p5_1=1;p5_2=0;l3=1	NO	"[""A0"",""A1"",""A2"",""A3""]"	PRODUCTION_ROOT_NOT_AVAILABLE	NO	eight_plane_equation_or_family_available
59	SOURCE_LEVEL_ONLY_UNLESS_NODE_COLUMNS_EXPLICITLY_CERTIFIED	59	YES	PARAMETERIZED_FAMILY	parameterized_family	84	NO	44	2	YES	ckc:59	presentation_level_only_geometry_identity_unresolved	p3=21;p4_0=4;p4_1=3;p5_0=0;p5_1=1;p5_2=0;l3=1	NO	"[""A0"",""A1"",""A2"",""A3""]"	PRODUCTION_ROOT_NOT_AVAILABLE	NO	eight_plane_equation_or_family_available
60	SOURCE_LEVEL_ONLY_UNLESS_NODE_COLUMNS_EXPLICITLY_CERTIFIED	60	YES	PARAMETERIZED_FAMILY	parameterized_family	88	NO	45	1	YES	ckc:60	presentation_level_only_geometry_identity_unresolved	p3=17;p4_0=5;p4_1=3;p5_0=0;p5_1=1;p5_2=0;l3=1	YES	"[""A0"",""A1"",""A2""]"	PRODUCTION_ROOT_NOT_AVAILABLE	NO	eight_plane_equation_or_family_available
61	SOURCE_LEVEL_ONLY_UNLESS_NODE_COLUMNS_EXPLICITLY_CERTIFIED	61	YES	PARAMETERIZED_FAMILY	parameterized_family	92	NO	46	0	YES	ckc:61	presentation_level_only_geometry_identity_unresolved	p3=13;p4_0=6;p4_1=3;p5_0=0;p5_1=1;p5_2=0;l3=1	YES	"[""A0"",""A1"",""A2"",""A3""]"	PRODUCTION_ROOT_NOT_AVAILABLE	NO	eight_plane_equation_or_family_available
62	SOURCE_LEVEL_ONLY_UNLESS_NODE_COLUMNS_EXPLICITLY_CERTIFIED	62	YES	PARAMETERIZED_FAMILY	parameterized_family	72	NO	41	5	YES	ckc:62	presentation_level_only_geometry_identity_unresolved	p3=36;p4_0=0;p4_1=0;p5_0=2;p5_1=0;p5_2=0;l3=0	NO	"[""A0"",""A1"",""A2"",""A3"",""A4""]"	PRODUCTION_ROOT_NOT_AVAILABLE	NO	eight_plane_equation_or_family_available
63	SOURCE_LEVEL_ONLY_UNLESS_NODE_COLUMNS_EXPLICITLY_CERTIFIED	63	YES	PARAMETERIZED_FAMILY	parameterized_family	76	NO	42	4	YES	ckc:63	presentation_level_only_geometry_identity_unresolved	p3=32;p4_0=1;p4_1=0;p5_0=2;p5_1=0;p5_2=0;l3=0	NO	"[""A0"",""A1"",""A2"",""A3"",""A4""]"	PRODUCTION_ROOT_NOT_AVAILABLE	NO	eight_plane_equation_or_family_available
64	SOURCE_LEVEL_ONLY_UNLESS_NODE_COLUMNS_EXPLICITLY_CERTIFIED	64	YES	PARAMETERIZED_FAMILY	parameterized_family	80	NO	43	3	YES	ckc:64	presentation_level_only_geometry_identity_unresolved	p3=28;p4_0=2;p4_1=0;p5_0=2;p5_1=0;p5_2=0;l3=0	NO	"[""A0"",""A1"",""A2""]"	PRODUCTION_ROOT_NOT_AVAILABLE	NO	eight_plane_equation_or_family_available
65	SOURCE_LEVEL_ONLY_UNLESS_NODE_COLUMNS_EXPLICITLY_CERTIFIED	65	YES	PARAMETERIZED_FAMILY	parameterized_family	84	NO	44	2	YES	ckc:65	presentation_level_only_geometry_identity_unresolved	p3=24;p4_0=3;p4_1=0;p5_0=2;p5_1=0;p5_2=0;l3=0	NO	"[""A0"",""A1"",""A2"",""A3""]"	PRODUCTION_ROOT_NOT_AVAILABLE	NO	eight_plane_equation_or_family_available
66	SOURCE_LEVEL_ONLY_UNLESS_NODE_COLUMNS_EXPLICITLY_CERTIFIED	66	YES	PARAMETERIZED_FAMILY	parameterized_family	56	NO	35	7	YES	ckc:66	presentation_level_only_geometry_identity_unresolved	p3=46;p4_0=0;p4_1=0;p5_0=1;p5_1=0;p5_2=0;l3=0	NO	"[""A0"",""A1"",""A2"",""A3"",""A4""]"	PRODUCTION_ROOT_NOT_AVAILABLE	NO	eight_plane_equation_or_family_available
67	SOURCE_LEVEL_ONLY_UNLESS_NODE_COLUMNS_EXPLICITLY_CERTIFIED	67	YES	PARAMETERIZED_FAMILY	parameterized_family	60	NO	36	6	YES	ckc:67	presentation_level_only_geometry_identity_unresolved	p3=42;p4_0=1;p4_1=0;p5_0=1;p5_1=0;p5_2=0;l3=0	NO	"[""A0"",""A1"",""A2"",""A3"",""A4"",""A5""]"	PRODUCTION_ROOT_NOT_AVAILABLE	NO	eight_plane_equation_or_family_available
68	SOURCE_LEVEL_ONLY_UNLESS_NODE_COLUMNS_EXPLICITLY_CERTIFIED	68	YES	PARAMETERIZED_FAMILY	parameterized_family	64	NO	37	5	YES	ckc:68	presentation_level_only_geometry_identity_unresolved	p3=38;p4_0=2;p4_1=0;p5_0=1;p5_1=0;p5_2=0;l3=0	NO	"[""A0"",""A1"",""A2"",""A3""]"	PRODUCTION_ROOT_NOT_AVAILABLE	NO	eight_plane_equation_or_family_available
69	SOURCE_LEVEL_ONLY_UNLESS_NODE_COLUMNS_EXPLICITLY_CERTIFIED	69	YES	PRESENTATION	fixed_rational	68	NO	38	4	YES	ckc:69	presentation_level_only_geometry_identity_unresolved	p3=34;p4_0=3;p4_1=0;p5_0=1;p5_1=0;p5_2=0;l3=0	NO	[]	PRODUCTION_ROOT_NOT_AVAILABLE	YES	eight_plane_equation_or_family_available
70	SOURCE_LEVEL_ONLY_UNLESS_NODE_COLUMNS_EXPLICITLY_CERTIFIED	70	YES	PARAMETERIZED_FAMILY	parameterized_family	72	NO	39	3	YES	ckc:70	presentation_level_only_geometry_identity_unresolved	p3=30;p4_0=4;p4_1=0;p5_0=1;p5_1=0;p5_2=0;l3=0	NO	"[""A0"",""A1""]"	PRODUCTION_ROOT_NOT_AVAILABLE	NO	eight_plane_equation_or_family_available
71	SOURCE_LEVEL_ONLY_UNLESS_NODE_COLUMNS_EXPLICITLY_CERTIFIED	71	YES	PARAMETERIZED_FAMILY	parameterized_family	76	NO	40	2	YES	ckc:71	presentation_level_only_geometry_identity_unresolved	p3=26;p4_0=5;p4_1=0;p5_0=1;p5_1=0;p5_2=0;l3=0	NO	"[""A0"",""A1""]"	PRODUCTION_ROOT_NOT_AVAILABLE	NO	eight_plane_equation_or_family_available
72	SOURCE_LEVEL_ONLY_UNLESS_NODE_COLUMNS_EXPLICITLY_CERTIFIED	72	YES	PARAMETERIZED_FAMILY	parameterized_family	40	NO	29	9	YES	ckc:72	presentation_level_only_geometry_identity_unresolved	p3=56;p4_0=0;p4_1=0;p5_0=0;p5_1=0;p5_2=0;l3=0	NO	"[""A0"",""A1""]"	PRODUCTION_ROOT_NOT_AVAILABLE	NO	eight_plane_equation_or_family_available
73	SOURCE_LEVEL_ONLY_UNLESS_NODE_COLUMNS_EXPLICITLY_CERTIFIED	73	YES	PARAMETERIZED_FAMILY	parameterized_family	44	NO	30	8	YES	ckc:73	presentation_level_only_geometry_identity_unresolved	p3=52;p4_0=1;p4_1=0;p5_0=0;p5_1=0;p5_2=0;l3=0	NO	"[""A0"",""A1""]"	PRODUCTION_ROOT_NOT_AVAILABLE	NO	eight_plane_equation_or_family_available
74	SOURCE_LEVEL_ONLY_UNLESS_NODE_COLUMNS_EXPLICITLY_CERTIFIED	74	YES	PARAMETERIZED_FAMILY	parameterized_family	48	NO	31	7	YES	ckc:74	presentation_level_only_geometry_identity_unresolved	p3=48;p4_0=2;p4_1=0;p5_0=0;p5_1=0;p5_2=0;l3=0	NO	"[""A0"",""A1"",""A2""]"	PRODUCTION_ROOT_NOT_AVAILABLE	NO	eight_plane_equation_or_family_available
75	SOURCE_LEVEL_ONLY_UNLESS_NODE_COLUMNS_EXPLICITLY_CERTIFIED	75	YES	PARAMETERIZED_FAMILY	parameterized_family	52	NO	32	6	YES	ckc:75	presentation_level_only_geometry_identity_unresolved	p3=44;p4_0=3;p4_1=0;p5_0=0;p5_1=0;p5_2=0;l3=0	NO	"[""A0"",""A1"",""A2""]"	PRODUCTION_ROOT_NOT_AVAILABLE	NO	eight_plane_equation_or_family_available
76	SOURCE_LEVEL_ONLY_UNLESS_NODE_COLUMNS_EXPLICITLY_CERTIFIED	76	YES	PARAMETERIZED_FAMILY	parameterized_family	56	NO	33	5	YES	ckc:76	presentation_level_only_geometry_identity_unresolved	p3=40;p4_0=4;p4_1=0;p5_0=0;p5_1=0;p5_2=0;l3=0	NO	"[""A0"",""A1"",""A2""]"	PRODUCTION_ROOT_NOT_AVAILABLE	NO	eight_plane_equation_or_family_available
77	SOURCE_LEVEL_ONLY_UNLESS_NODE_COLUMNS_EXPLICITLY_CERTIFIED	77	YES	PARAMETERIZED_FAMILY	parameterized_family	60	NO	34	4	YES	ckc:77	presentation_level_only_geometry_identity_unresolved	p3=36;p4_0=5;p4_1=0;p5_0=0;p5_1=0;p5_2=0;l3=0	NO	"[""A0"",""A1"",""A2""]"	PRODUCTION_ROOT_NOT_AVAILABLE	NO	eight_plane_equation_or_family_available
78	SOURCE_LEVEL_ONLY_UNLESS_NODE_COLUMNS_EXPLICITLY_CERTIFIED	78	YES	PARAMETERIZED_FAMILY	parameterized_family	64	NO	35	3	YES	ckc:78	presentation_level_only_geometry_identity_unresolved	p3=32;p4_0=6;p4_1=0;p5_0=0;p5_1=0;p5_2=0;l3=0	NO	"[""A0"",""A1"",""A2""]"	PRODUCTION_ROOT_NOT_AVAILABLE	NO	eight_plane_equation_or_family_available
79	SOURCE_LEVEL_ONLY_UNLESS_NODE_COLUMNS_EXPLICITLY_CERTIFIED	79	YES	PARAMETERIZED_FAMILY	parameterized_family	64	NO	36	4	YES	ckc:79	presentation_level_only_geometry_identity_unresolved	p3=32;p4_0=6;p4_1=0;p5_0=0;p5_1=0;p5_2=0;l3=0	NO	"[""A0"",""A1"",""A2""]"	PRODUCTION_ROOT_NOT_AVAILABLE	NO	eight_plane_equation_or_family_available
80	SOURCE_LEVEL_ONLY_UNLESS_NODE_COLUMNS_EXPLICITLY_CERTIFIED	80	YES	PARAMETERIZED_FAMILY	parameterized_family	68	NO	37	3	YES	ckc:80	presentation_level_only_geometry_identity_unresolved	p3=28;p4_0=7;p4_1=0;p5_0=0;p5_1=0;p5_2=0;l3=0	NO	"[""A0"",""A1"",""A2"",""A3""]"	PRODUCTION_ROOT_NOT_AVAILABLE	NO	eight_plane_equation_or_family_available
81	SOURCE_LEVEL_ONLY_UNLESS_NODE_COLUMNS_EXPLICITLY_CERTIFIED	81	YES	PARAMETERIZED_FAMILY	parameterized_family	72	NO	38	2	YES	ckc:81	presentation_level_only_geometry_identity_unresolved	p3=24;p4_0=8;p4_1=0;p5_0=0;p5_1=0;p5_2=0;l3=0	NO	"[""A0"",""A1"",""A2"",""A3""]"	PRODUCTION_ROOT_NOT_AVAILABLE	NO	eight_plane_equation_or_family_available
82	SOURCE_LEVEL_ONLY_UNLESS_NODE_COLUMNS_EXPLICITLY_CERTIFIED	82	YES	PARAMETERIZED_FAMILY	parameterized_family	76	NO	39	1	YES	ckc:82	presentation_level_only_geometry_identity_unresolved	p3=20;p4_0=9;p4_1=0;p5_0=0;p5_1=0;p5_2=0;l3=0	YES	"[""A0"",""A1"",""A2"",""A3""]"	PRODUCTION_ROOT_NOT_AVAILABLE	NO	eight_plane_equation_or_family_available
83	SOURCE_LEVEL_ONLY_UNLESS_NODE_COLUMNS_EXPLICITLY_CERTIFIED	83	YES	PARAMETERIZED_FAMILY	parameterized_family	80	NO	41	1	YES	ckc:83	presentation_level_only_geometry_identity_unresolved	p3=16;p4_0=10;p4_1=0;p5_0=0;p5_1=0;p5_2=0;l3=0	NO	"[""A0"",""A1"",""A2"",""A3""]"	PRODUCTION_ROOT_NOT_AVAILABLE	NO	eight_plane_equation_or_family_available
84	SOURCE_LEVEL_ONLY_UNLESS_NODE_COLUMNS_EXPLICITLY_CERTIFIED	84	YES	PARAMETERIZED_FAMILY	parameterized_family	80	YES	40	0	YES	ckc:84	presentation_level_only_geometry_identity_unresolved	p3=16;p4_0=10;p4_1=0;p5_0=0;p5_1=0;p5_2=0;l3=0	YES	"[""A0"",""A1"",""A2"",""A3""]"	PRODUCTION_ROOT_NOT_AVAILABLE	YES	eight_plane_equation_or_family_available
85	SOURCE_LEVEL_ONLY_UNLESS_NODE_COLUMNS_EXPLICITLY_CERTIFIED	85	YES	PARAMETERIZED_FAMILY	parameterized_family	88	NO	44	0	YES	ckc:85	presentation_level_only_geometry_identity_unresolved	p3=8;p4_0=12;p4_1=0;p5_0=0;p5_1=0;p5_2=0;l3=0	YES	"[""A0"",""A1"",""A2"",""A3"",""A4""]"	PRODUCTION_ROOT_NOT_AVAILABLE	NO	eight_plane_equation_or_family_available
86	SOURCE_LEVEL_ONLY_UNLESS_NODE_COLUMNS_EXPLICITLY_CERTIFIED		NO	PARAMETERIZED_FAMILY	parameterized_family		NO			NO	ckc:86	presentation_level_only_geometry_identity_unresolved		NO	"[""A0"",""A1"",""A2"",""A3"",""A4""]"	PRODUCTION_ROOT_NOT_AVAILABLE	NO	eight_plane_equation_or_family_available
87	SOURCE_LEVEL_ONLY_UNLESS_NODE_COLUMNS_EXPLICITLY_CERTIFIED		NO	PARAMETERIZED_FAMILY	parameterized_family		NO			NO	ckc:87	presentation_level_only_geometry_identity_unresolved		NO	"[""A0"",""A1"",""A2"",""A3"",""A4""]"	PRODUCTION_ROOT_NOT_AVAILABLE	NO	eight_plane_equation_or_family_available
88	SOURCE_LEVEL_ONLY_UNLESS_NODE_COLUMNS_EXPLICITLY_CERTIFIED		NO	PARAMETERIZED_FAMILY	parameterized_family		NO			NO	ckc:88	presentation_level_only_geometry_identity_unresolved		NO	"[""A0"",""A1"",""A2"",""A3"",""A4"",""A5""]"	PRODUCTION_ROOT_NOT_AVAILABLE	NO	eight_plane_equation_or_family_available
89	SOURCE_LEVEL_ONLY_UNLESS_NODE_COLUMNS_EXPLICITLY_CERTIFIED		NO	PARAMETERIZED_FAMILY	parameterized_family		NO			NO	ckc:89	presentation_level_only_geometry_identity_unresolved		NO	"[""A0"",""A1"",""A2""]"	PRODUCTION_ROOT_NOT_AVAILABLE	NO	eight_plane_equation_or_family_available
90	SOURCE_LEVEL_ONLY_UNLESS_NODE_COLUMNS_EXPLICITLY_CERTIFIED		NO	PARAMETERIZED_FAMILY	parameterized_family		NO			NO	ckc:90	presentation_level_only_geometry_identity_unresolved		NO	"[""A0"",""A1"",""A2"",""A3""]"	PRODUCTION_ROOT_NOT_AVAILABLE	NO	eight_plane_equation_or_family_available
91	SOURCE_LEVEL_ONLY_UNLESS_NODE_COLUMNS_EXPLICITLY_CERTIFIED		NO	PARAMETERIZED_FAMILY	parameterized_family		NO			NO	ckc:91	presentation_level_only_geometry_identity_unresolved		NO	"[""A0"",""A1"",""A2"",""A3"",""A4""]"	PRODUCTION_ROOT_NOT_AVAILABLE	NO	eight_plane_equation_or_family_available
92	SOURCE_LEVEL_ONLY_UNLESS_NODE_COLUMNS_EXPLICITLY_CERTIFIED		NO	PARAMETERIZED_FAMILY	parameterized_family		NO			NO	ckc:92	presentation_level_only_geometry_identity_unresolved		NO	"[""A0"",""A1"",""A2"",""A3"",""A4""]"	PRODUCTION_ROOT_NOT_AVAILABLE	NO	eight_plane_equation_or_family_available
93	SOURCE_LEVEL_ONLY_UNLESS_NODE_COLUMNS_EXPLICITLY_CERTIFIED		NO	PRESENTATION	fixed_rational		NO			NO	ckc:93	presentation_level_only_geometry_identity_unresolved		NO	[]	PRODUCTION_ROOT_NOT_AVAILABLE	YES	eight_plane_equation_or_family_available
94	SOURCE_LEVEL_ONLY_UNLESS_NODE_COLUMNS_EXPLICITLY_CERTIFIED		NO	PARAMETERIZED_FAMILY	parameterized_family		NO			NO	ckc:94	presentation_level_only_geometry_identity_unresolved		NO	"[""A0"",""A1""]"	PRODUCTION_ROOT_NOT_AVAILABLE	NO	eight_plane_equation_or_family_available
95	SOURCE_LEVEL_ONLY_UNLESS_NODE_COLUMNS_EXPLICITLY_CERTIFIED		NO	PARAMETERIZED_FAMILY	parameterized_family		NO			NO	ckc:95	presentation_level_only_geometry_identity_unresolved		NO	"[""A0"",""A1""]"	PRODUCTION_ROOT_NOT_AVAILABLE	NO	eight_plane_equation_or_family_available
96	SOURCE_LEVEL_ONLY_UNLESS_NODE_COLUMNS_EXPLICITLY_CERTIFIED		NO	PARAMETERIZED_FAMILY	parameterized_family		NO			NO	ckc:96	presentation_level_only_geometry_identity_unresolved		NO	"[""A0"",""A1""]"	PRODUCTION_ROOT_NOT_AVAILABLE	NO	eight_plane_equation_or_family_available
97	SOURCE_LEVEL_ONLY_UNLESS_NODE_COLUMNS_EXPLICITLY_CERTIFIED		NO	PARAMETERIZED_FAMILY	parameterized_family		NO			NO	ckc:97	presentation_level_only_geometry_identity_unresolved		NO	"[""A0"",""A1""]"	PRODUCTION_ROOT_NOT_AVAILABLE	NO	eight_plane_equation_or_family_available
98	SOURCE_LEVEL_ONLY_UNLESS_NODE_COLUMNS_EXPLICITLY_CERTIFIED		NO	PARAMETERIZED_FAMILY	parameterized_family		NO			NO	ckc:98	presentation_level_only_geometry_identity_unresolved		NO	"[""A0"",""A1""]"	PRODUCTION_ROOT_NOT_AVAILABLE	NO	eight_plane_equation_or_family_available
99	SOURCE_LEVEL_ONLY_UNLESS_NODE_COLUMNS_EXPLICITLY_CERTIFIED		NO	PARAMETERIZED_FAMILY	parameterized_family		NO			NO	ckc:99	presentation_level_only_geometry_identity_unresolved		NO	"[""A0"",""A1""]"	PRODUCTION_ROOT_NOT_AVAILABLE	NO	eight_plane_equation_or_family_available
100	SOURCE_LEVEL_ONLY_UNLESS_NODE_COLUMNS_EXPLICITLY_CERTIFIED		NO	PARAMETERIZED_FAMILY	parameterized_family		NO			NO	ckc:100	presentation_level_only_geometry_identity_unresolved		NO	"[""A0"",""A1""]"	PRODUCTION_ROOT_NOT_AVAILABLE	NO	eight_plane_equation_or_family_available
101	SOURCE_LEVEL_ONLY_UNLESS_NODE_COLUMNS_EXPLICITLY_CERTIFIED		NO	PARAMETERIZED_FAMILY	parameterized_family		NO			NO	ckc:101	presentation_level_only_geometry_identity_unresolved		NO	"[""A0"",""A1"",""A2""]"	PRODUCTION_ROOT_NOT_AVAILABLE	NO	eight_plane_equation_or_family_available
102	SOURCE_LEVEL_ONLY_UNLESS_NODE_COLUMNS_EXPLICITLY_CERTIFIED		NO	PARAMETERIZED_FAMILY	parameterized_family		NO			NO	ckc:102	presentation_level_only_geometry_identity_unresolved		NO	"[""A0"",""A1"",""A2""]"	PRODUCTION_ROOT_NOT_AVAILABLE	NO	eight_plane_equation_or_family_available
103	SOURCE_LEVEL_ONLY_UNLESS_NODE_COLUMNS_EXPLICITLY_CERTIFIED		NO	PARAMETERIZED_FAMILY	parameterized_family		NO			NO	ckc:103	presentation_level_only_geometry_identity_unresolved		NO	"[""A0"",""A1"",""A2""]"	PRODUCTION_ROOT_NOT_AVAILABLE	NO	eight_plane_equation_or_family_available
104	SOURCE_LEVEL_ONLY_UNLESS_NODE_COLUMNS_EXPLICITLY_CERTIFIED		NO	PARAMETERIZED_FAMILY	parameterized_family		NO			NO	ckc:104	presentation_level_only_geometry_identity_unresolved		NO	"[""A0"",""A1"",""A2""]"	PRODUCTION_ROOT_NOT_AVAILABLE	NO	eight_plane_equation_or_family_available
105	SOURCE_LEVEL_ONLY_UNLESS_NODE_COLUMNS_EXPLICITLY_CERTIFIED		NO	PARAMETERIZED_FAMILY	parameterized_family		NO			NO	ckc:105	presentation_level_only_geometry_identity_unresolved		NO	"[""A0"",""A1"",""A2""]"	PRODUCTION_ROOT_NOT_AVAILABLE	NO	eight_plane_equation_or_family_available
106	SOURCE_LEVEL_ONLY_UNLESS_NODE_COLUMNS_EXPLICITLY_CERTIFIED		NO	PARAMETERIZED_FAMILY	parameterized_family		NO			NO	ckc:106	presentation_level_only_geometry_identity_unresolved		NO	"[""A0"",""A1"",""A2""]"	PRODUCTION_ROOT_NOT_AVAILABLE	NO	eight_plane_equation_or_family_available
107	SOURCE_LEVEL_ONLY_UNLESS_NODE_COLUMNS_EXPLICITLY_CERTIFIED		NO	PARAMETERIZED_FAMILY	parameterized_family		NO			NO	ckc:107	presentation_level_only_geometry_identity_unresolved		NO	"[""A0"",""A1"",""A2""]"	PRODUCTION_ROOT_NOT_AVAILABLE	NO	eight_plane_equation_or_family_available
108	SOURCE_LEVEL_ONLY_UNLESS_NODE_COLUMNS_EXPLICITLY_CERTIFIED		NO	PARAMETERIZED_FAMILY	parameterized_family		NO			NO	ckc:108	presentation_level_only_geometry_identity_unresolved		NO	"[""A0"",""A1"",""A2""]"	PRODUCTION_ROOT_NOT_AVAILABLE	NO	eight_plane_equation_or_family_available
109	SOURCE_LEVEL_ONLY_UNLESS_NODE_COLUMNS_EXPLICITLY_CERTIFIED		NO	PARAMETERIZED_FAMILY	parameterized_family		NO			NO	ckc:109	presentation_level_only_geometry_identity_unresolved		NO	"[""A0"",""A1"",""A2""]"	PRODUCTION_ROOT_NOT_AVAILABLE	NO	eight_plane_equation_or_family_available
110	SOURCE_LEVEL_ONLY_UNLESS_NODE_COLUMNS_EXPLICITLY_CERTIFIED		NO	PARAMETERIZED_FAMILY	parameterized_family		NO			NO	ckc:110	presentation_level_only_geometry_identity_unresolved		NO	"[""A0"",""A1"",""A2""]"	PRODUCTION_ROOT_NOT_AVAILABLE	NO	eight_plane_equation_or_family_available
111	SOURCE_LEVEL_ONLY_UNLESS_NODE_COLUMNS_EXPLICITLY_CERTIFIED		NO	PARAMETERIZED_FAMILY	parameterized_family		NO			NO	ckc:111	presentation_level_only_geometry_identity_unresolved		NO	"[""A0"",""A1"",""A2""]"	PRODUCTION_ROOT_NOT_AVAILABLE	NO	eight_plane_equation_or_family_available
112	SOURCE_LEVEL_ONLY_UNLESS_NODE_COLUMNS_EXPLICITLY_CERTIFIED		NO	PARAMETERIZED_FAMILY	parameterized_family		NO			NO	ckc:112	presentation_level_only_geometry_identity_unresolved		NO	"[""A0"",""A1"",""A2""]"	PRODUCTION_ROOT_NOT_AVAILABLE	NO	eight_plane_equation_or_family_available
113	SOURCE_LEVEL_ONLY_UNLESS_NODE_COLUMNS_EXPLICITLY_CERTIFIED		NO	PARAMETERIZED_FAMILY	parameterized_family		NO			NO	ckc:113	presentation_level_only_geometry_identity_unresolved		NO	"[""A0"",""A1"",""A2""]"	PRODUCTION_ROOT_NOT_AVAILABLE	NO	eight_plane_equation_or_family_available
114	SOURCE_LEVEL_ONLY_UNLESS_NODE_COLUMNS_EXPLICITLY_CERTIFIED		NO	PARAMETERIZED_FAMILY	parameterized_family		NO			NO	ckc:114	presentation_level_only_geometry_identity_unresolved		NO	"[""A0"",""A1"",""A2""]"	PRODUCTION_ROOT_NOT_AVAILABLE	NO	eight_plane_equation_or_family_available
115	SOURCE_LEVEL_ONLY_UNLESS_NODE_COLUMNS_EXPLICITLY_CERTIFIED		NO	PARAMETERIZED_FAMILY	parameterized_family		NO			NO	ckc:115	presentation_level_only_geometry_identity_unresolved		NO	"[""A0"",""A1"",""A2""]"	PRODUCTION_ROOT_NOT_AVAILABLE	NO	eight_plane_equation_or_family_available
116	SOURCE_LEVEL_ONLY_UNLESS_NODE_COLUMNS_EXPLICITLY_CERTIFIED		NO	PARAMETERIZED_FAMILY	parameterized_family		NO			NO	ckc:116	presentation_level_only_geometry_identity_unresolved		NO	"[""A0"",""A1"",""A2"",""A3""]"	PRODUCTION_ROOT_NOT_AVAILABLE	NO	eight_plane_equation_or_family_available
117	SOURCE_LEVEL_ONLY_UNLESS_NODE_COLUMNS_EXPLICITLY_CERTIFIED		NO	PARAMETERIZED_FAMILY	parameterized_family		NO			NO	ckc:117	presentation_level_only_geometry_identity_unresolved		NO	"[""A0"",""A1"",""A2"",""A3""]"	PRODUCTION_ROOT_NOT_AVAILABLE	NO	eight_plane_equation_or_family_available
118	SOURCE_LEVEL_ONLY_UNLESS_NODE_COLUMNS_EXPLICITLY_CERTIFIED		NO	PARAMETERIZED_FAMILY	parameterized_family		NO			NO	ckc:118	presentation_level_only_geometry_identity_unresolved		NO	"[""A0"",""A1"",""A2"",""A3""]"	PRODUCTION_ROOT_NOT_AVAILABLE	NO	eight_plane_equation_or_family_available
119	SOURCE_LEVEL_ONLY_UNLESS_NODE_COLUMNS_EXPLICITLY_CERTIFIED		NO	PARAMETERIZED_FAMILY	parameterized_family		NO			NO	ckc:119	presentation_level_only_geometry_identity_unresolved		NO	"[""A0"",""A1"",""A2"",""A3""]"	PRODUCTION_ROOT_NOT_AVAILABLE	NO	eight_plane_equation_or_family_available
120	SOURCE_LEVEL_ONLY_UNLESS_NODE_COLUMNS_EXPLICITLY_CERTIFIED		NO	PARAMETERIZED_FAMILY	parameterized_family		NO			NO	ckc:120	presentation_level_only_geometry_identity_unresolved		NO	"[""A0"",""A1"",""A2"",""A3""]"	PRODUCTION_ROOT_NOT_AVAILABLE	NO	eight_plane_equation_or_family_available
121	SOURCE_LEVEL_ONLY_UNLESS_NODE_COLUMNS_EXPLICITLY_CERTIFIED		NO	PARAMETERIZED_FAMILY	parameterized_family		NO			NO	ckc:121	presentation_level_only_geometry_identity_unresolved		NO	"[""A0"",""A1"",""A2"",""A3""]"	PRODUCTION_ROOT_NOT_AVAILABLE	NO	eight_plane_equation_or_family_available
122	SOURCE_LEVEL_ONLY_UNLESS_NODE_COLUMNS_EXPLICITLY_CERTIFIED		NO	PARAMETERIZED_FAMILY	parameterized_family		NO			NO	ckc:122	presentation_level_only_geometry_identity_unresolved		NO	"[""A0"",""A1"",""A2"",""A3""]"	PRODUCTION_ROOT_NOT_AVAILABLE	NO	eight_plane_equation_or_family_available
123	SOURCE_LEVEL_ONLY_UNLESS_NODE_COLUMNS_EXPLICITLY_CERTIFIED		NO	PARAMETERIZED_FAMILY	parameterized_family		NO			NO	ckc:123	presentation_level_only_geometry_identity_unresolved		NO	"[""A0"",""A1"",""A2"",""A3""]"	PRODUCTION_ROOT_NOT_AVAILABLE	NO	eight_plane_equation_or_family_available
124	SOURCE_LEVEL_ONLY_UNLESS_NODE_COLUMNS_EXPLICITLY_CERTIFIED		NO	PARAMETERIZED_FAMILY	parameterized_family		NO			NO	ckc:124	presentation_level_only_geometry_identity_unresolved		NO	"[""A0"",""A1"",""A2"",""A3""]"	PRODUCTION_ROOT_NOT_AVAILABLE	NO	eight_plane_equation_or_family_available
125	SOURCE_LEVEL_ONLY_UNLESS_NODE_COLUMNS_EXPLICITLY_CERTIFIED		NO	PARAMETERIZED_FAMILY	parameterized_family		NO			NO	ckc:125	presentation_level_only_geometry_identity_unresolved		NO	"[""A0"",""A1"",""A2"",""A3""]"	PRODUCTION_ROOT_NOT_AVAILABLE	NO	eight_plane_equation_or_family_available
126	SOURCE_LEVEL_ONLY_UNLESS_NODE_COLUMNS_EXPLICITLY_CERTIFIED		NO	PARAMETERIZED_FAMILY	parameterized_family		NO			NO	ckc:126	presentation_level_only_geometry_identity_unresolved		NO	"[""A0"",""A1"",""A2"",""A3""]"	PRODUCTION_ROOT_NOT_AVAILABLE	NO	eight_plane_equation_or_family_available
127	SOURCE_LEVEL_ONLY_UNLESS_NODE_COLUMNS_EXPLICITLY_CERTIFIED		NO	PARAMETERIZED_FAMILY	parameterized_family		NO			NO	ckc:127	presentation_level_only_geometry_identity_unresolved		NO	"[""A0"",""A1"",""A2"",""A3"",""A20"",""A22"",""A23""]"	PRODUCTION_ROOT_NOT_AVAILABLE	NO	eight_plane_equation_or_family_available
128	SOURCE_LEVEL_ONLY_UNLESS_NODE_COLUMNS_EXPLICITLY_CERTIFIED		NO	PARAMETERIZED_FAMILY	parameterized_family		NO			NO	ckc:128	presentation_level_only_geometry_identity_unresolved		NO	"[""A0"",""A1"",""A2"",""A3""]"	PRODUCTION_ROOT_NOT_AVAILABLE	NO	eight_plane_equation_or_family_available
129	SOURCE_LEVEL_ONLY_UNLESS_NODE_COLUMNS_EXPLICITLY_CERTIFIED		NO	PARAMETERIZED_FAMILY	parameterized_family		NO			NO	ckc:129	presentation_level_only_geometry_identity_unresolved		NO	"[""A0"",""A1"",""A2"",""A3""]"	PRODUCTION_ROOT_NOT_AVAILABLE	NO	eight_plane_equation_or_family_available
130	SOURCE_LEVEL_ONLY_UNLESS_NODE_COLUMNS_EXPLICITLY_CERTIFIED		NO	PARAMETERIZED_FAMILY	parameterized_family		NO			NO	ckc:130	presentation_level_only_geometry_identity_unresolved		NO	"[""A0"",""A1"",""A2"",""A3""]"	PRODUCTION_ROOT_NOT_AVAILABLE	NO	eight_plane_equation_or_family_available
131	SOURCE_LEVEL_ONLY_UNLESS_NODE_COLUMNS_EXPLICITLY_CERTIFIED		NO	PARAMETERIZED_FAMILY	parameterized_family		NO			NO	ckc:131	presentation_level_only_geometry_identity_unresolved		NO	"[""A0"",""A1"",""A2"",""A3"",""A4""]"	PRODUCTION_ROOT_NOT_AVAILABLE	NO	eight_plane_equation_or_family_available
132	SOURCE_LEVEL_ONLY_UNLESS_NODE_COLUMNS_EXPLICITLY_CERTIFIED		NO	PARAMETERIZED_FAMILY	parameterized_family		NO			NO	ckc:132	presentation_level_only_geometry_identity_unresolved		NO	"[""A0"",""A1"",""A2"",""A3"",""A4""]"	PRODUCTION_ROOT_NOT_AVAILABLE	NO	eight_plane_equation_or_family_available
133	SOURCE_LEVEL_ONLY_UNLESS_NODE_COLUMNS_EXPLICITLY_CERTIFIED		NO	PARAMETERIZED_FAMILY	parameterized_family		NO			NO	ckc:133	presentation_level_only_geometry_identity_unresolved		NO	"[""A0"",""A1"",""A2"",""A3"",""A4""]"	PRODUCTION_ROOT_NOT_AVAILABLE	NO	eight_plane_equation_or_family_available
134	SOURCE_LEVEL_ONLY_UNLESS_NODE_COLUMNS_EXPLICITLY_CERTIFIED		NO	PARAMETERIZED_FAMILY	parameterized_family		NO			NO	ckc:134	presentation_level_only_geometry_identity_unresolved		NO	"[""A0"",""A1"",""A2"",""A3"",""A4""]"	PRODUCTION_ROOT_NOT_AVAILABLE	NO	eight_plane_equation_or_family_available
135	SOURCE_LEVEL_ONLY_UNLESS_NODE_COLUMNS_EXPLICITLY_CERTIFIED		NO	PARAMETERIZED_FAMILY	parameterized_family		NO			NO	ckc:135	presentation_level_only_geometry_identity_unresolved		NO	"[""A0"",""A1"",""A2"",""A3"",""A4""]"	PRODUCTION_ROOT_NOT_AVAILABLE	NO	eight_plane_equation_or_family_available
136	SOURCE_LEVEL_ONLY_UNLESS_NODE_COLUMNS_EXPLICITLY_CERTIFIED		NO	PARAMETERIZED_FAMILY	parameterized_family		NO			NO	ckc:136	presentation_level_only_geometry_identity_unresolved		NO	"[""A0"",""A1"",""A2"",""A3"",""A4""]"	PRODUCTION_ROOT_NOT_AVAILABLE	NO	eight_plane_equation_or_family_available
137	SOURCE_LEVEL_ONLY_UNLESS_NODE_COLUMNS_EXPLICITLY_CERTIFIED		NO	PARAMETERIZED_FAMILY	parameterized_family		NO			NO	ckc:137	presentation_level_only_geometry_identity_unresolved		NO	"[""A0"",""A1"",""A2"",""A3"",""A4""]"	PRODUCTION_ROOT_NOT_AVAILABLE	NO	eight_plane_equation_or_family_available
138	SOURCE_LEVEL_ONLY_UNLESS_NODE_COLUMNS_EXPLICITLY_CERTIFIED		NO	PARAMETERIZED_FAMILY	parameterized_family		NO			NO	ckc:138	presentation_level_only_geometry_identity_unresolved		NO	"[""A0"",""A1"",""A2"",""A3"",""A4""]"	PRODUCTION_ROOT_NOT_AVAILABLE	NO	eight_plane_equation_or_family_available
139	SOURCE_LEVEL_ONLY_UNLESS_NODE_COLUMNS_EXPLICITLY_CERTIFIED		NO	PARAMETERIZED_FAMILY	parameterized_family		NO			NO	ckc:139	presentation_level_only_geometry_identity_unresolved		NO	"[""A0"",""A1"",""A2"",""A3"",""A4"",""A5""]"	PRODUCTION_ROOT_NOT_AVAILABLE	NO	eight_plane_equation_or_family_available
140	SOURCE_LEVEL_ONLY_UNLESS_NODE_COLUMNS_EXPLICITLY_CERTIFIED		NO	PARAMETERIZED_FAMILY	parameterized_family		NO			NO	ckc:140	presentation_level_only_geometry_identity_unresolved		NO	"[""A0"",""A1"",""A2"",""A3"",""A4"",""A5""]"	PRODUCTION_ROOT_NOT_AVAILABLE	NO	eight_plane_equation_or_family_available
141	SOURCE_LEVEL_ONLY_UNLESS_NODE_COLUMNS_EXPLICITLY_CERTIFIED		NO	PARAMETERIZED_FAMILY	parameterized_family		NO			NO	ckc:141	presentation_level_only_geometry_identity_unresolved		NO	"[""A0"",""A1"",""A2"",""A3"",""A4"",""A5""]"	PRODUCTION_ROOT_NOT_AVAILABLE	NO	eight_plane_equation_or_family_available
142	SOURCE_LEVEL_ONLY_UNLESS_NODE_COLUMNS_EXPLICITLY_CERTIFIED		NO	PARAMETERIZED_FAMILY	parameterized_family		NO			NO	ckc:142	presentation_level_only_geometry_identity_unresolved		NO	"[""A0"",""A1"",""A2"",""A3"",""A4"",""A5""]"	PRODUCTION_ROOT_NOT_AVAILABLE	NO	eight_plane_equation_or_family_available
143	SOURCE_LEVEL_ONLY_UNLESS_NODE_COLUMNS_EXPLICITLY_CERTIFIED		NO	PARAMETERIZED_FAMILY	parameterized_family		NO			NO	ckc:143	presentation_level_only_geometry_identity_unresolved		NO	"[""A0"",""A1"",""A2"",""A3"",""A4"",""A5"",""A6""]"	PRODUCTION_ROOT_NOT_AVAILABLE	NO	eight_plane_equation_or_family_available
144	SOURCE_LEVEL_ONLY_UNLESS_NODE_COLUMNS_EXPLICITLY_CERTIFIED		NO	PARAMETERIZED_FAMILY	parameterized_family		NO			NO	ckc:144	presentation_level_only_geometry_identity_unresolved		NO	"[""A0"",""A1""]"	PRODUCTION_ROOT_NOT_AVAILABLE	NO	eight_plane_equation_or_family_available
145	SOURCE_LEVEL_ONLY_UNLESS_NODE_COLUMNS_EXPLICITLY_CERTIFIED		NO	PARAMETERIZED_FAMILY	parameterized_family		NO			NO	ckc:145	presentation_level_only_geometry_identity_unresolved		NO	"[""A0"",""A1"",""A2""]"	PRODUCTION_ROOT_NOT_AVAILABLE	NO	eight_plane_equation_or_family_available
146	SOURCE_LEVEL_ONLY_UNLESS_NODE_COLUMNS_EXPLICITLY_CERTIFIED		NO	PARAMETERIZED_FAMILY	parameterized_family		NO			NO	ckc:146	presentation_level_only_geometry_identity_unresolved		NO	"[""A0"",""A1"",""A2"",""A3""]"	PRODUCTION_ROOT_NOT_AVAILABLE	NO	eight_plane_equation_or_family_available
147	SOURCE_LEVEL_ONLY_UNLESS_NODE_COLUMNS_EXPLICITLY_CERTIFIED		NO	PARAMETERIZED_FAMILY	parameterized_family		NO			NO	ckc:147	presentation_level_only_geometry_identity_unresolved		NO	"[""A0"",""A1"",""A2"",""A3""]"	PRODUCTION_ROOT_NOT_AVAILABLE	NO	eight_plane_equation_or_family_available
148	SOURCE_LEVEL_ONLY_UNLESS_NODE_COLUMNS_EXPLICITLY_CERTIFIED		NO	PARAMETERIZED_FAMILY	parameterized_family		NO			NO	ckc:148	presentation_level_only_geometry_identity_unresolved		NO	"[""A0"",""A1"",""A2"",""A3""]"	PRODUCTION_ROOT_NOT_AVAILABLE	NO	eight_plane_equation_or_family_available
149	SOURCE_LEVEL_ONLY_UNLESS_NODE_COLUMNS_EXPLICITLY_CERTIFIED		NO	PARAMETERIZED_FAMILY	parameterized_family		NO			NO	ckc:149	presentation_level_only_geometry_identity_unresolved		NO	"[""A0"",""A1"",""A2"",""A3"",""A4""]"	PRODUCTION_ROOT_NOT_AVAILABLE	NO	eight_plane_equation_or_family_available
150	SOURCE_LEVEL_ONLY_UNLESS_NODE_COLUMNS_EXPLICITLY_CERTIFIED		NO	PARAMETERIZED_FAMILY	parameterized_family		NO			NO	ckc:150	presentation_level_only_geometry_identity_unresolved		NO	"[""A0"",""A1"",""A2"",""A3"",""A4"",""A5""]"	PRODUCTION_ROOT_NOT_AVAILABLE	NO	eight_plane_equation_or_family_available
151	SOURCE_LEVEL_ONLY_UNLESS_NODE_COLUMNS_EXPLICITLY_CERTIFIED		NO	PARAMETERIZED_FAMILY	parameterized_family		NO			NO	ckc:151	presentation_level_only_geometry_identity_unresolved		NO	"[""A0"",""A1"",""A2"",""A3"",""A4"",""A5""]"	PRODUCTION_ROOT_NOT_AVAILABLE	NO	eight_plane_equation_or_family_available
152	SOURCE_LEVEL_ONLY_UNLESS_NODE_COLUMNS_EXPLICITLY_CERTIFIED		NO	PARAMETERIZED_FAMILY	parameterized_family		NO			NO	ckc:152	presentation_level_only_geometry_identity_unresolved		NO	"[""A0"",""A1""]"	PRODUCTION_ROOT_NOT_AVAILABLE	NO	eight_plane_equation_or_family_available
153	SOURCE_LEVEL_ONLY_UNLESS_NODE_COLUMNS_EXPLICITLY_CERTIFIED		NO	PARAMETERIZED_FAMILY	parameterized_family		NO			NO	ckc:153	presentation_level_only_geometry_identity_unresolved		NO	"[""A0"",""A1""]"	PRODUCTION_ROOT_NOT_AVAILABLE	NO	eight_plane_equation_or_family_available
154	SOURCE_LEVEL_ONLY_UNLESS_NODE_COLUMNS_EXPLICITLY_CERTIFIED		NO	PARAMETERIZED_FAMILY	parameterized_family		NO			NO	ckc:154	presentation_level_only_geometry_identity_unresolved		NO	"[""A0"",""A1""]"	PRODUCTION_ROOT_NOT_AVAILABLE	NO	eight_plane_equation_or_family_available
155	SOURCE_LEVEL_ONLY_UNLESS_NODE_COLUMNS_EXPLICITLY_CERTIFIED		NO	PARAMETERIZED_FAMILY	parameterized_family		NO			NO	ckc:155	presentation_level_only_geometry_identity_unresolved		NO	"[""A0"",""A1"",""A20"",""A21""]"	PRODUCTION_ROOT_NOT_AVAILABLE	NO	eight_plane_equation_or_family_available
156	SOURCE_LEVEL_ONLY_UNLESS_NODE_COLUMNS_EXPLICITLY_CERTIFIED		NO	PARAMETERIZED_FAMILY	parameterized_family		NO			NO	ckc:156	presentation_level_only_geometry_identity_unresolved		NO	"[""A0"",""A1"",""A2""]"	PRODUCTION_ROOT_NOT_AVAILABLE	NO	eight_plane_equation_or_family_available
157	SOURCE_LEVEL_ONLY_UNLESS_NODE_COLUMNS_EXPLICITLY_CERTIFIED		NO	PARAMETERIZED_FAMILY	parameterized_family		NO			NO	ckc:157	presentation_level_only_geometry_identity_unresolved		NO	"[""A0"",""A1"",""A2""]"	PRODUCTION_ROOT_NOT_AVAILABLE	NO	eight_plane_equation_or_family_available
158	SOURCE_LEVEL_ONLY_UNLESS_NODE_COLUMNS_EXPLICITLY_CERTIFIED		NO	PARAMETERIZED_FAMILY	parameterized_family		NO			NO	ckc:158	presentation_level_only_geometry_identity_unresolved		NO	"[""A0"",""A1"",""A2""]"	PRODUCTION_ROOT_NOT_AVAILABLE	NO	eight_plane_equation_or_family_available
159	SOURCE_LEVEL_ONLY_UNLESS_NODE_COLUMNS_EXPLICITLY_CERTIFIED		NO	PARAMETERIZED_FAMILY	parameterized_family		NO			NO	ckc:159	presentation_level_only_geometry_identity_unresolved		NO	"[""A0"",""A1"",""A2""]"	PRODUCTION_ROOT_NOT_AVAILABLE	NO	eight_plane_equation_or_family_available
160	SOURCE_LEVEL_ONLY_UNLESS_NODE_COLUMNS_EXPLICITLY_CERTIFIED		NO	PARAMETERIZED_FAMILY	parameterized_family		NO			NO	ckc:160	presentation_level_only_geometry_identity_unresolved		NO	"[""A0"",""A1"",""A2""]"	PRODUCTION_ROOT_NOT_AVAILABLE	NO	eight_plane_equation_or_family_available
161	SOURCE_LEVEL_ONLY_UNLESS_NODE_COLUMNS_EXPLICITLY_CERTIFIED		NO	PARAMETERIZED_FAMILY	parameterized_family		NO			NO	ckc:161	presentation_level_only_geometry_identity_unresolved		NO	"[""A0"",""A1"",""A2""]"	PRODUCTION_ROOT_NOT_AVAILABLE	NO	eight_plane_equation_or_family_available
162	SOURCE_LEVEL_ONLY_UNLESS_NODE_COLUMNS_EXPLICITLY_CERTIFIED		NO	PARAMETERIZED_FAMILY	parameterized_family		NO			NO	ckc:162	presentation_level_only_geometry_identity_unresolved		NO	"[""A0"",""A1"",""A2""]"	PRODUCTION_ROOT_NOT_AVAILABLE	NO	eight_plane_equation_or_family_available
163	SOURCE_LEVEL_ONLY_UNLESS_NODE_COLUMNS_EXPLICITLY_CERTIFIED		NO	PARAMETERIZED_FAMILY	parameterized_family		NO			NO	ckc:163	presentation_level_only_geometry_identity_unresolved		NO	"[""A0"",""A1"",""A2""]"	PRODUCTION_ROOT_NOT_AVAILABLE	NO	eight_plane_equation_or_family_available
164	SOURCE_LEVEL_ONLY_UNLESS_NODE_COLUMNS_EXPLICITLY_CERTIFIED		NO	PARAMETERIZED_FAMILY	parameterized_family		NO			NO	ckc:164	presentation_level_only_geometry_identity_unresolved		NO	"[""A0"",""A1"",""A2""]"	PRODUCTION_ROOT_NOT_AVAILABLE	NO	eight_plane_equation_or_family_available
165	SOURCE_LEVEL_ONLY_UNLESS_NODE_COLUMNS_EXPLICITLY_CERTIFIED		NO	PARAMETERIZED_FAMILY	parameterized_family		NO			NO	ckc:165	presentation_level_only_geometry_identity_unresolved		NO	"[""A0"",""A1"",""A2"",""A3""]"	PRODUCTION_ROOT_NOT_AVAILABLE	NO	eight_plane_equation_or_family_available
166	SOURCE_LEVEL_ONLY_UNLESS_NODE_COLUMNS_EXPLICITLY_CERTIFIED		NO	PARAMETERIZED_FAMILY	parameterized_family		NO			NO	ckc:166	presentation_level_only_geometry_identity_unresolved		NO	"[""A0"",""A1"",""A2"",""A3""]"	PRODUCTION_ROOT_NOT_AVAILABLE	NO	eight_plane_equation_or_family_available
167	SOURCE_LEVEL_ONLY_UNLESS_NODE_COLUMNS_EXPLICITLY_CERTIFIED		NO	PARAMETERIZED_FAMILY	parameterized_family		NO			NO	ckc:167	presentation_level_only_geometry_identity_unresolved		NO	"[""A0"",""A1"",""A2"",""A3""]"	PRODUCTION_ROOT_NOT_AVAILABLE	NO	eight_plane_equation_or_family_available
168	SOURCE_LEVEL_ONLY_UNLESS_NODE_COLUMNS_EXPLICITLY_CERTIFIED		NO	PARAMETERIZED_FAMILY	parameterized_family		NO			NO	ckc:168	presentation_level_only_geometry_identity_unresolved		NO	"[""A0"",""A1"",""A2"",""A3""]"	PRODUCTION_ROOT_NOT_AVAILABLE	NO	eight_plane_equation_or_family_available
169	SOURCE_LEVEL_ONLY_UNLESS_NODE_COLUMNS_EXPLICITLY_CERTIFIED		NO	PARAMETERIZED_FAMILY	parameterized_family		NO			NO	ckc:169	presentation_level_only_geometry_identity_unresolved		NO	"[""A0"",""A1"",""A2"",""A3""]"	PRODUCTION_ROOT_NOT_AVAILABLE	NO	eight_plane_equation_or_family_available
170	SOURCE_LEVEL_ONLY_UNLESS_NODE_COLUMNS_EXPLICITLY_CERTIFIED		NO	PARAMETERIZED_FAMILY	parameterized_family		NO			NO	ckc:170	presentation_level_only_geometry_identity_unresolved		NO	"[""A0"",""A1"",""A2"",""A3""]"	PRODUCTION_ROOT_NOT_AVAILABLE	NO	eight_plane_equation_or_family_available
171	SOURCE_LEVEL_ONLY_UNLESS_NODE_COLUMNS_EXPLICITLY_CERTIFIED		NO	PARAMETERIZED_FAMILY	parameterized_family		NO			NO	ckc:171	presentation_level_only_geometry_identity_unresolved		NO	"[""A0"",""A1"",""A2"",""A3""]"	PRODUCTION_ROOT_NOT_AVAILABLE	NO	eight_plane_equation_or_family_available
172	SOURCE_LEVEL_ONLY_UNLESS_NODE_COLUMNS_EXPLICITLY_CERTIFIED		NO	PARAMETERIZED_FAMILY	parameterized_family		NO			NO	ckc:172	presentation_level_only_geometry_identity_unresolved		NO	"[""A0"",""A1"",""A2"",""A3""]"	PRODUCTION_ROOT_NOT_AVAILABLE	NO	eight_plane_equation_or_family_available
173	SOURCE_LEVEL_ONLY_UNLESS_NODE_COLUMNS_EXPLICITLY_CERTIFIED		NO	PARAMETERIZED_FAMILY	parameterized_family		NO			NO	ckc:173	presentation_level_only_geometry_identity_unresolved		NO	"[""A0"",""A1"",""A2"",""A3""]"	PRODUCTION_ROOT_NOT_AVAILABLE	NO	eight_plane_equation_or_family_available
174	SOURCE_LEVEL_ONLY_UNLESS_NODE_COLUMNS_EXPLICITLY_CERTIFIED		NO	PARAMETERIZED_FAMILY	parameterized_family		NO			NO	ckc:174	presentation_level_only_geometry_identity_unresolved		NO	"[""A0"",""A1"",""A2"",""A3""]"	PRODUCTION_ROOT_NOT_AVAILABLE	NO	eight_plane_equation_or_family_available
175	SOURCE_LEVEL_ONLY_UNLESS_NODE_COLUMNS_EXPLICITLY_CERTIFIED		NO	PARAMETERIZED_FAMILY	parameterized_family		NO			NO	ckc:175	presentation_level_only_geometry_identity_unresolved		NO	"[""A0"",""A1"",""A2"",""A3""]"	PRODUCTION_ROOT_NOT_AVAILABLE	NO	eight_plane_equation_or_family_available
176	SOURCE_LEVEL_ONLY_UNLESS_NODE_COLUMNS_EXPLICITLY_CERTIFIED		NO	PARAMETERIZED_FAMILY	parameterized_family		NO			NO	ckc:176	presentation_level_only_geometry_identity_unresolved		NO	"[""A0"",""A1"",""A2"",""A3""]"	PRODUCTION_ROOT_NOT_AVAILABLE	NO	eight_plane_equation_or_family_available
177	SOURCE_LEVEL_ONLY_UNLESS_NODE_COLUMNS_EXPLICITLY_CERTIFIED		NO	PARAMETERIZED_FAMILY	parameterized_family		NO			NO	ckc:177	presentation_level_only_geometry_identity_unresolved		NO	"[""A0"",""A1"",""A2"",""A3"",""A4""]"	PRODUCTION_ROOT_NOT_AVAILABLE	NO	eight_plane_equation_or_family_available
178	SOURCE_LEVEL_ONLY_UNLESS_NODE_COLUMNS_EXPLICITLY_CERTIFIED		NO	PARAMETERIZED_FAMILY	parameterized_family		NO			NO	ckc:178	presentation_level_only_geometry_identity_unresolved		NO	"[""A0"",""A1"",""A2"",""A3"",""A4""]"	PRODUCTION_ROOT_NOT_AVAILABLE	NO	eight_plane_equation_or_family_available
179	SOURCE_LEVEL_ONLY_UNLESS_NODE_COLUMNS_EXPLICITLY_CERTIFIED		NO	PARAMETERIZED_FAMILY	parameterized_family		NO			NO	ckc:179	presentation_level_only_geometry_identity_unresolved		NO	"[""A0"",""A1"",""A2"",""A3"",""A4""]"	PRODUCTION_ROOT_NOT_AVAILABLE	NO	eight_plane_equation_or_family_available
180	SOURCE_LEVEL_ONLY_UNLESS_NODE_COLUMNS_EXPLICITLY_CERTIFIED		NO	PARAMETERIZED_FAMILY	parameterized_family		NO			NO	ckc:180	presentation_level_only_geometry_identity_unresolved		NO	"[""A0"",""A1"",""A2"",""A3"",""A4""]"	PRODUCTION_ROOT_NOT_AVAILABLE	NO	eight_plane_equation_or_family_available
181	SOURCE_LEVEL_ONLY_UNLESS_NODE_COLUMNS_EXPLICITLY_CERTIFIED		NO	PARAMETERIZED_FAMILY	parameterized_family		NO			NO	ckc:181	presentation_level_only_geometry_identity_unresolved		NO	"[""A0"",""A1"",""A2"",""A3"",""A4""]"	PRODUCTION_ROOT_NOT_AVAILABLE	NO	eight_plane_equation_or_family_available
182	SOURCE_LEVEL_ONLY_UNLESS_NODE_COLUMNS_EXPLICITLY_CERTIFIED		NO	PARAMETERIZED_FAMILY	parameterized_family		NO			NO	ckc:182	presentation_level_only_geometry_identity_unresolved		NO	"[""A0"",""A1"",""A2"",""A3"",""A4""]"	PRODUCTION_ROOT_NOT_AVAILABLE	NO	eight_plane_equation_or_family_available
183	SOURCE_LEVEL_ONLY_UNLESS_NODE_COLUMNS_EXPLICITLY_CERTIFIED		NO	PARAMETERIZED_FAMILY	parameterized_family		NO			NO	ckc:183	presentation_level_only_geometry_identity_unresolved		NO	"[""A0"",""A1"",""A2"",""A3"",""A4""]"	PRODUCTION_ROOT_NOT_AVAILABLE	NO	eight_plane_equation_or_family_available
184	SOURCE_LEVEL_ONLY_UNLESS_NODE_COLUMNS_EXPLICITLY_CERTIFIED		NO	PARAMETERIZED_FAMILY	parameterized_family		NO			NO	ckc:184	presentation_level_only_geometry_identity_unresolved		NO	"[""A0"",""A1"",""A2"",""A3"",""A4""]"	PRODUCTION_ROOT_NOT_AVAILABLE	NO	eight_plane_equation_or_family_available
185	SOURCE_LEVEL_ONLY_UNLESS_NODE_COLUMNS_EXPLICITLY_CERTIFIED		NO	PARAMETERIZED_FAMILY	parameterized_family		NO			NO	ckc:185	presentation_level_only_geometry_identity_unresolved		NO	"[""A0"",""A1"",""A2"",""A3"",""A4""]"	PRODUCTION_ROOT_NOT_AVAILABLE	NO	eight_plane_equation_or_family_available
186	SOURCE_LEVEL_ONLY_UNLESS_NODE_COLUMNS_EXPLICITLY_CERTIFIED		NO	PARAMETERIZED_FAMILY	parameterized_family		NO			NO	ckc:186	presentation_level_only_geometry_identity_unresolved		NO	"[""A0"",""A1"",""A2"",""A3"",""A4"",""A5""]"	PRODUCTION_ROOT_NOT_AVAILABLE	NO	eight_plane_equation_or_family_available
187	SOURCE_LEVEL_ONLY_UNLESS_NODE_COLUMNS_EXPLICITLY_CERTIFIED		NO	PARAMETERIZED_FAMILY	parameterized_family		NO			NO	ckc:187	presentation_level_only_geometry_identity_unresolved		NO	"[""A0"",""A1"",""A2"",""A3"",""A4"",""A5""]"	PRODUCTION_ROOT_NOT_AVAILABLE	NO	eight_plane_equation_or_family_available
188	SOURCE_LEVEL_ONLY_UNLESS_NODE_COLUMNS_EXPLICITLY_CERTIFIED		NO	PARAMETERIZED_FAMILY	parameterized_family		NO			NO	ckc:188	presentation_level_only_geometry_identity_unresolved		NO	"[""A0"",""A1"",""A2"",""A3"",""A4"",""A5""]"	PRODUCTION_ROOT_NOT_AVAILABLE	NO	eight_plane_equation_or_family_available
189	SOURCE_LEVEL_ONLY_UNLESS_NODE_COLUMNS_EXPLICITLY_CERTIFIED		NO	PARAMETERIZED_FAMILY	parameterized_family		NO			NO	ckc:189	presentation_level_only_geometry_identity_unresolved		NO	"[""A0"",""A1"",""A2"",""A3"",""A4"",""A5""]"	PRODUCTION_ROOT_NOT_AVAILABLE	NO	eight_plane_equation_or_family_available
190	SOURCE_LEVEL_ONLY_UNLESS_NODE_COLUMNS_EXPLICITLY_CERTIFIED		NO	PARAMETERIZED_FAMILY	parameterized_family		NO			NO	ckc:190	presentation_level_only_geometry_identity_unresolved		NO	"[""A0"",""A1"",""A2"",""A3"",""A4"",""A5"",""A6""]"	PRODUCTION_ROOT_NOT_AVAILABLE	NO	eight_plane_equation_or_family_available
191	SOURCE_LEVEL_ONLY_UNLESS_NODE_COLUMNS_EXPLICITLY_CERTIFIED		NO	PARAMETERIZED_FAMILY	parameterized_family		NO			NO	ckc:191	presentation_level_only_geometry_identity_unresolved		NO	"[""A0"",""A1"",""A2"",""A3"",""A4"",""A5"",""A6""]"	PRODUCTION_ROOT_NOT_AVAILABLE	NO	eight_plane_equation_or_family_available
192	SOURCE_LEVEL_ONLY_UNLESS_NODE_COLUMNS_EXPLICITLY_CERTIFIED		NO	PARAMETERIZED_FAMILY	parameterized_family		NO			NO	ckc:192	presentation_level_only_geometry_identity_unresolved		NO	"[""A0"",""A1"",""A2"",""A3"",""A4"",""A5"",""A6"",""A7""]"	PRODUCTION_ROOT_NOT_AVAILABLE	NO	eight_plane_equation_or_family_available
193	SOURCE_LEVEL_ONLY_UNLESS_NODE_COLUMNS_EXPLICITLY_CERTIFIED		NO	PARAMETERIZED_FAMILY	parameterized_family		NO			NO	ckc:193	presentation_level_only_geometry_identity_unresolved		NO	"[""A0"",""A1"",""A2""]"	PRODUCTION_ROOT_NOT_AVAILABLE	NO	eight_plane_equation_or_family_available
194	SOURCE_LEVEL_ONLY_UNLESS_NODE_COLUMNS_EXPLICITLY_CERTIFIED		NO	PARAMETERIZED_FAMILY	parameterized_family		NO			NO	ckc:194	presentation_level_only_geometry_identity_unresolved		NO	"[""A0"",""A1"",""A2"",""A3""]"	PRODUCTION_ROOT_NOT_AVAILABLE	NO	eight_plane_equation_or_family_available
195	SOURCE_LEVEL_ONLY_UNLESS_NODE_COLUMNS_EXPLICITLY_CERTIFIED		NO	PARAMETERIZED_FAMILY	parameterized_family		NO			NO	ckc:195	presentation_level_only_geometry_identity_unresolved		NO	"[""A0"",""A1"",""A2"",""A3"",""A4""]"	PRODUCTION_ROOT_NOT_AVAILABLE	NO	eight_plane_equation_or_family_available
196	SOURCE_LEVEL_ONLY_UNLESS_NODE_COLUMNS_EXPLICITLY_CERTIFIED		NO	PARAMETERIZED_FAMILY	parameterized_family		NO			NO	ckc:196	presentation_level_only_geometry_identity_unresolved		NO	"[""A0"",""A1"",""A2"",""A3"",""A4"",""A5""]"	PRODUCTION_ROOT_NOT_AVAILABLE	NO	eight_plane_equation_or_family_available
197	SOURCE_LEVEL_ONLY_UNLESS_NODE_COLUMNS_EXPLICITLY_CERTIFIED		NO	PARAMETERIZED_FAMILY	parameterized_family		NO			NO	ckc:197	presentation_level_only_geometry_identity_unresolved		NO	"[""A0"",""A1""]"	PRODUCTION_ROOT_NOT_AVAILABLE	NO	eight_plane_equation_or_family_available
198	SOURCE_LEVEL_ONLY_UNLESS_NODE_COLUMNS_EXPLICITLY_CERTIFIED		NO	PARAMETERIZED_FAMILY	parameterized_family		NO			NO	ckc:198	presentation_level_only_geometry_identity_unresolved		NO	"[""A0"",""A1""]"	PRODUCTION_ROOT_NOT_AVAILABLE	NO	eight_plane_equation_or_family_available
199	SOURCE_LEVEL_ONLY_UNLESS_NODE_COLUMNS_EXPLICITLY_CERTIFIED		NO	PARAMETERIZED_FAMILY	parameterized_family		NO			NO	ckc:199	presentation_level_only_geometry_identity_unresolved		NO	"[""A0"",""A1""]"	PRODUCTION_ROOT_NOT_AVAILABLE	NO	eight_plane_equation_or_family_available
200	SOURCE_LEVEL_ONLY_UNLESS_NODE_COLUMNS_EXPLICITLY_CERTIFIED		NO	PARAMETERIZED_FAMILY	parameterized_family		NO			NO	ckc:200	presentation_level_only_geometry_identity_unresolved		NO	"[""A0"",""A1""]"	PRODUCTION_ROOT_NOT_AVAILABLE	NO	eight_plane_equation_or_family_available
201	SOURCE_LEVEL_ONLY_UNLESS_NODE_COLUMNS_EXPLICITLY_CERTIFIED		NO	PARAMETERIZED_FAMILY	parameterized_family		NO			NO	ckc:201	presentation_level_only_geometry_identity_unresolved		NO	"[""A0"",""A1"",""A2""]"	PRODUCTION_ROOT_NOT_AVAILABLE	NO	eight_plane_equation_or_family_available
202	SOURCE_LEVEL_ONLY_UNLESS_NODE_COLUMNS_EXPLICITLY_CERTIFIED		NO	PARAMETERIZED_FAMILY	parameterized_family		NO			NO	ckc:202	presentation_level_only_geometry_identity_unresolved		NO	"[""A0"",""A1"",""A2""]"	PRODUCTION_ROOT_NOT_AVAILABLE	NO	eight_plane_equation_or_family_available
203	SOURCE_LEVEL_ONLY_UNLESS_NODE_COLUMNS_EXPLICITLY_CERTIFIED		NO	PARAMETERIZED_FAMILY	parameterized_family		NO			NO	ckc:203	presentation_level_only_geometry_identity_unresolved		NO	"[""A0"",""A1"",""A2""]"	PRODUCTION_ROOT_NOT_AVAILABLE	NO	eight_plane_equation_or_family_available
204	SOURCE_LEVEL_ONLY_UNLESS_NODE_COLUMNS_EXPLICITLY_CERTIFIED		NO	PARAMETERIZED_FAMILY	parameterized_family		NO			NO	ckc:204	presentation_level_only_geometry_identity_unresolved		NO	"[""A0"",""A1"",""A2""]"	PRODUCTION_ROOT_NOT_AVAILABLE	NO	eight_plane_equation_or_family_available
205	SOURCE_LEVEL_ONLY_UNLESS_NODE_COLUMNS_EXPLICITLY_CERTIFIED		NO	PARAMETERIZED_FAMILY	parameterized_family		NO			NO	ckc:205	presentation_level_only_geometry_identity_unresolved		NO	"[""A0"",""A1"",""A2""]"	PRODUCTION_ROOT_NOT_AVAILABLE	NO	eight_plane_equation_or_family_available
206	SOURCE_LEVEL_ONLY_UNLESS_NODE_COLUMNS_EXPLICITLY_CERTIFIED		NO	PARAMETERIZED_FAMILY	parameterized_family		NO			NO	ckc:206	presentation_level_only_geometry_identity_unresolved		NO	"[""A0"",""A1"",""A2""]"	PRODUCTION_ROOT_NOT_AVAILABLE	NO	eight_plane_equation_or_family_available
207	SOURCE_LEVEL_ONLY_UNLESS_NODE_COLUMNS_EXPLICITLY_CERTIFIED		NO	PARAMETERIZED_FAMILY	parameterized_family		NO			NO	ckc:207	presentation_level_only_geometry_identity_unresolved		NO	"[""A0"",""A1"",""A2""]"	PRODUCTION_ROOT_NOT_AVAILABLE	NO	eight_plane_equation_or_family_available
208	SOURCE_LEVEL_ONLY_UNLESS_NODE_COLUMNS_EXPLICITLY_CERTIFIED		NO	PARAMETERIZED_FAMILY	parameterized_family		NO			NO	ckc:208	presentation_level_only_geometry_identity_unresolved		NO	"[""A0"",""A1"",""A2""]"	PRODUCTION_ROOT_NOT_AVAILABLE	NO	eight_plane_equation_or_family_available
209	SOURCE_LEVEL_ONLY_UNLESS_NODE_COLUMNS_EXPLICITLY_CERTIFIED		NO	PARAMETERIZED_FAMILY	parameterized_family		NO			NO	ckc:209	presentation_level_only_geometry_identity_unresolved		NO	"[""A0"",""A1"",""A2""]"	PRODUCTION_ROOT_NOT_AVAILABLE	NO	eight_plane_equation_or_family_available
210	SOURCE_LEVEL_ONLY_UNLESS_NODE_COLUMNS_EXPLICITLY_CERTIFIED		NO	PARAMETERIZED_FAMILY	parameterized_family		NO			NO	ckc:210	presentation_level_only_geometry_identity_unresolved		NO	"[""A0"",""A1"",""A2"",""A3""]"	PRODUCTION_ROOT_NOT_AVAILABLE	NO	eight_plane_equation_or_family_available
211	SOURCE_LEVEL_ONLY_UNLESS_NODE_COLUMNS_EXPLICITLY_CERTIFIED		NO	PARAMETERIZED_FAMILY	parameterized_family		NO			NO	ckc:211	presentation_level_only_geometry_identity_unresolved		NO	"[""A0"",""A1"",""A2"",""A3""]"	PRODUCTION_ROOT_NOT_AVAILABLE	NO	eight_plane_equation_or_family_available
212	SOURCE_LEVEL_ONLY_UNLESS_NODE_COLUMNS_EXPLICITLY_CERTIFIED		NO	PARAMETERIZED_FAMILY	parameterized_family		NO			NO	ckc:212	presentation_level_only_geometry_identity_unresolved		NO	"[""A0"",""A1"",""A2"",""A3""]"	PRODUCTION_ROOT_NOT_AVAILABLE	NO	eight_plane_equation_or_family_available
213	SOURCE_LEVEL_ONLY_UNLESS_NODE_COLUMNS_EXPLICITLY_CERTIFIED		NO	PARAMETERIZED_FAMILY	parameterized_family		NO			NO	ckc:213	presentation_level_only_geometry_identity_unresolved		NO	"[""A0"",""A1"",""A2"",""A3""]"	PRODUCTION_ROOT_NOT_AVAILABLE	NO	eight_plane_equation_or_family_available
214	SOURCE_LEVEL_ONLY_UNLESS_NODE_COLUMNS_EXPLICITLY_CERTIFIED		NO	PARAMETERIZED_FAMILY	parameterized_family		NO			NO	ckc:214	presentation_level_only_geometry_identity_unresolved		NO	"[""A0"",""A1"",""A2"",""A3""]"	PRODUCTION_ROOT_NOT_AVAILABLE	NO	eight_plane_equation_or_family_available
215	SOURCE_LEVEL_ONLY_UNLESS_NODE_COLUMNS_EXPLICITLY_CERTIFIED		NO	PARAMETERIZED_FAMILY	parameterized_family		NO			NO	ckc:215	presentation_level_only_geometry_identity_unresolved		NO	"[""A0"",""A1"",""A2"",""A3""]"	PRODUCTION_ROOT_NOT_AVAILABLE	NO	eight_plane_equation_or_family_available
216	SOURCE_LEVEL_ONLY_UNLESS_NODE_COLUMNS_EXPLICITLY_CERTIFIED		NO	PARAMETERIZED_FAMILY	parameterized_family		NO			NO	ckc:216	presentation_level_only_geometry_identity_unresolved		NO	"[""A0"",""A1"",""A2"",""A3""]"	PRODUCTION_ROOT_NOT_AVAILABLE	NO	eight_plane_equation_or_family_available
217	SOURCE_LEVEL_ONLY_UNLESS_NODE_COLUMNS_EXPLICITLY_CERTIFIED		NO	PARAMETERIZED_FAMILY	parameterized_family		NO			NO	ckc:217	presentation_level_only_geometry_identity_unresolved		NO	"[""A0"",""A1"",""A2"",""A3""]"	PRODUCTION_ROOT_NOT_AVAILABLE	NO	eight_plane_equation_or_family_available
218	SOURCE_LEVEL_ONLY_UNLESS_NODE_COLUMNS_EXPLICITLY_CERTIFIED		NO	PARAMETERIZED_FAMILY	parameterized_family		NO			NO	ckc:218	presentation_level_only_geometry_identity_unresolved		NO	"[""A0"",""A1"",""A2"",""A3""]"	PRODUCTION_ROOT_NOT_AVAILABLE	NO	eight_plane_equation_or_family_available
219	SOURCE_LEVEL_ONLY_UNLESS_NODE_COLUMNS_EXPLICITLY_CERTIFIED		NO	PARAMETERIZED_FAMILY	parameterized_family		NO			NO	ckc:219	presentation_level_only_geometry_identity_unresolved		NO	"[""A0"",""A1"",""A2"",""A3""]"	PRODUCTION_ROOT_NOT_AVAILABLE	NO	eight_plane_equation_or_family_available
220	SOURCE_LEVEL_ONLY_UNLESS_NODE_COLUMNS_EXPLICITLY_CERTIFIED		NO	PARAMETERIZED_FAMILY	parameterized_family		NO			NO	ckc:220	presentation_level_only_geometry_identity_unresolved		NO	"[""A0"",""A1"",""A2"",""A3""]"	PRODUCTION_ROOT_NOT_AVAILABLE	NO	eight_plane_equation_or_family_available
221	SOURCE_LEVEL_ONLY_UNLESS_NODE_COLUMNS_EXPLICITLY_CERTIFIED		NO	PARAMETERIZED_FAMILY	parameterized_family		NO			NO	ckc:221	presentation_level_only_geometry_identity_unresolved		NO	"[""A0"",""A1"",""A2"",""A3""]"	PRODUCTION_ROOT_NOT_AVAILABLE	NO	eight_plane_equation_or_family_available
222	SOURCE_LEVEL_ONLY_UNLESS_NODE_COLUMNS_EXPLICITLY_CERTIFIED		NO	PARAMETERIZED_FAMILY	parameterized_family		NO			NO	ckc:222	presentation_level_only_geometry_identity_unresolved		NO	"[""A0"",""A1"",""A2"",""A3"",""A4""]"	PRODUCTION_ROOT_NOT_AVAILABLE	NO	eight_plane_equation_or_family_available
223	SOURCE_LEVEL_ONLY_UNLESS_NODE_COLUMNS_EXPLICITLY_CERTIFIED		NO	PARAMETERIZED_FAMILY	parameterized_family		NO			NO	ckc:223	presentation_level_only_geometry_identity_unresolved		NO	"[""A0"",""A1"",""A2"",""A3"",""A4""]"	PRODUCTION_ROOT_NOT_AVAILABLE	NO	eight_plane_equation_or_family_available
224	SOURCE_LEVEL_ONLY_UNLESS_NODE_COLUMNS_EXPLICITLY_CERTIFIED		NO	PARAMETERIZED_FAMILY	parameterized_family		NO			NO	ckc:224	presentation_level_only_geometry_identity_unresolved		NO	"[""A0"",""A1"",""A2"",""A3"",""A4""]"	PRODUCTION_ROOT_NOT_AVAILABLE	NO	eight_plane_equation_or_family_available
225	SOURCE_LEVEL_ONLY_UNLESS_NODE_COLUMNS_EXPLICITLY_CERTIFIED		NO	PARAMETERIZED_FAMILY	parameterized_family		NO			NO	ckc:225	presentation_level_only_geometry_identity_unresolved		NO	"[""A0"",""A1"",""A2"",""A3"",""A4""]"	PRODUCTION_ROOT_NOT_AVAILABLE	NO	eight_plane_equation_or_family_available
226	SOURCE_LEVEL_ONLY_UNLESS_NODE_COLUMNS_EXPLICITLY_CERTIFIED		NO	PARAMETERIZED_FAMILY	parameterized_family		NO			NO	ckc:226	presentation_level_only_geometry_identity_unresolved		NO	"[""A0"",""A1"",""A2"",""A3"",""A4""]"	PRODUCTION_ROOT_NOT_AVAILABLE	NO	eight_plane_equation_or_family_available
227	SOURCE_LEVEL_ONLY_UNLESS_NODE_COLUMNS_EXPLICITLY_CERTIFIED		NO	PARAMETERIZED_FAMILY	parameterized_family		NO			NO	ckc:227	presentation_level_only_geometry_identity_unresolved		NO	"[""A0"",""A1"",""A2"",""A3"",""A4""]"	PRODUCTION_ROOT_NOT_AVAILABLE	NO	eight_plane_equation_or_family_available
228	SOURCE_LEVEL_ONLY_UNLESS_NODE_COLUMNS_EXPLICITLY_CERTIFIED		NO	PARAMETERIZED_FAMILY	parameterized_family		NO			NO	ckc:228	presentation_level_only_geometry_identity_unresolved		NO	"[""A0"",""A1"",""A2"",""A3"",""A4""]"	PRODUCTION_ROOT_NOT_AVAILABLE	NO	eight_plane_equation_or_family_available
229	SOURCE_LEVEL_ONLY_UNLESS_NODE_COLUMNS_EXPLICITLY_CERTIFIED		NO	PARAMETERIZED_FAMILY	parameterized_family		NO			NO	ckc:229	presentation_level_only_geometry_identity_unresolved		NO	"[""A0"",""A1"",""A2"",""A3"",""A4""]"	PRODUCTION_ROOT_NOT_AVAILABLE	NO	eight_plane_equation_or_family_available
230	SOURCE_LEVEL_ONLY_UNLESS_NODE_COLUMNS_EXPLICITLY_CERTIFIED		NO	PARAMETERIZED_FAMILY	parameterized_family		NO			NO	ckc:230	presentation_level_only_geometry_identity_unresolved		NO	"[""A0"",""A1"",""A2"",""A3"",""A4""]"	PRODUCTION_ROOT_NOT_AVAILABLE	NO	eight_plane_equation_or_family_available
231	SOURCE_LEVEL_ONLY_UNLESS_NODE_COLUMNS_EXPLICITLY_CERTIFIED		NO	PARAMETERIZED_FAMILY	parameterized_family		NO			NO	ckc:231	presentation_level_only_geometry_identity_unresolved		NO	"[""A0"",""A1"",""A2"",""A3"",""A4"",""A5""]"	PRODUCTION_ROOT_NOT_AVAILABLE	NO	eight_plane_equation_or_family_available
232	SOURCE_LEVEL_ONLY_UNLESS_NODE_COLUMNS_EXPLICITLY_CERTIFIED		NO	PARAMETERIZED_FAMILY	parameterized_family		NO			NO	ckc:232	presentation_level_only_geometry_identity_unresolved		NO	"[""A0"",""A1"",""A2"",""A3"",""A4"",""A5""]"	PRODUCTION_ROOT_NOT_AVAILABLE	NO	eight_plane_equation_or_family_available
233	SOURCE_LEVEL_ONLY_UNLESS_NODE_COLUMNS_EXPLICITLY_CERTIFIED		NO	PARAMETERIZED_FAMILY	parameterized_family		NO			NO	ckc:233	presentation_level_only_geometry_identity_unresolved		NO	"[""A0"",""A1"",""A2"",""A3"",""A4"",""A5""]"	PRODUCTION_ROOT_NOT_AVAILABLE	NO	eight_plane_equation_or_family_available
234	SOURCE_LEVEL_ONLY_UNLESS_NODE_COLUMNS_EXPLICITLY_CERTIFIED		NO	PARAMETERIZED_FAMILY	parameterized_family		NO			NO	ckc:234	presentation_level_only_geometry_identity_unresolved		NO	"[""A0"",""A1"",""A2"",""A3"",""A4"",""A5""]"	PRODUCTION_ROOT_NOT_AVAILABLE	NO	eight_plane_equation_or_family_available
235	SOURCE_LEVEL_ONLY_UNLESS_NODE_COLUMNS_EXPLICITLY_CERTIFIED		NO	PARAMETERIZED_FAMILY	parameterized_family		NO			NO	ckc:235	presentation_level_only_geometry_identity_unresolved		NO	"[""A0"",""A1"",""A2"",""A3"",""A4"",""A5"",""A6""]"	PRODUCTION_ROOT_NOT_AVAILABLE	NO	eight_plane_equation_or_family_available
236	SOURCE_LEVEL_ONLY_UNLESS_NODE_COLUMNS_EXPLICITLY_CERTIFIED		NO	PARAMETERIZED_FAMILY	parameterized_family		NO			NO	ckc:236	presentation_level_only_geometry_identity_unresolved		NO	"[""A0"",""A1"",""A2"",""A3"",""A4"",""A5"",""A6""]"	PRODUCTION_ROOT_NOT_AVAILABLE	NO	eight_plane_equation_or_family_available
237	SOURCE_LEVEL_ONLY_UNLESS_NODE_COLUMNS_EXPLICITLY_CERTIFIED		NO	PARAMETERIZED_FAMILY	parameterized_family		NO			NO	ckc:237	presentation_level_only_geometry_identity_unresolved		NO	"[""A0"",""A1"",""A2"",""A3"",""A4"",""A5"",""A6"",""A7""]"	PRODUCTION_ROOT_NOT_AVAILABLE	NO	eight_plane_equation_or_family_available
238	SOURCE_LEVEL_ONLY_UNLESS_NODE_COLUMNS_EXPLICITLY_CERTIFIED		NO	PRESENTATION	fixed_rational		NO			NO	ckc:238	presentation_level_only_geometry_identity_unresolved		NO	[]	PRODUCTION_ROOT_NOT_AVAILABLE	YES	eight_plane_equation_or_family_available
239	SOURCE_LEVEL_ONLY_UNLESS_NODE_COLUMNS_EXPLICITLY_CERTIFIED		NO	PRESENTATION	fixed_rational		NO			NO	ckc:239	presentation_level_only_geometry_identity_unresolved		NO	[]	PRODUCTION_ROOT_NOT_AVAILABLE	YES	eight_plane_equation_or_family_available
240	SOURCE_LEVEL_ONLY_UNLESS_NODE_COLUMNS_EXPLICITLY_CERTIFIED		NO	PRESENTATION	fixed_rational		NO			NO	ckc:240	presentation_level_only_geometry_identity_unresolved		NO	[]	PRODUCTION_ROOT_NOT_AVAILABLE	YES	eight_plane_equation_or_family_available
241	SOURCE_LEVEL_ONLY_UNLESS_NODE_COLUMNS_EXPLICITLY_CERTIFIED		NO	PRESENTATION	fixed_rational		NO			NO	ckc:241	presentation_level_only_geometry_identity_unresolved		NO	[]	PRODUCTION_ROOT_NOT_AVAILABLE	YES	eight_plane_equation_or_family_available
242	SOURCE_LEVEL_ONLY_UNLESS_NODE_COLUMNS_EXPLICITLY_CERTIFIED		NO	PARAMETERIZED_FAMILY	parameterized_family		NO			NO	ckc:242	presentation_level_only_geometry_identity_unresolved		NO	"[""A0"",""A1""]"	PRODUCTION_ROOT_NOT_AVAILABLE	NO	eight_plane_equation_or_family_available
243	SOURCE_LEVEL_ONLY_UNLESS_NODE_COLUMNS_EXPLICITLY_CERTIFIED		NO	PARAMETERIZED_FAMILY	parameterized_family		NO			NO	ckc:243	presentation_level_only_geometry_identity_unresolved		NO	"[""A0"",""A1""]"	PRODUCTION_ROOT_NOT_AVAILABLE	NO	eight_plane_equation_or_family_available
244	SOURCE_LEVEL_ONLY_UNLESS_NODE_COLUMNS_EXPLICITLY_CERTIFIED		NO	PARAMETERIZED_FAMILY	parameterized_family		NO			NO	ckc:244	presentation_level_only_geometry_identity_unresolved		NO	"[""A0"",""A1""]"	PRODUCTION_ROOT_NOT_AVAILABLE	NO	eight_plane_equation_or_family_available
245	SOURCE_LEVEL_ONLY_UNLESS_NODE_COLUMNS_EXPLICITLY_CERTIFIED		NO	PRESENTATION	fixed_rational		NO			NO	ckc:245	presentation_level_only_geometry_identity_unresolved		NO	[]	PRODUCTION_ROOT_NOT_AVAILABLE	YES	eight_plane_equation_or_family_available
246	SOURCE_LEVEL_ONLY_UNLESS_NODE_COLUMNS_EXPLICITLY_CERTIFIED		NO	PARAMETERIZED_FAMILY	parameterized_family		NO			NO	ckc:246	presentation_level_only_geometry_identity_unresolved		NO	"[""A0"",""A1""]"	PRODUCTION_ROOT_NOT_AVAILABLE	NO	eight_plane_equation_or_family_available
247	SOURCE_LEVEL_ONLY_UNLESS_NODE_COLUMNS_EXPLICITLY_CERTIFIED		NO	PARAMETERIZED_FAMILY	parameterized_family		NO			NO	ckc:247	presentation_level_only_geometry_identity_unresolved		NO	"[""A0"",""A1""]"	PRODUCTION_ROOT_NOT_AVAILABLE	NO	eight_plane_equation_or_family_available
248	SOURCE_LEVEL_ONLY_UNLESS_NODE_COLUMNS_EXPLICITLY_CERTIFIED		NO	PARAMETERIZED_FAMILY	parameterized_family		NO			NO	ckc:248	presentation_level_only_geometry_identity_unresolved		NO	"[""A0"",""A1""]"	PRODUCTION_ROOT_NOT_AVAILABLE	NO	eight_plane_equation_or_family_available
249	SOURCE_LEVEL_ONLY_UNLESS_NODE_COLUMNS_EXPLICITLY_CERTIFIED		NO	PARAMETERIZED_FAMILY	parameterized_family		NO			NO	ckc:249	presentation_level_only_geometry_identity_unresolved		NO	"[""A0"",""A1""]"	PRODUCTION_ROOT_NOT_AVAILABLE	NO	eight_plane_equation_or_family_available
250	SOURCE_LEVEL_ONLY_UNLESS_NODE_COLUMNS_EXPLICITLY_CERTIFIED		NO	PARAMETERIZED_FAMILY	parameterized_family		NO			NO	ckc:250	presentation_level_only_geometry_identity_unresolved		NO	"[""A0"",""A1""]"	PRODUCTION_ROOT_NOT_AVAILABLE	NO	eight_plane_equation_or_family_available
251	SOURCE_LEVEL_ONLY_UNLESS_NODE_COLUMNS_EXPLICITLY_CERTIFIED		NO	PARAMETERIZED_FAMILY	parameterized_family		NO			NO	ckc:251	presentation_level_only_geometry_identity_unresolved		NO	"[""A0"",""A1""]"	PRODUCTION_ROOT_NOT_AVAILABLE	NO	eight_plane_equation_or_family_available
252	SOURCE_LEVEL_ONLY_UNLESS_NODE_COLUMNS_EXPLICITLY_CERTIFIED		NO	PARAMETERIZED_FAMILY	parameterized_family		NO			NO	ckc:252	presentation_level_only_geometry_identity_unresolved		NO	"[""A0"",""A1""]"	PRODUCTION_ROOT_NOT_AVAILABLE	NO	eight_plane_equation_or_family_available
253	SOURCE_LEVEL_ONLY_UNLESS_NODE_COLUMNS_EXPLICITLY_CERTIFIED		NO	PARAMETERIZED_FAMILY	parameterized_family		NO			NO	ckc:253	presentation_level_only_geometry_identity_unresolved		NO	"[""A0"",""A1""]"	PRODUCTION_ROOT_NOT_AVAILABLE	NO	eight_plane_equation_or_family_available
254	SOURCE_LEVEL_ONLY_UNLESS_NODE_COLUMNS_EXPLICITLY_CERTIFIED		NO	PARAMETERIZED_FAMILY	parameterized_family		NO			NO	ckc:254	presentation_level_only_geometry_identity_unresolved		NO	"[""A0"",""A1""]"	PRODUCTION_ROOT_NOT_AVAILABLE	NO	eight_plane_equation_or_family_available
255	SOURCE_LEVEL_ONLY_UNLESS_NODE_COLUMNS_EXPLICITLY_CERTIFIED		NO	PARAMETERIZED_FAMILY	parameterized_family		NO			NO	ckc:255	presentation_level_only_geometry_identity_unresolved		NO	"[""A0"",""A1""]"	PRODUCTION_ROOT_NOT_AVAILABLE	NO	eight_plane_equation_or_family_available
256	SOURCE_LEVEL_ONLY_UNLESS_NODE_COLUMNS_EXPLICITLY_CERTIFIED		NO	PARAMETERIZED_FAMILY	parameterized_family		NO			NO	ckc:256	presentation_level_only_geometry_identity_unresolved		NO	"[""A0"",""A1""]"	PRODUCTION_ROOT_NOT_AVAILABLE	NO	eight_plane_equation_or_family_available
257	SOURCE_LEVEL_ONLY_UNLESS_NODE_COLUMNS_EXPLICITLY_CERTIFIED		NO	PARAMETERIZED_FAMILY	parameterized_family		NO			NO	ckc:257	presentation_level_only_geometry_identity_unresolved		NO	"[""A0"",""A1""]"	PRODUCTION_ROOT_NOT_AVAILABLE	NO	eight_plane_equation_or_family_available
258	SOURCE_LEVEL_ONLY_UNLESS_NODE_COLUMNS_EXPLICITLY_CERTIFIED		NO	PARAMETERIZED_FAMILY	parameterized_family		NO			NO	ckc:258	presentation_level_only_geometry_identity_unresolved		NO	"[""A0"",""A1""]"	PRODUCTION_ROOT_NOT_AVAILABLE	NO	eight_plane_equation_or_family_available
259	SOURCE_LEVEL_ONLY_UNLESS_NODE_COLUMNS_EXPLICITLY_CERTIFIED		NO	PARAMETERIZED_FAMILY	parameterized_family		NO			NO	ckc:259	presentation_level_only_geometry_identity_unresolved		NO	"[""A0"",""A1""]"	PRODUCTION_ROOT_NOT_AVAILABLE	NO	eight_plane_equation_or_family_available
260	SOURCE_LEVEL_ONLY_UNLESS_NODE_COLUMNS_EXPLICITLY_CERTIFIED		NO	PARAMETERIZED_FAMILY	parameterized_family		NO			NO	ckc:260	presentation_level_only_geometry_identity_unresolved		NO	"[""A0"",""A1"",""A2"",""A22""]"	PRODUCTION_ROOT_NOT_AVAILABLE	NO	eight_plane_equation_or_family_available
261	SOURCE_LEVEL_ONLY_UNLESS_NODE_COLUMNS_EXPLICITLY_CERTIFIED		NO	PARAMETERIZED_FAMILY	parameterized_family		NO			NO	ckc:261	presentation_level_only_geometry_identity_unresolved		NO	"[""A0"",""A1""]"	PRODUCTION_ROOT_NOT_AVAILABLE	NO	eight_plane_equation_or_family_available
262	SOURCE_LEVEL_ONLY_UNLESS_NODE_COLUMNS_EXPLICITLY_CERTIFIED		NO	PARAMETERIZED_FAMILY	parameterized_family		NO			NO	ckc:262	presentation_level_only_geometry_identity_unresolved		NO	"[""A0"",""A1""]"	PRODUCTION_ROOT_NOT_AVAILABLE	NO	eight_plane_equation_or_family_available
263	SOURCE_LEVEL_ONLY_UNLESS_NODE_COLUMNS_EXPLICITLY_CERTIFIED		NO	PARAMETERIZED_FAMILY	parameterized_family		NO			NO	ckc:263	presentation_level_only_geometry_identity_unresolved		NO	"[""A0"",""A1"",""A2""]"	PRODUCTION_ROOT_NOT_AVAILABLE	NO	eight_plane_equation_or_family_available
264	SOURCE_LEVEL_ONLY_UNLESS_NODE_COLUMNS_EXPLICITLY_CERTIFIED		NO	PARAMETERIZED_FAMILY	parameterized_family		NO			NO	ckc:264	presentation_level_only_geometry_identity_unresolved		NO	"[""A0"",""A1""]"	PRODUCTION_ROOT_NOT_AVAILABLE	NO	eight_plane_equation_or_family_available
265	SOURCE_LEVEL_ONLY_UNLESS_NODE_COLUMNS_EXPLICITLY_CERTIFIED		NO	PARAMETERIZED_FAMILY	parameterized_family		NO			NO	ckc:265	presentation_level_only_geometry_identity_unresolved		NO	"[""A0"",""A1""]"	PRODUCTION_ROOT_NOT_AVAILABLE	NO	eight_plane_equation_or_family_available
266	SOURCE_LEVEL_ONLY_UNLESS_NODE_COLUMNS_EXPLICITLY_CERTIFIED		NO	PARAMETERIZED_FAMILY	parameterized_family		NO			NO	ckc:266	presentation_level_only_geometry_identity_unresolved		NO	"[""A0"",""A1""]"	PRODUCTION_ROOT_NOT_AVAILABLE	NO	eight_plane_equation_or_family_available
267	SOURCE_LEVEL_ONLY_UNLESS_NODE_COLUMNS_EXPLICITLY_CERTIFIED		NO	PARAMETERIZED_FAMILY	parameterized_family		NO			NO	ckc:267	presentation_level_only_geometry_identity_unresolved		NO	"[""A0"",""A1"",""A20"",""A21""]"	PRODUCTION_ROOT_NOT_AVAILABLE	NO	eight_plane_equation_or_family_available
268	SOURCE_LEVEL_ONLY_UNLESS_NODE_COLUMNS_EXPLICITLY_CERTIFIED		NO	PARAMETERIZED_FAMILY	parameterized_family		NO			NO	ckc:268	presentation_level_only_geometry_identity_unresolved		NO	"[""A0"",""A1""]"	PRODUCTION_ROOT_NOT_AVAILABLE	NO	eight_plane_equation_or_family_available
269	SOURCE_LEVEL_ONLY_UNLESS_NODE_COLUMNS_EXPLICITLY_CERTIFIED		NO	PARAMETERIZED_FAMILY	parameterized_family		NO			NO	ckc:269	presentation_level_only_geometry_identity_unresolved		NO	"[""A0"",""A1"",""A2"",""A22""]"	PRODUCTION_ROOT_NOT_AVAILABLE	NO	eight_plane_equation_or_family_available
270	SOURCE_LEVEL_ONLY_UNLESS_NODE_COLUMNS_EXPLICITLY_CERTIFIED		NO	PARAMETERIZED_FAMILY	parameterized_family		NO			NO	ckc:270	presentation_level_only_geometry_identity_unresolved		NO	"[""A0"",""A1""]"	PRODUCTION_ROOT_NOT_AVAILABLE	NO	eight_plane_equation_or_family_available
271	SOURCE_LEVEL_ONLY_UNLESS_NODE_COLUMNS_EXPLICITLY_CERTIFIED		NO	PARAMETERIZED_FAMILY	parameterized_family		NO			NO	ckc:271	presentation_level_only_geometry_identity_unresolved		NO	"[""A0"",""A1"",""A2""]"	PRODUCTION_ROOT_NOT_AVAILABLE	NO	eight_plane_equation_or_family_available
272	SOURCE_LEVEL_ONLY_UNLESS_NODE_COLUMNS_EXPLICITLY_CERTIFIED		NO	PARAMETERIZED_FAMILY	parameterized_family		NO			NO	ckc:272	presentation_level_only_geometry_identity_unresolved		NO	"[""A0"",""A1"",""A2""]"	PRODUCTION_ROOT_NOT_AVAILABLE	NO	eight_plane_equation_or_family_available
273	SOURCE_LEVEL_ONLY_UNLESS_NODE_COLUMNS_EXPLICITLY_CERTIFIED		NO	PARAMETERIZED_FAMILY	parameterized_family		NO			NO	ckc:273	presentation_level_only_geometry_identity_unresolved		NO	"[""A0"",""A1""]"	PRODUCTION_ROOT_NOT_AVAILABLE	NO	eight_plane_equation_or_family_available
274	SOURCE_LEVEL_ONLY_UNLESS_NODE_COLUMNS_EXPLICITLY_CERTIFIED		NO	PARAMETERIZED_FAMILY	parameterized_family		NO			NO	ckc:274	presentation_level_only_geometry_identity_unresolved		NO	"[""A0"",""A1""]"	PRODUCTION_ROOT_NOT_AVAILABLE	NO	eight_plane_equation_or_family_available
275	SOURCE_LEVEL_ONLY_UNLESS_NODE_COLUMNS_EXPLICITLY_CERTIFIED		NO	PARAMETERIZED_FAMILY	parameterized_family		NO			NO	ckc:275	presentation_level_only_geometry_identity_unresolved		NO	"[""A0"",""A1"",""A20"",""A21""]"	PRODUCTION_ROOT_NOT_AVAILABLE	NO	eight_plane_equation_or_family_available
276	SOURCE_LEVEL_ONLY_UNLESS_NODE_COLUMNS_EXPLICITLY_CERTIFIED		NO	PARAMETERIZED_FAMILY	parameterized_family		NO			NO	ckc:276	presentation_level_only_geometry_identity_unresolved		NO	"[""A0"",""A1""]"	PRODUCTION_ROOT_NOT_AVAILABLE	NO	eight_plane_equation_or_family_available
277	SOURCE_LEVEL_ONLY_UNLESS_NODE_COLUMNS_EXPLICITLY_CERTIFIED		NO	PARAMETERIZED_FAMILY	parameterized_family		NO			NO	ckc:277	presentation_level_only_geometry_identity_unresolved		NO	"[""A0"",""A1"",""A2""]"	PRODUCTION_ROOT_NOT_AVAILABLE	NO	eight_plane_equation_or_family_available
278	SOURCE_LEVEL_ONLY_UNLESS_NODE_COLUMNS_EXPLICITLY_CERTIFIED		NO	PARAMETERIZED_FAMILY	parameterized_family		NO			NO	ckc:278	presentation_level_only_geometry_identity_unresolved		NO	"[""A0"",""A1"",""A2""]"	PRODUCTION_ROOT_NOT_AVAILABLE	NO	eight_plane_equation_or_family_available
279	SOURCE_LEVEL_ONLY_UNLESS_NODE_COLUMNS_EXPLICITLY_CERTIFIED		NO	PARAMETERIZED_FAMILY	parameterized_family		NO			NO	ckc:279	presentation_level_only_geometry_identity_unresolved		NO	"[""A0"",""A1"",""A2""]"	PRODUCTION_ROOT_NOT_AVAILABLE	NO	eight_plane_equation_or_family_available
280	SOURCE_LEVEL_ONLY_UNLESS_NODE_COLUMNS_EXPLICITLY_CERTIFIED		NO	PARAMETERIZED_FAMILY	parameterized_family		NO			NO	ckc:280	presentation_level_only_geometry_identity_unresolved		NO	"[""A0"",""A1"",""A2""]"	PRODUCTION_ROOT_NOT_AVAILABLE	NO	eight_plane_equation_or_family_available
281	SOURCE_LEVEL_ONLY_UNLESS_NODE_COLUMNS_EXPLICITLY_CERTIFIED		NO	PARAMETERIZED_FAMILY	parameterized_family		NO			NO	ckc:281	presentation_level_only_geometry_identity_unresolved		NO	"[""A0"",""A1"",""A2""]"	PRODUCTION_ROOT_NOT_AVAILABLE	NO	eight_plane_equation_or_family_available
282	SOURCE_LEVEL_ONLY_UNLESS_NODE_COLUMNS_EXPLICITLY_CERTIFIED		NO	PARAMETERIZED_FAMILY	parameterized_family		NO			NO	ckc:282	presentation_level_only_geometry_identity_unresolved		NO	"[""A0"",""A1"",""A2""]"	PRODUCTION_ROOT_NOT_AVAILABLE	NO	eight_plane_equation_or_family_available
283	SOURCE_LEVEL_ONLY_UNLESS_NODE_COLUMNS_EXPLICITLY_CERTIFIED		NO	PARAMETERIZED_FAMILY	parameterized_family		NO			NO	ckc:283	presentation_level_only_geometry_identity_unresolved		NO	"[""A0"",""A1"",""A2""]"	PRODUCTION_ROOT_NOT_AVAILABLE	NO	eight_plane_equation_or_family_available
284	SOURCE_LEVEL_ONLY_UNLESS_NODE_COLUMNS_EXPLICITLY_CERTIFIED		NO	PARAMETERIZED_FAMILY	parameterized_family		NO			NO	ckc:284	presentation_level_only_geometry_identity_unresolved		NO	"[""A0"",""A1"",""A2""]"	PRODUCTION_ROOT_NOT_AVAILABLE	NO	eight_plane_equation_or_family_available
285	SOURCE_LEVEL_ONLY_UNLESS_NODE_COLUMNS_EXPLICITLY_CERTIFIED		NO	PARAMETERIZED_FAMILY	parameterized_family		NO			NO	ckc:285	presentation_level_only_geometry_identity_unresolved		NO	"[""A0"",""A1"",""A2""]"	PRODUCTION_ROOT_NOT_AVAILABLE	NO	eight_plane_equation_or_family_available
286	SOURCE_LEVEL_ONLY_UNLESS_NODE_COLUMNS_EXPLICITLY_CERTIFIED		NO	PARAMETERIZED_FAMILY	parameterized_family		NO			NO	ckc:286	presentation_level_only_geometry_identity_unresolved		NO	"[""A0"",""A1"",""A2""]"	PRODUCTION_ROOT_NOT_AVAILABLE	NO	eight_plane_equation_or_family_available
287	SOURCE_LEVEL_ONLY_UNLESS_NODE_COLUMNS_EXPLICITLY_CERTIFIED		NO	PARAMETERIZED_FAMILY	parameterized_family		NO			NO	ckc:287	presentation_level_only_geometry_identity_unresolved		NO	"[""A0"",""A1"",""A2"",""A3""]"	PRODUCTION_ROOT_NOT_AVAILABLE	NO	eight_plane_equation_or_family_available
288	SOURCE_LEVEL_ONLY_UNLESS_NODE_COLUMNS_EXPLICITLY_CERTIFIED		NO	PARAMETERIZED_FAMILY	parameterized_family		NO			NO	ckc:288	presentation_level_only_geometry_identity_unresolved		NO	"[""A0"",""A1"",""A2""]"	PRODUCTION_ROOT_NOT_AVAILABLE	NO	eight_plane_equation_or_family_available
289	SOURCE_LEVEL_ONLY_UNLESS_NODE_COLUMNS_EXPLICITLY_CERTIFIED		NO	PARAMETERIZED_FAMILY	parameterized_family		NO			NO	ckc:289	presentation_level_only_geometry_identity_unresolved		NO	"[""A0"",""A1"",""A2"",""A21"",""A22""]"	PRODUCTION_ROOT_NOT_AVAILABLE	NO	eight_plane_equation_or_family_available
290	SOURCE_LEVEL_ONLY_UNLESS_NODE_COLUMNS_EXPLICITLY_CERTIFIED		NO	PARAMETERIZED_FAMILY	parameterized_family		NO			NO	ckc:290	presentation_level_only_geometry_identity_unresolved		NO	"[""A0"",""A1"",""A2""]"	PRODUCTION_ROOT_NOT_AVAILABLE	NO	eight_plane_equation_or_family_available
291	SOURCE_LEVEL_ONLY_UNLESS_NODE_COLUMNS_EXPLICITLY_CERTIFIED		NO	PARAMETERIZED_FAMILY	parameterized_family		NO			NO	ckc:291	presentation_level_only_geometry_identity_unresolved		NO	"[""A0"",""A1"",""A2""]"	PRODUCTION_ROOT_NOT_AVAILABLE	NO	eight_plane_equation_or_family_available
292	SOURCE_LEVEL_ONLY_UNLESS_NODE_COLUMNS_EXPLICITLY_CERTIFIED		NO	PARAMETERIZED_FAMILY	parameterized_family		NO			NO	ckc:292	presentation_level_only_geometry_identity_unresolved		NO	"[""A0"",""A1"",""A2""]"	PRODUCTION_ROOT_NOT_AVAILABLE	NO	eight_plane_equation_or_family_available
293	SOURCE_LEVEL_ONLY_UNLESS_NODE_COLUMNS_EXPLICITLY_CERTIFIED		NO	PARAMETERIZED_FAMILY	parameterized_family		NO			NO	ckc:293	presentation_level_only_geometry_identity_unresolved		NO	"[""A0"",""A1"",""A2""]"	PRODUCTION_ROOT_NOT_AVAILABLE	NO	eight_plane_equation_or_family_available
294	SOURCE_LEVEL_ONLY_UNLESS_NODE_COLUMNS_EXPLICITLY_CERTIFIED		NO	PARAMETERIZED_FAMILY	parameterized_family		NO			NO	ckc:294	presentation_level_only_geometry_identity_unresolved		NO	"[""A0"",""A1"",""A2""]"	PRODUCTION_ROOT_NOT_AVAILABLE	NO	eight_plane_equation_or_family_available
295	SOURCE_LEVEL_ONLY_UNLESS_NODE_COLUMNS_EXPLICITLY_CERTIFIED		NO	PARAMETERIZED_FAMILY	parameterized_family		NO			NO	ckc:295	presentation_level_only_geometry_identity_unresolved		NO	"[""A0"",""A1"",""A2""]"	PRODUCTION_ROOT_NOT_AVAILABLE	NO	eight_plane_equation_or_family_available
296	SOURCE_LEVEL_ONLY_UNLESS_NODE_COLUMNS_EXPLICITLY_CERTIFIED		NO	PARAMETERIZED_FAMILY	parameterized_family		NO			NO	ckc:296	presentation_level_only_geometry_identity_unresolved		NO	"[""A0"",""A1"",""A2""]"	PRODUCTION_ROOT_NOT_AVAILABLE	NO	eight_plane_equation_or_family_available
297	SOURCE_LEVEL_ONLY_UNLESS_NODE_COLUMNS_EXPLICITLY_CERTIFIED		NO	PARAMETERIZED_FAMILY	parameterized_family		NO			NO	ckc:297	presentation_level_only_geometry_identity_unresolved		NO	"[""A0"",""A1"",""A2""]"	PRODUCTION_ROOT_NOT_AVAILABLE	NO	eight_plane_equation_or_family_available
298	SOURCE_LEVEL_ONLY_UNLESS_NODE_COLUMNS_EXPLICITLY_CERTIFIED		NO	PARAMETERIZED_FAMILY	parameterized_family		NO			NO	ckc:298	presentation_level_only_geometry_identity_unresolved		NO	"[""A0"",""A1"",""A2""]"	PRODUCTION_ROOT_NOT_AVAILABLE	NO	eight_plane_equation_or_family_available
299	SOURCE_LEVEL_ONLY_UNLESS_NODE_COLUMNS_EXPLICITLY_CERTIFIED		NO	PARAMETERIZED_FAMILY	parameterized_family		NO			NO	ckc:299	presentation_level_only_geometry_identity_unresolved		NO	"[""A0"",""A1"",""A2""]"	PRODUCTION_ROOT_NOT_AVAILABLE	NO	eight_plane_equation_or_family_available
300	SOURCE_LEVEL_ONLY_UNLESS_NODE_COLUMNS_EXPLICITLY_CERTIFIED		NO	PARAMETERIZED_FAMILY	parameterized_family		NO			NO	ckc:300	presentation_level_only_geometry_identity_unresolved		NO	"[""A0"",""A1"",""A2""]"	PRODUCTION_ROOT_NOT_AVAILABLE	NO	eight_plane_equation_or_family_available
301	SOURCE_LEVEL_ONLY_UNLESS_NODE_COLUMNS_EXPLICITLY_CERTIFIED		NO	PARAMETERIZED_FAMILY	parameterized_family		NO			NO	ckc:301	presentation_level_only_geometry_identity_unresolved		NO	"[""A0"",""A1"",""A2""]"	PRODUCTION_ROOT_NOT_AVAILABLE	NO	eight_plane_equation_or_family_available
302	SOURCE_LEVEL_ONLY_UNLESS_NODE_COLUMNS_EXPLICITLY_CERTIFIED		NO	PARAMETERIZED_FAMILY	parameterized_family		NO			NO	ckc:302	presentation_level_only_geometry_identity_unresolved		NO	"[""A0"",""A1"",""A2""]"	PRODUCTION_ROOT_NOT_AVAILABLE	NO	eight_plane_equation_or_family_available
303	SOURCE_LEVEL_ONLY_UNLESS_NODE_COLUMNS_EXPLICITLY_CERTIFIED		NO	PARAMETERIZED_FAMILY	parameterized_family		NO			NO	ckc:303	presentation_level_only_geometry_identity_unresolved		NO	"[""A0"",""A1"",""A2""]"	PRODUCTION_ROOT_NOT_AVAILABLE	NO	eight_plane_equation_or_family_available
304	SOURCE_LEVEL_ONLY_UNLESS_NODE_COLUMNS_EXPLICITLY_CERTIFIED		NO	PARAMETERIZED_FAMILY	parameterized_family		NO			NO	ckc:304	presentation_level_only_geometry_identity_unresolved		NO	"[""A0"",""A1"",""A2""]"	PRODUCTION_ROOT_NOT_AVAILABLE	NO	eight_plane_equation_or_family_available
305	SOURCE_LEVEL_ONLY_UNLESS_NODE_COLUMNS_EXPLICITLY_CERTIFIED		NO	PARAMETERIZED_FAMILY	parameterized_family		NO			NO	ckc:305	presentation_level_only_geometry_identity_unresolved		NO	"[""A0"",""A1"",""A2""]"	PRODUCTION_ROOT_NOT_AVAILABLE	NO	eight_plane_equation_or_family_available
306	SOURCE_LEVEL_ONLY_UNLESS_NODE_COLUMNS_EXPLICITLY_CERTIFIED		NO	PARAMETERIZED_FAMILY	parameterized_family		NO			NO	ckc:306	presentation_level_only_geometry_identity_unresolved		NO	"[""A0"",""A1"",""A2""]"	PRODUCTION_ROOT_NOT_AVAILABLE	NO	eight_plane_equation_or_family_available
307	SOURCE_LEVEL_ONLY_UNLESS_NODE_COLUMNS_EXPLICITLY_CERTIFIED		NO	PARAMETERIZED_FAMILY	parameterized_family		NO			NO	ckc:307	presentation_level_only_geometry_identity_unresolved		NO	"[""A0"",""A1"",""A2""]"	PRODUCTION_ROOT_NOT_AVAILABLE	NO	eight_plane_equation_or_family_available
308	SOURCE_LEVEL_ONLY_UNLESS_NODE_COLUMNS_EXPLICITLY_CERTIFIED		NO	PARAMETERIZED_FAMILY	parameterized_family		NO			NO	ckc:308	presentation_level_only_geometry_identity_unresolved		NO	"[""A0"",""A1"",""A2""]"	PRODUCTION_ROOT_NOT_AVAILABLE	NO	eight_plane_equation_or_family_available
309	SOURCE_LEVEL_ONLY_UNLESS_NODE_COLUMNS_EXPLICITLY_CERTIFIED		NO	PARAMETERIZED_FAMILY	parameterized_family		NO			NO	ckc:309	presentation_level_only_geometry_identity_unresolved		NO	"[""A0"",""A1"",""A2""]"	PRODUCTION_ROOT_NOT_AVAILABLE	NO	eight_plane_equation_or_family_available
310	SOURCE_LEVEL_ONLY_UNLESS_NODE_COLUMNS_EXPLICITLY_CERTIFIED		NO	PARAMETERIZED_FAMILY	parameterized_family		NO			NO	ckc:310	presentation_level_only_geometry_identity_unresolved		NO	"[""A0"",""A1"",""A2""]"	PRODUCTION_ROOT_NOT_AVAILABLE	NO	eight_plane_equation_or_family_available
311	SOURCE_LEVEL_ONLY_UNLESS_NODE_COLUMNS_EXPLICITLY_CERTIFIED		NO	PARAMETERIZED_FAMILY	parameterized_family		NO			NO	ckc:311	presentation_level_only_geometry_identity_unresolved		NO	"[""A0"",""A1"",""A2""]"	PRODUCTION_ROOT_NOT_AVAILABLE	NO	eight_plane_equation_or_family_available
312	SOURCE_LEVEL_ONLY_UNLESS_NODE_COLUMNS_EXPLICITLY_CERTIFIED		NO	PARAMETERIZED_FAMILY	parameterized_family		NO			NO	ckc:312	presentation_level_only_geometry_identity_unresolved		NO	"[""A0"",""A1"",""A2""]"	PRODUCTION_ROOT_NOT_AVAILABLE	NO	eight_plane_equation_or_family_available
313	SOURCE_LEVEL_ONLY_UNLESS_NODE_COLUMNS_EXPLICITLY_CERTIFIED		NO	PARAMETERIZED_FAMILY	parameterized_family		NO			NO	ckc:313	presentation_level_only_geometry_identity_unresolved		NO	"[""A0"",""A1"",""A2""]"	PRODUCTION_ROOT_NOT_AVAILABLE	NO	eight_plane_equation_or_family_available
314	SOURCE_LEVEL_ONLY_UNLESS_NODE_COLUMNS_EXPLICITLY_CERTIFIED		NO	PARAMETERIZED_FAMILY	parameterized_family		NO			NO	ckc:314	presentation_level_only_geometry_identity_unresolved		NO	"[""A0"",""A1"",""A2""]"	PRODUCTION_ROOT_NOT_AVAILABLE	NO	eight_plane_equation_or_family_available
315	SOURCE_LEVEL_ONLY_UNLESS_NODE_COLUMNS_EXPLICITLY_CERTIFIED		NO	PARAMETERIZED_FAMILY	parameterized_family		NO			NO	ckc:315	presentation_level_only_geometry_identity_unresolved		NO	"[""A0"",""A1"",""A2""]"	PRODUCTION_ROOT_NOT_AVAILABLE	NO	eight_plane_equation_or_family_available
316	SOURCE_LEVEL_ONLY_UNLESS_NODE_COLUMNS_EXPLICITLY_CERTIFIED		NO	PARAMETERIZED_FAMILY	parameterized_family		NO			NO	ckc:316	presentation_level_only_geometry_identity_unresolved		NO	"[""A0"",""A1"",""A2""]"	PRODUCTION_ROOT_NOT_AVAILABLE	NO	eight_plane_equation_or_family_available
317	SOURCE_LEVEL_ONLY_UNLESS_NODE_COLUMNS_EXPLICITLY_CERTIFIED		NO	PARAMETERIZED_FAMILY	parameterized_family		NO			NO	ckc:317	presentation_level_only_geometry_identity_unresolved		NO	"[""A1"",""A2"",""A20"",""A21"",""A22""]"	PRODUCTION_ROOT_NOT_AVAILABLE	NO	eight_plane_equation_or_family_available
318	SOURCE_LEVEL_ONLY_UNLESS_NODE_COLUMNS_EXPLICITLY_CERTIFIED		NO	PARAMETERIZED_FAMILY	parameterized_family		NO			NO	ckc:318	presentation_level_only_geometry_identity_unresolved		NO	"[""A0"",""A1"",""A2""]"	PRODUCTION_ROOT_NOT_AVAILABLE	NO	eight_plane_equation_or_family_available
319	SOURCE_LEVEL_ONLY_UNLESS_NODE_COLUMNS_EXPLICITLY_CERTIFIED		NO	PARAMETERIZED_FAMILY	parameterized_family		NO			NO	ckc:319	presentation_level_only_geometry_identity_unresolved		NO	"[""A0"",""A1"",""A2""]"	PRODUCTION_ROOT_NOT_AVAILABLE	NO	eight_plane_equation_or_family_available
320	SOURCE_LEVEL_ONLY_UNLESS_NODE_COLUMNS_EXPLICITLY_CERTIFIED		NO	PARAMETERIZED_FAMILY	parameterized_family		NO			NO	ckc:320	presentation_level_only_geometry_identity_unresolved		NO	"[""A0"",""A1"",""A2""]"	PRODUCTION_ROOT_NOT_AVAILABLE	NO	eight_plane_equation_or_family_available
321	SOURCE_LEVEL_ONLY_UNLESS_NODE_COLUMNS_EXPLICITLY_CERTIFIED		NO	PARAMETERIZED_FAMILY	parameterized_family		NO			NO	ckc:321	presentation_level_only_geometry_identity_unresolved		NO	"[""A0"",""A1"",""A2""]"	PRODUCTION_ROOT_NOT_AVAILABLE	NO	eight_plane_equation_or_family_available
322	SOURCE_LEVEL_ONLY_UNLESS_NODE_COLUMNS_EXPLICITLY_CERTIFIED		NO	PARAMETERIZED_FAMILY	parameterized_family		NO			NO	ckc:322	presentation_level_only_geometry_identity_unresolved		NO	"[""A0"",""A1"",""A2""]"	PRODUCTION_ROOT_NOT_AVAILABLE	NO	eight_plane_equation_or_family_available
323	SOURCE_LEVEL_ONLY_UNLESS_NODE_COLUMNS_EXPLICITLY_CERTIFIED		NO	PARAMETERIZED_FAMILY	parameterized_family		NO			NO	ckc:323	presentation_level_only_geometry_identity_unresolved		NO	"[""A0"",""A1"",""A2""]"	PRODUCTION_ROOT_NOT_AVAILABLE	NO	eight_plane_equation_or_family_available
324	SOURCE_LEVEL_ONLY_UNLESS_NODE_COLUMNS_EXPLICITLY_CERTIFIED		NO	PARAMETERIZED_FAMILY	parameterized_family		NO			NO	ckc:324	presentation_level_only_geometry_identity_unresolved		NO	"[""A0"",""A1"",""A2"",""A22""]"	PRODUCTION_ROOT_NOT_AVAILABLE	NO	eight_plane_equation_or_family_available
325	SOURCE_LEVEL_ONLY_UNLESS_NODE_COLUMNS_EXPLICITLY_CERTIFIED		NO	PARAMETERIZED_FAMILY	parameterized_family		NO			NO	ckc:325	presentation_level_only_geometry_identity_unresolved		NO	"[""A0"",""A1"",""A2"",""A21"",""A22""]"	PRODUCTION_ROOT_NOT_AVAILABLE	NO	eight_plane_equation_or_family_available
326	SOURCE_LEVEL_ONLY_UNLESS_NODE_COLUMNS_EXPLICITLY_CERTIFIED		NO	PARAMETERIZED_FAMILY	parameterized_family		NO			NO	ckc:326	presentation_level_only_geometry_identity_unresolved		NO	"[""A0"",""A1"",""A2""]"	PRODUCTION_ROOT_NOT_AVAILABLE	NO	eight_plane_equation_or_family_available
327	SOURCE_LEVEL_ONLY_UNLESS_NODE_COLUMNS_EXPLICITLY_CERTIFIED		NO	PARAMETERIZED_FAMILY	parameterized_family		NO			NO	ckc:327	presentation_level_only_geometry_identity_unresolved		NO	"[""A0"",""A1"",""A2""]"	PRODUCTION_ROOT_NOT_AVAILABLE	NO	eight_plane_equation_or_family_available
328	SOURCE_LEVEL_ONLY_UNLESS_NODE_COLUMNS_EXPLICITLY_CERTIFIED		NO	PARAMETERIZED_FAMILY	parameterized_family		NO			NO	ckc:328	presentation_level_only_geometry_identity_unresolved		NO	"[""A0"",""A1"",""A2""]"	PRODUCTION_ROOT_NOT_AVAILABLE	NO	eight_plane_equation_or_family_available
329	SOURCE_LEVEL_ONLY_UNLESS_NODE_COLUMNS_EXPLICITLY_CERTIFIED		NO	PARAMETERIZED_FAMILY	parameterized_family		NO			NO	ckc:329	presentation_level_only_geometry_identity_unresolved		NO	"[""A0"",""A1"",""A2"",""A3""]"	PRODUCTION_ROOT_NOT_AVAILABLE	NO	eight_plane_equation_or_family_available
330	SOURCE_LEVEL_ONLY_UNLESS_NODE_COLUMNS_EXPLICITLY_CERTIFIED		NO	PARAMETERIZED_FAMILY	parameterized_family		NO			NO	ckc:330	presentation_level_only_geometry_identity_unresolved		NO	"[""A0"",""A1"",""A2"",""A3""]"	PRODUCTION_ROOT_NOT_AVAILABLE	NO	eight_plane_equation_or_family_available
331	SOURCE_LEVEL_ONLY_UNLESS_NODE_COLUMNS_EXPLICITLY_CERTIFIED		NO	PARAMETERIZED_FAMILY	parameterized_family		NO			NO	ckc:331	presentation_level_only_geometry_identity_unresolved		NO	"[""A0"",""A1"",""A2"",""A3""]"	PRODUCTION_ROOT_NOT_AVAILABLE	NO	eight_plane_equation_or_family_available
332	SOURCE_LEVEL_ONLY_UNLESS_NODE_COLUMNS_EXPLICITLY_CERTIFIED		NO	PARAMETERIZED_FAMILY	parameterized_family		NO			NO	ckc:332	presentation_level_only_geometry_identity_unresolved		NO	"[""A0"",""A1"",""A2"",""A3""]"	PRODUCTION_ROOT_NOT_AVAILABLE	NO	eight_plane_equation_or_family_available
333	SOURCE_LEVEL_ONLY_UNLESS_NODE_COLUMNS_EXPLICITLY_CERTIFIED		NO	PARAMETERIZED_FAMILY	parameterized_family		NO			NO	ckc:333	presentation_level_only_geometry_identity_unresolved		NO	"[""A0"",""A1"",""A2"",""A3""]"	PRODUCTION_ROOT_NOT_AVAILABLE	NO	eight_plane_equation_or_family_available
334	SOURCE_LEVEL_ONLY_UNLESS_NODE_COLUMNS_EXPLICITLY_CERTIFIED		NO	PARAMETERIZED_FAMILY	parameterized_family		NO			NO	ckc:334	presentation_level_only_geometry_identity_unresolved		NO	"[""A0"",""A1"",""A2"",""A3""]"	PRODUCTION_ROOT_NOT_AVAILABLE	NO	eight_plane_equation_or_family_available
335	SOURCE_LEVEL_ONLY_UNLESS_NODE_COLUMNS_EXPLICITLY_CERTIFIED		NO	PARAMETERIZED_FAMILY	parameterized_family		NO			NO	ckc:335	presentation_level_only_geometry_identity_unresolved		NO	"[""A0"",""A1"",""A2"",""A3""]"	PRODUCTION_ROOT_NOT_AVAILABLE	NO	eight_plane_equation_or_family_available
336	SOURCE_LEVEL_ONLY_UNLESS_NODE_COLUMNS_EXPLICITLY_CERTIFIED		NO	PARAMETERIZED_FAMILY	parameterized_family		NO			NO	ckc:336	presentation_level_only_geometry_identity_unresolved		NO	"[""A0"",""A1"",""A2"",""A3""]"	PRODUCTION_ROOT_NOT_AVAILABLE	NO	eight_plane_equation_or_family_available
337	SOURCE_LEVEL_ONLY_UNLESS_NODE_COLUMNS_EXPLICITLY_CERTIFIED		NO	PARAMETERIZED_FAMILY	parameterized_family		NO			NO	ckc:337	presentation_level_only_geometry_identity_unresolved		NO	"[""A0"",""A1"",""A2"",""A3""]"	PRODUCTION_ROOT_NOT_AVAILABLE	NO	eight_plane_equation_or_family_available
338	SOURCE_LEVEL_ONLY_UNLESS_NODE_COLUMNS_EXPLICITLY_CERTIFIED		NO	PARAMETERIZED_FAMILY	parameterized_family		NO			NO	ckc:338	presentation_level_only_geometry_identity_unresolved		NO	"[""A0"",""A1"",""A2"",""A3""]"	PRODUCTION_ROOT_NOT_AVAILABLE	NO	eight_plane_equation_or_family_available
339	SOURCE_LEVEL_ONLY_UNLESS_NODE_COLUMNS_EXPLICITLY_CERTIFIED		NO	PARAMETERIZED_FAMILY	parameterized_family		NO			NO	ckc:339	presentation_level_only_geometry_identity_unresolved		NO	"[""A0"",""A1"",""A2"",""A3""]"	PRODUCTION_ROOT_NOT_AVAILABLE	NO	eight_plane_equation_or_family_available
340	SOURCE_LEVEL_ONLY_UNLESS_NODE_COLUMNS_EXPLICITLY_CERTIFIED		NO	PARAMETERIZED_FAMILY	parameterized_family		NO			NO	ckc:340	presentation_level_only_geometry_identity_unresolved		NO	"[""A0"",""A1"",""A2"",""A3""]"	PRODUCTION_ROOT_NOT_AVAILABLE	NO	eight_plane_equation_or_family_available
341	SOURCE_LEVEL_ONLY_UNLESS_NODE_COLUMNS_EXPLICITLY_CERTIFIED		NO	PARAMETERIZED_FAMILY	parameterized_family		NO			NO	ckc:341	presentation_level_only_geometry_identity_unresolved		NO	"[""A0"",""A1"",""A2"",""A3""]"	PRODUCTION_ROOT_NOT_AVAILABLE	NO	eight_plane_equation_or_family_available
342	SOURCE_LEVEL_ONLY_UNLESS_NODE_COLUMNS_EXPLICITLY_CERTIFIED		NO	PARAMETERIZED_FAMILY	parameterized_family		NO			NO	ckc:342	presentation_level_only_geometry_identity_unresolved		NO	"[""A0"",""A1"",""A2"",""A3""]"	PRODUCTION_ROOT_NOT_AVAILABLE	NO	eight_plane_equation_or_family_available
343	SOURCE_LEVEL_ONLY_UNLESS_NODE_COLUMNS_EXPLICITLY_CERTIFIED		NO	PARAMETERIZED_FAMILY	parameterized_family		NO			NO	ckc:343	presentation_level_only_geometry_identity_unresolved		NO	"[""A0"",""A1"",""A2"",""A3""]"	PRODUCTION_ROOT_NOT_AVAILABLE	NO	eight_plane_equation_or_family_available
344	SOURCE_LEVEL_ONLY_UNLESS_NODE_COLUMNS_EXPLICITLY_CERTIFIED		NO	PARAMETERIZED_FAMILY	parameterized_family		NO			NO	ckc:344	presentation_level_only_geometry_identity_unresolved		NO	"[""A0"",""A1"",""A2"",""A3""]"	PRODUCTION_ROOT_NOT_AVAILABLE	NO	eight_plane_equation_or_family_available
345	SOURCE_LEVEL_ONLY_UNLESS_NODE_COLUMNS_EXPLICITLY_CERTIFIED		NO	PARAMETERIZED_FAMILY	parameterized_family		NO			NO	ckc:345	presentation_level_only_geometry_identity_unresolved		NO	"[""A0"",""A1"",""A2"",""A3""]"	PRODUCTION_ROOT_NOT_AVAILABLE	NO	eight_plane_equation_or_family_available
346	SOURCE_LEVEL_ONLY_UNLESS_NODE_COLUMNS_EXPLICITLY_CERTIFIED		NO	PARAMETERIZED_FAMILY	parameterized_family		NO			NO	ckc:346	presentation_level_only_geometry_identity_unresolved		NO	"[""A0"",""A1"",""A2"",""A3""]"	PRODUCTION_ROOT_NOT_AVAILABLE	NO	eight_plane_equation_or_family_available
347	SOURCE_LEVEL_ONLY_UNLESS_NODE_COLUMNS_EXPLICITLY_CERTIFIED		NO	PARAMETERIZED_FAMILY	parameterized_family		NO			NO	ckc:347	presentation_level_only_geometry_identity_unresolved		NO	"[""A0"",""A1"",""A2"",""A3""]"	PRODUCTION_ROOT_NOT_AVAILABLE	NO	eight_plane_equation_or_family_available
348	SOURCE_LEVEL_ONLY_UNLESS_NODE_COLUMNS_EXPLICITLY_CERTIFIED		NO	PARAMETERIZED_FAMILY	parameterized_family		NO			NO	ckc:348	presentation_level_only_geometry_identity_unresolved		NO	"[""A0"",""A1"",""A2"",""A3""]"	PRODUCTION_ROOT_NOT_AVAILABLE	NO	eight_plane_equation_or_family_available
349	SOURCE_LEVEL_ONLY_UNLESS_NODE_COLUMNS_EXPLICITLY_CERTIFIED		NO	PARAMETERIZED_FAMILY	parameterized_family		NO			NO	ckc:349	presentation_level_only_geometry_identity_unresolved		NO	"[""A0"",""A1"",""A2"",""A3""]"	PRODUCTION_ROOT_NOT_AVAILABLE	NO	eight_plane_equation_or_family_available
350	SOURCE_LEVEL_ONLY_UNLESS_NODE_COLUMNS_EXPLICITLY_CERTIFIED		NO	PARAMETERIZED_FAMILY	parameterized_family		NO			NO	ckc:350	presentation_level_only_geometry_identity_unresolved		NO	"[""A0"",""A1"",""A2"",""A3""]"	PRODUCTION_ROOT_NOT_AVAILABLE	NO	eight_plane_equation_or_family_available
351	SOURCE_LEVEL_ONLY_UNLESS_NODE_COLUMNS_EXPLICITLY_CERTIFIED		NO	PARAMETERIZED_FAMILY	parameterized_family		NO			NO	ckc:351	presentation_level_only_geometry_identity_unresolved		NO	"[""A0"",""A1"",""A2"",""A3""]"	PRODUCTION_ROOT_NOT_AVAILABLE	NO	eight_plane_equation_or_family_available
352	SOURCE_LEVEL_ONLY_UNLESS_NODE_COLUMNS_EXPLICITLY_CERTIFIED		NO	PARAMETERIZED_FAMILY	parameterized_family		NO			NO	ckc:352	presentation_level_only_geometry_identity_unresolved		NO	"[""A0"",""A1"",""A2"",""A3""]"	PRODUCTION_ROOT_NOT_AVAILABLE	NO	eight_plane_equation_or_family_available
353	SOURCE_LEVEL_ONLY_UNLESS_NODE_COLUMNS_EXPLICITLY_CERTIFIED		NO	PARAMETERIZED_FAMILY	parameterized_family		NO			NO	ckc:353	presentation_level_only_geometry_identity_unresolved		NO	"[""A0"",""A1"",""A2"",""A3""]"	PRODUCTION_ROOT_NOT_AVAILABLE	NO	eight_plane_equation_or_family_available
354	SOURCE_LEVEL_ONLY_UNLESS_NODE_COLUMNS_EXPLICITLY_CERTIFIED		NO	PARAMETERIZED_FAMILY	parameterized_family		NO			NO	ckc:354	presentation_level_only_geometry_identity_unresolved		NO	"[""A0"",""A1"",""A2"",""A3""]"	PRODUCTION_ROOT_NOT_AVAILABLE	NO	eight_plane_equation_or_family_available
355	SOURCE_LEVEL_ONLY_UNLESS_NODE_COLUMNS_EXPLICITLY_CERTIFIED		NO	PARAMETERIZED_FAMILY	parameterized_family		NO			NO	ckc:355	presentation_level_only_geometry_identity_unresolved		NO	"[""A0"",""A1"",""A2"",""A3""]"	PRODUCTION_ROOT_NOT_AVAILABLE	NO	eight_plane_equation_or_family_available
356	SOURCE_LEVEL_ONLY_UNLESS_NODE_COLUMNS_EXPLICITLY_CERTIFIED		NO	PARAMETERIZED_FAMILY	parameterized_family		NO			NO	ckc:356	presentation_level_only_geometry_identity_unresolved		NO	"[""A0"",""A1"",""A2"",""A3""]"	PRODUCTION_ROOT_NOT_AVAILABLE	NO	eight_plane_equation_or_family_available
357	SOURCE_LEVEL_ONLY_UNLESS_NODE_COLUMNS_EXPLICITLY_CERTIFIED		NO	PARAMETERIZED_FAMILY	parameterized_family		NO			NO	ckc:357	presentation_level_only_geometry_identity_unresolved		NO	"[""A0"",""A1"",""A2"",""A3""]"	PRODUCTION_ROOT_NOT_AVAILABLE	NO	eight_plane_equation_or_family_available
358	SOURCE_LEVEL_ONLY_UNLESS_NODE_COLUMNS_EXPLICITLY_CERTIFIED		NO	PARAMETERIZED_FAMILY	parameterized_family		NO			NO	ckc:358	presentation_level_only_geometry_identity_unresolved		NO	"[""A0"",""A1"",""A2"",""A3""]"	PRODUCTION_ROOT_NOT_AVAILABLE	NO	eight_plane_equation_or_family_available
359	SOURCE_LEVEL_ONLY_UNLESS_NODE_COLUMNS_EXPLICITLY_CERTIFIED		NO	PARAMETERIZED_FAMILY	parameterized_family		NO			NO	ckc:359	presentation_level_only_geometry_identity_unresolved		NO	"[""A0"",""A1"",""A2"",""A3""]"	PRODUCTION_ROOT_NOT_AVAILABLE	NO	eight_plane_equation_or_family_available
360	SOURCE_LEVEL_ONLY_UNLESS_NODE_COLUMNS_EXPLICITLY_CERTIFIED		NO	PARAMETERIZED_FAMILY	parameterized_family		NO			NO	ckc:360	presentation_level_only_geometry_identity_unresolved		NO	"[""A0"",""A1"",""A2"",""A3""]"	PRODUCTION_ROOT_NOT_AVAILABLE	NO	eight_plane_equation_or_family_available
361	SOURCE_LEVEL_ONLY_UNLESS_NODE_COLUMNS_EXPLICITLY_CERTIFIED		NO	PARAMETERIZED_FAMILY	parameterized_family		NO			NO	ckc:361	presentation_level_only_geometry_identity_unresolved		NO	"[""A0"",""A1"",""A2"",""A3""]"	PRODUCTION_ROOT_NOT_AVAILABLE	NO	eight_plane_equation_or_family_available
362	SOURCE_LEVEL_ONLY_UNLESS_NODE_COLUMNS_EXPLICITLY_CERTIFIED		NO	PARAMETERIZED_FAMILY	parameterized_family		NO			NO	ckc:362	presentation_level_only_geometry_identity_unresolved		NO	"[""A0"",""A1"",""A2"",""A3""]"	PRODUCTION_ROOT_NOT_AVAILABLE	NO	eight_plane_equation_or_family_available
363	SOURCE_LEVEL_ONLY_UNLESS_NODE_COLUMNS_EXPLICITLY_CERTIFIED		NO	PARAMETERIZED_FAMILY	parameterized_family		NO			NO	ckc:363	presentation_level_only_geometry_identity_unresolved		NO	"[""A0"",""A1"",""A2"",""A3""]"	PRODUCTION_ROOT_NOT_AVAILABLE	NO	eight_plane_equation_or_family_available
364	SOURCE_LEVEL_ONLY_UNLESS_NODE_COLUMNS_EXPLICITLY_CERTIFIED		NO	PARAMETERIZED_FAMILY	parameterized_family		NO			NO	ckc:364	presentation_level_only_geometry_identity_unresolved		NO	"[""A0"",""A1"",""A2"",""A3""]"	PRODUCTION_ROOT_NOT_AVAILABLE	NO	eight_plane_equation_or_family_available
365	SOURCE_LEVEL_ONLY_UNLESS_NODE_COLUMNS_EXPLICITLY_CERTIFIED		NO	PARAMETERIZED_FAMILY	parameterized_family		NO			NO	ckc:365	presentation_level_only_geometry_identity_unresolved		NO	"[""A0"",""A1"",""A2"",""A3""]"	PRODUCTION_ROOT_NOT_AVAILABLE	NO	eight_plane_equation_or_family_available
366	SOURCE_LEVEL_ONLY_UNLESS_NODE_COLUMNS_EXPLICITLY_CERTIFIED		NO	PARAMETERIZED_FAMILY	parameterized_family		NO			NO	ckc:366	presentation_level_only_geometry_identity_unresolved		NO	"[""A0"",""A1"",""A2"",""A3""]"	PRODUCTION_ROOT_NOT_AVAILABLE	NO	eight_plane_equation_or_family_available
367	SOURCE_LEVEL_ONLY_UNLESS_NODE_COLUMNS_EXPLICITLY_CERTIFIED		NO	PARAMETERIZED_FAMILY	parameterized_family		NO			NO	ckc:367	presentation_level_only_geometry_identity_unresolved		NO	"[""A0"",""A1"",""A2"",""A3""]"	PRODUCTION_ROOT_NOT_AVAILABLE	NO	eight_plane_equation_or_family_available
368	SOURCE_LEVEL_ONLY_UNLESS_NODE_COLUMNS_EXPLICITLY_CERTIFIED		NO	PARAMETERIZED_FAMILY	parameterized_family		NO			NO	ckc:368	presentation_level_only_geometry_identity_unresolved		NO	"[""A0"",""A1"",""A2"",""A3""]"	PRODUCTION_ROOT_NOT_AVAILABLE	NO	eight_plane_equation_or_family_available
369	SOURCE_LEVEL_ONLY_UNLESS_NODE_COLUMNS_EXPLICITLY_CERTIFIED		NO	PARAMETERIZED_FAMILY	parameterized_family		NO			NO	ckc:369	presentation_level_only_geometry_identity_unresolved		NO	"[""A0"",""A1"",""A2"",""A3""]"	PRODUCTION_ROOT_NOT_AVAILABLE	NO	eight_plane_equation_or_family_available
370	SOURCE_LEVEL_ONLY_UNLESS_NODE_COLUMNS_EXPLICITLY_CERTIFIED		NO	PARAMETERIZED_FAMILY	parameterized_family		NO			NO	ckc:370	presentation_level_only_geometry_identity_unresolved		NO	"[""A0"",""A1"",""A2"",""A3""]"	PRODUCTION_ROOT_NOT_AVAILABLE	NO	eight_plane_equation_or_family_available
371	SOURCE_LEVEL_ONLY_UNLESS_NODE_COLUMNS_EXPLICITLY_CERTIFIED		NO	PARAMETERIZED_FAMILY	parameterized_family		NO			NO	ckc:371	presentation_level_only_geometry_identity_unresolved		NO	"[""A0"",""A1"",""A2"",""A3""]"	PRODUCTION_ROOT_NOT_AVAILABLE	NO	eight_plane_equation_or_family_available
372	SOURCE_LEVEL_ONLY_UNLESS_NODE_COLUMNS_EXPLICITLY_CERTIFIED		NO	PARAMETERIZED_FAMILY	parameterized_family		NO			NO	ckc:372	presentation_level_only_geometry_identity_unresolved		NO	"[""A0"",""A1"",""A2"",""A3""]"	PRODUCTION_ROOT_NOT_AVAILABLE	NO	eight_plane_equation_or_family_available
373	SOURCE_LEVEL_ONLY_UNLESS_NODE_COLUMNS_EXPLICITLY_CERTIFIED		NO	PARAMETERIZED_FAMILY	parameterized_family		NO			NO	ckc:373	presentation_level_only_geometry_identity_unresolved		NO	"[""A0"",""A1"",""A2"",""A3""]"	PRODUCTION_ROOT_NOT_AVAILABLE	NO	eight_plane_equation_or_family_available
374	SOURCE_LEVEL_ONLY_UNLESS_NODE_COLUMNS_EXPLICITLY_CERTIFIED		NO	PARAMETERIZED_FAMILY	parameterized_family		NO			NO	ckc:374	presentation_level_only_geometry_identity_unresolved		NO	"[""A0"",""A1"",""A2"",""A3"",""A21""]"	PRODUCTION_ROOT_NOT_AVAILABLE	NO	eight_plane_equation_or_family_available
375	SOURCE_LEVEL_ONLY_UNLESS_NODE_COLUMNS_EXPLICITLY_CERTIFIED		NO	PARAMETERIZED_FAMILY	parameterized_family		NO			NO	ckc:375	presentation_level_only_geometry_identity_unresolved		NO	"[""A0"",""A1"",""A2"",""A3""]"	PRODUCTION_ROOT_NOT_AVAILABLE	NO	eight_plane_equation_or_family_available
376	SOURCE_LEVEL_ONLY_UNLESS_NODE_COLUMNS_EXPLICITLY_CERTIFIED		NO	PARAMETERIZED_FAMILY	parameterized_family		NO			NO	ckc:376	presentation_level_only_geometry_identity_unresolved		NO	"[""A0"",""A1"",""A2"",""A3""]"	PRODUCTION_ROOT_NOT_AVAILABLE	NO	eight_plane_equation_or_family_available
377	SOURCE_LEVEL_ONLY_UNLESS_NODE_COLUMNS_EXPLICITLY_CERTIFIED		NO	PARAMETERIZED_FAMILY	parameterized_family		NO			NO	ckc:377	presentation_level_only_geometry_identity_unresolved		NO	"[""A0"",""A1"",""A2"",""A3""]"	PRODUCTION_ROOT_NOT_AVAILABLE	NO	eight_plane_equation_or_family_available
378	SOURCE_LEVEL_ONLY_UNLESS_NODE_COLUMNS_EXPLICITLY_CERTIFIED		NO	PARAMETERIZED_FAMILY	parameterized_family		NO			NO	ckc:378	presentation_level_only_geometry_identity_unresolved		NO	"[""A0"",""A1"",""A2"",""A3""]"	PRODUCTION_ROOT_NOT_AVAILABLE	NO	eight_plane_equation_or_family_available
379	SOURCE_LEVEL_ONLY_UNLESS_NODE_COLUMNS_EXPLICITLY_CERTIFIED		NO	PARAMETERIZED_FAMILY	parameterized_family		NO			NO	ckc:379	presentation_level_only_geometry_identity_unresolved		NO	"[""A0"",""A1"",""A2"",""A3""]"	PRODUCTION_ROOT_NOT_AVAILABLE	NO	eight_plane_equation_or_family_available
380	SOURCE_LEVEL_ONLY_UNLESS_NODE_COLUMNS_EXPLICITLY_CERTIFIED		NO	PARAMETERIZED_FAMILY	parameterized_family		NO			NO	ckc:380	presentation_level_only_geometry_identity_unresolved		NO	"[""A0"",""A1"",""A2"",""A3""]"	PRODUCTION_ROOT_NOT_AVAILABLE	NO	eight_plane_equation_or_family_available
381	SOURCE_LEVEL_ONLY_UNLESS_NODE_COLUMNS_EXPLICITLY_CERTIFIED		NO	PARAMETERIZED_FAMILY	parameterized_family		NO			NO	ckc:381	presentation_level_only_geometry_identity_unresolved		NO	"[""A0"",""A1"",""A2"",""A3""]"	PRODUCTION_ROOT_NOT_AVAILABLE	NO	eight_plane_equation_or_family_available
382	SOURCE_LEVEL_ONLY_UNLESS_NODE_COLUMNS_EXPLICITLY_CERTIFIED		NO	PARAMETERIZED_FAMILY	parameterized_family		NO			NO	ckc:382	presentation_level_only_geometry_identity_unresolved		NO	"[""A0"",""A1"",""A2"",""A3""]"	PRODUCTION_ROOT_NOT_AVAILABLE	NO	eight_plane_equation_or_family_available
383	SOURCE_LEVEL_ONLY_UNLESS_NODE_COLUMNS_EXPLICITLY_CERTIFIED		NO	PARAMETERIZED_FAMILY	parameterized_family		NO			NO	ckc:383	presentation_level_only_geometry_identity_unresolved		NO	"[""A0"",""A1"",""A2"",""A3""]"	PRODUCTION_ROOT_NOT_AVAILABLE	NO	eight_plane_equation_or_family_available
384	SOURCE_LEVEL_ONLY_UNLESS_NODE_COLUMNS_EXPLICITLY_CERTIFIED		NO	PARAMETERIZED_FAMILY	parameterized_family		NO			NO	ckc:384	presentation_level_only_geometry_identity_unresolved		NO	"[""A0"",""A1"",""A2"",""A3"",""A4""]"	PRODUCTION_ROOT_NOT_AVAILABLE	NO	eight_plane_equation_or_family_available
385	SOURCE_LEVEL_ONLY_UNLESS_NODE_COLUMNS_EXPLICITLY_CERTIFIED		NO	PARAMETERIZED_FAMILY	parameterized_family		NO			NO	ckc:385	presentation_level_only_geometry_identity_unresolved		NO	"[""A0"",""A1"",""A2"",""A3"",""A20""]"	PRODUCTION_ROOT_NOT_AVAILABLE	NO	eight_plane_equation_or_family_available
386	SOURCE_LEVEL_ONLY_UNLESS_NODE_COLUMNS_EXPLICITLY_CERTIFIED		NO	PARAMETERIZED_FAMILY	parameterized_family		NO			NO	ckc:386	presentation_level_only_geometry_identity_unresolved		NO	"[""A0"",""A1"",""A2"",""A3"",""A4"",""A22"",""A24""]"	PRODUCTION_ROOT_NOT_AVAILABLE	NO	eight_plane_equation_or_family_available
387	SOURCE_LEVEL_ONLY_UNLESS_NODE_COLUMNS_EXPLICITLY_CERTIFIED		NO	PARAMETERIZED_FAMILY	parameterized_family		NO			NO	ckc:387	presentation_level_only_geometry_identity_unresolved		NO	"[""A0"",""A1"",""A2"",""A3"",""A4""]"	PRODUCTION_ROOT_NOT_AVAILABLE	NO	eight_plane_equation_or_family_available
388	SOURCE_LEVEL_ONLY_UNLESS_NODE_COLUMNS_EXPLICITLY_CERTIFIED		NO	PARAMETERIZED_FAMILY	parameterized_family		NO			NO	ckc:388	presentation_level_only_geometry_identity_unresolved		NO	"[""A0"",""A1"",""A2"",""A3"",""A4""]"	PRODUCTION_ROOT_NOT_AVAILABLE	NO	eight_plane_equation_or_family_available
389	SOURCE_LEVEL_ONLY_UNLESS_NODE_COLUMNS_EXPLICITLY_CERTIFIED		NO	PARAMETERIZED_FAMILY	parameterized_family		NO			NO	ckc:389	presentation_level_only_geometry_identity_unresolved		NO	"[""A0"",""A1"",""A2"",""A3"",""A4""]"	PRODUCTION_ROOT_NOT_AVAILABLE	NO	eight_plane_equation_or_family_available
390	SOURCE_LEVEL_ONLY_UNLESS_NODE_COLUMNS_EXPLICITLY_CERTIFIED		NO	PARAMETERIZED_FAMILY	parameterized_family		NO			NO	ckc:390	presentation_level_only_geometry_identity_unresolved		NO	"[""A0"",""A1"",""A2"",""A3"",""A4""]"	PRODUCTION_ROOT_NOT_AVAILABLE	NO	eight_plane_equation_or_family_available
391	SOURCE_LEVEL_ONLY_UNLESS_NODE_COLUMNS_EXPLICITLY_CERTIFIED		NO	PARAMETERIZED_FAMILY	parameterized_family		NO			NO	ckc:391	presentation_level_only_geometry_identity_unresolved		NO	"[""A0"",""A1"",""A2"",""A3"",""A4""]"	PRODUCTION_ROOT_NOT_AVAILABLE	NO	eight_plane_equation_or_family_available
392	SOURCE_LEVEL_ONLY_UNLESS_NODE_COLUMNS_EXPLICITLY_CERTIFIED		NO	PARAMETERIZED_FAMILY	parameterized_family		NO			NO	ckc:392	presentation_level_only_geometry_identity_unresolved		NO	"[""A0"",""A1"",""A2"",""A3"",""A4""]"	PRODUCTION_ROOT_NOT_AVAILABLE	NO	eight_plane_equation_or_family_available
393	SOURCE_LEVEL_ONLY_UNLESS_NODE_COLUMNS_EXPLICITLY_CERTIFIED		NO	PARAMETERIZED_FAMILY	parameterized_family		NO			NO	ckc:393	presentation_level_only_geometry_identity_unresolved		NO	"[""A0"",""A1"",""A2"",""A3"",""A4""]"	PRODUCTION_ROOT_NOT_AVAILABLE	NO	eight_plane_equation_or_family_available
394	SOURCE_LEVEL_ONLY_UNLESS_NODE_COLUMNS_EXPLICITLY_CERTIFIED		NO	PARAMETERIZED_FAMILY	parameterized_family		NO			NO	ckc:394	presentation_level_only_geometry_identity_unresolved		NO	"[""A0"",""A1"",""A2"",""A3"",""A4""]"	PRODUCTION_ROOT_NOT_AVAILABLE	NO	eight_plane_equation_or_family_available
395	SOURCE_LEVEL_ONLY_UNLESS_NODE_COLUMNS_EXPLICITLY_CERTIFIED		NO	PARAMETERIZED_FAMILY	parameterized_family		NO			NO	ckc:395	presentation_level_only_geometry_identity_unresolved		NO	"[""A0"",""A1"",""A2"",""A3"",""A4"",""A21""]"	PRODUCTION_ROOT_NOT_AVAILABLE	NO	eight_plane_equation_or_family_available
396	SOURCE_LEVEL_ONLY_UNLESS_NODE_COLUMNS_EXPLICITLY_CERTIFIED		NO	PARAMETERIZED_FAMILY	parameterized_family		NO			NO	ckc:396	presentation_level_only_geometry_identity_unresolved		NO	"[""A0"",""A1"",""A2"",""A3"",""A4"",""A21""]"	PRODUCTION_ROOT_NOT_AVAILABLE	NO	eight_plane_equation_or_family_available
397	SOURCE_LEVEL_ONLY_UNLESS_NODE_COLUMNS_EXPLICITLY_CERTIFIED		NO	PARAMETERIZED_FAMILY	parameterized_family		NO			NO	ckc:397	presentation_level_only_geometry_identity_unresolved		NO	"[""A0"",""A1"",""A2"",""A3"",""A4""]"	PRODUCTION_ROOT_NOT_AVAILABLE	NO	eight_plane_equation_or_family_available
398	SOURCE_LEVEL_ONLY_UNLESS_NODE_COLUMNS_EXPLICITLY_CERTIFIED		NO	PARAMETERIZED_FAMILY	parameterized_family		NO			NO	ckc:398	presentation_level_only_geometry_identity_unresolved		NO	"[""A0"",""A1"",""A2"",""A3"",""A4""]"	PRODUCTION_ROOT_NOT_AVAILABLE	NO	eight_plane_equation_or_family_available
399	SOURCE_LEVEL_ONLY_UNLESS_NODE_COLUMNS_EXPLICITLY_CERTIFIED		NO	PARAMETERIZED_FAMILY	parameterized_family		NO			NO	ckc:399	presentation_level_only_geometry_identity_unresolved		NO	"[""A0"",""A1"",""A2"",""A3"",""A4""]"	PRODUCTION_ROOT_NOT_AVAILABLE	NO	eight_plane_equation_or_family_available
400	SOURCE_LEVEL_ONLY_UNLESS_NODE_COLUMNS_EXPLICITLY_CERTIFIED		NO	PARAMETERIZED_FAMILY	parameterized_family		NO			NO	ckc:400	presentation_level_only_geometry_identity_unresolved		NO	"[""A0"",""A1"",""A2"",""A3"",""A4""]"	PRODUCTION_ROOT_NOT_AVAILABLE	NO	eight_plane_equation_or_family_available
401	SOURCE_LEVEL_ONLY_UNLESS_NODE_COLUMNS_EXPLICITLY_CERTIFIED		NO	PARAMETERIZED_FAMILY	parameterized_family		NO			NO	ckc:401	presentation_level_only_geometry_identity_unresolved		NO	"[""A0"",""A1"",""A2"",""A3"",""A4""]"	PRODUCTION_ROOT_NOT_AVAILABLE	NO	eight_plane_equation_or_family_available
402	SOURCE_LEVEL_ONLY_UNLESS_NODE_COLUMNS_EXPLICITLY_CERTIFIED		NO	PARAMETERIZED_FAMILY	parameterized_family		NO			NO	ckc:402	presentation_level_only_geometry_identity_unresolved		NO	"[""A0"",""A1"",""A2"",""A3"",""A4"",""A21"",""A31""]"	PRODUCTION_ROOT_NOT_AVAILABLE	NO	eight_plane_equation_or_family_available
403	SOURCE_LEVEL_ONLY_UNLESS_NODE_COLUMNS_EXPLICITLY_CERTIFIED		NO	PARAMETERIZED_FAMILY	parameterized_family		NO			NO	ckc:403	presentation_level_only_geometry_identity_unresolved		NO	"[""A0"",""A1"",""A2"",""A3"",""A4""]"	PRODUCTION_ROOT_NOT_AVAILABLE	NO	eight_plane_equation_or_family_available
404	SOURCE_LEVEL_ONLY_UNLESS_NODE_COLUMNS_EXPLICITLY_CERTIFIED		NO	PARAMETERIZED_FAMILY	parameterized_family		NO			NO	ckc:404	presentation_level_only_geometry_identity_unresolved		NO	"[""A0"",""A1"",""A2"",""A3"",""A4"",""A22""]"	PRODUCTION_ROOT_NOT_AVAILABLE	NO	eight_plane_equation_or_family_available
405	SOURCE_LEVEL_ONLY_UNLESS_NODE_COLUMNS_EXPLICITLY_CERTIFIED		NO	PARAMETERIZED_FAMILY	parameterized_family		NO			NO	ckc:405	presentation_level_only_geometry_identity_unresolved		NO	"[""A0"",""A1"",""A2"",""A3"",""A4""]"	PRODUCTION_ROOT_NOT_AVAILABLE	NO	eight_plane_equation_or_family_available
406	SOURCE_LEVEL_ONLY_UNLESS_NODE_COLUMNS_EXPLICITLY_CERTIFIED		NO	PARAMETERIZED_FAMILY	parameterized_family		NO			NO	ckc:406	presentation_level_only_geometry_identity_unresolved		NO	"[""A0"",""A1"",""A2"",""A3"",""A4""]"	PRODUCTION_ROOT_NOT_AVAILABLE	NO	eight_plane_equation_or_family_available
407	SOURCE_LEVEL_ONLY_UNLESS_NODE_COLUMNS_EXPLICITLY_CERTIFIED		NO	PARAMETERIZED_FAMILY	parameterized_family		NO			NO	ckc:407	presentation_level_only_geometry_identity_unresolved		NO	"[""A0"",""A1"",""A2"",""A3"",""A4""]"	PRODUCTION_ROOT_NOT_AVAILABLE	NO	eight_plane_equation_or_family_available
408	SOURCE_LEVEL_ONLY_UNLESS_NODE_COLUMNS_EXPLICITLY_CERTIFIED		NO	PARAMETERIZED_FAMILY	parameterized_family		NO			NO	ckc:408	presentation_level_only_geometry_identity_unresolved		NO	"[""A0"",""A1"",""A2"",""A3"",""A4""]"	PRODUCTION_ROOT_NOT_AVAILABLE	NO	eight_plane_equation_or_family_available
409	SOURCE_LEVEL_ONLY_UNLESS_NODE_COLUMNS_EXPLICITLY_CERTIFIED		NO	PARAMETERIZED_FAMILY	parameterized_family		NO			NO	ckc:409	presentation_level_only_geometry_identity_unresolved		NO	"[""A0"",""A1"",""A2"",""A3"",""A4""]"	PRODUCTION_ROOT_NOT_AVAILABLE	NO	eight_plane_equation_or_family_available
410	SOURCE_LEVEL_ONLY_UNLESS_NODE_COLUMNS_EXPLICITLY_CERTIFIED		NO	PARAMETERIZED_FAMILY	parameterized_family		NO			NO	ckc:410	presentation_level_only_geometry_identity_unresolved		NO	"[""A0"",""A1"",""A2"",""A3"",""A4""]"	PRODUCTION_ROOT_NOT_AVAILABLE	NO	eight_plane_equation_or_family_available
411	SOURCE_LEVEL_ONLY_UNLESS_NODE_COLUMNS_EXPLICITLY_CERTIFIED		NO	PARAMETERIZED_FAMILY	parameterized_family		NO			NO	ckc:411	presentation_level_only_geometry_identity_unresolved		NO	"[""A0"",""A1"",""A2"",""A3"",""A4""]"	PRODUCTION_ROOT_NOT_AVAILABLE	NO	eight_plane_equation_or_family_available
412	SOURCE_LEVEL_ONLY_UNLESS_NODE_COLUMNS_EXPLICITLY_CERTIFIED		NO	PARAMETERIZED_FAMILY	parameterized_family		NO			NO	ckc:412	presentation_level_only_geometry_identity_unresolved		NO	"[""A0"",""A1"",""A2"",""A3"",""A4""]"	PRODUCTION_ROOT_NOT_AVAILABLE	NO	eight_plane_equation_or_family_available
413	SOURCE_LEVEL_ONLY_UNLESS_NODE_COLUMNS_EXPLICITLY_CERTIFIED		NO	PARAMETERIZED_FAMILY	parameterized_family		NO			NO	ckc:413	presentation_level_only_geometry_identity_unresolved		NO	"[""A0"",""A1"",""A2"",""A3"",""A4""]"	PRODUCTION_ROOT_NOT_AVAILABLE	NO	eight_plane_equation_or_family_available
414	SOURCE_LEVEL_ONLY_UNLESS_NODE_COLUMNS_EXPLICITLY_CERTIFIED		NO	PARAMETERIZED_FAMILY	parameterized_family		NO			NO	ckc:414	presentation_level_only_geometry_identity_unresolved		NO	"[""A0"",""A1"",""A2"",""A3"",""A4""]"	PRODUCTION_ROOT_NOT_AVAILABLE	NO	eight_plane_equation_or_family_available
415	SOURCE_LEVEL_ONLY_UNLESS_NODE_COLUMNS_EXPLICITLY_CERTIFIED		NO	PARAMETERIZED_FAMILY	parameterized_family		NO			NO	ckc:415	presentation_level_only_geometry_identity_unresolved		NO	"[""A0"",""A1"",""A2"",""A3"",""A4""]"	PRODUCTION_ROOT_NOT_AVAILABLE	NO	eight_plane_equation_or_family_available
416	SOURCE_LEVEL_ONLY_UNLESS_NODE_COLUMNS_EXPLICITLY_CERTIFIED		NO	PARAMETERIZED_FAMILY	parameterized_family		NO			NO	ckc:416	presentation_level_only_geometry_identity_unresolved		NO	"[""A0"",""A1"",""A2"",""A3"",""A4""]"	PRODUCTION_ROOT_NOT_AVAILABLE	NO	eight_plane_equation_or_family_available
417	SOURCE_LEVEL_ONLY_UNLESS_NODE_COLUMNS_EXPLICITLY_CERTIFIED		NO	PARAMETERIZED_FAMILY	parameterized_family		NO			NO	ckc:417	presentation_level_only_geometry_identity_unresolved		NO	"[""A0"",""A1"",""A2"",""A3"",""A4""]"	PRODUCTION_ROOT_NOT_AVAILABLE	NO	eight_plane_equation_or_family_available
418	SOURCE_LEVEL_ONLY_UNLESS_NODE_COLUMNS_EXPLICITLY_CERTIFIED		NO	PARAMETERIZED_FAMILY	parameterized_family		NO			NO	ckc:418	presentation_level_only_geometry_identity_unresolved		NO	"[""A0"",""A1"",""A2"",""A3"",""A4""]"	PRODUCTION_ROOT_NOT_AVAILABLE	NO	eight_plane_equation_or_family_available
419	SOURCE_LEVEL_ONLY_UNLESS_NODE_COLUMNS_EXPLICITLY_CERTIFIED		NO	PARAMETERIZED_FAMILY	parameterized_family		NO			NO	ckc:419	presentation_level_only_geometry_identity_unresolved		NO	"[""A0"",""A1"",""A2"",""A3"",""A4""]"	PRODUCTION_ROOT_NOT_AVAILABLE	NO	eight_plane_equation_or_family_available
420	SOURCE_LEVEL_ONLY_UNLESS_NODE_COLUMNS_EXPLICITLY_CERTIFIED		NO	PARAMETERIZED_FAMILY	parameterized_family		NO			NO	ckc:420	presentation_level_only_geometry_identity_unresolved		NO	"[""A0"",""A1"",""A2"",""A3"",""A4""]"	PRODUCTION_ROOT_NOT_AVAILABLE	NO	eight_plane_equation_or_family_available
421	SOURCE_LEVEL_ONLY_UNLESS_NODE_COLUMNS_EXPLICITLY_CERTIFIED		NO	PARAMETERIZED_FAMILY	parameterized_family		NO			NO	ckc:421	presentation_level_only_geometry_identity_unresolved		NO	"[""A0"",""A1"",""A2"",""A3"",""A4"",""A5""]"	PRODUCTION_ROOT_NOT_AVAILABLE	NO	eight_plane_equation_or_family_available
422	SOURCE_LEVEL_ONLY_UNLESS_NODE_COLUMNS_EXPLICITLY_CERTIFIED		NO	PARAMETERIZED_FAMILY	parameterized_family		NO			NO	ckc:422	presentation_level_only_geometry_identity_unresolved		NO	"[""A0"",""A1"",""A2"",""A3"",""A4"",""A5""]"	PRODUCTION_ROOT_NOT_AVAILABLE	NO	eight_plane_equation_or_family_available
423	SOURCE_LEVEL_ONLY_UNLESS_NODE_COLUMNS_EXPLICITLY_CERTIFIED		NO	PARAMETERIZED_FAMILY	parameterized_family		NO			NO	ckc:423	presentation_level_only_geometry_identity_unresolved		NO	"[""A0"",""A1"",""A2"",""A3"",""A4"",""A5""]"	PRODUCTION_ROOT_NOT_AVAILABLE	NO	eight_plane_equation_or_family_available
424	SOURCE_LEVEL_ONLY_UNLESS_NODE_COLUMNS_EXPLICITLY_CERTIFIED		NO	PARAMETERIZED_FAMILY	parameterized_family		NO			NO	ckc:424	presentation_level_only_geometry_identity_unresolved		NO	"[""A0"",""A1"",""A2"",""A3"",""A4"",""A5""]"	PRODUCTION_ROOT_NOT_AVAILABLE	NO	eight_plane_equation_or_family_available
425	SOURCE_LEVEL_ONLY_UNLESS_NODE_COLUMNS_EXPLICITLY_CERTIFIED		NO	PARAMETERIZED_FAMILY	parameterized_family		NO			NO	ckc:425	presentation_level_only_geometry_identity_unresolved		NO	"[""A0"",""A1"",""A2"",""A3"",""A4"",""A5""]"	PRODUCTION_ROOT_NOT_AVAILABLE	NO	eight_plane_equation_or_family_available
426	SOURCE_LEVEL_ONLY_UNLESS_NODE_COLUMNS_EXPLICITLY_CERTIFIED		NO	PARAMETERIZED_FAMILY	parameterized_family		NO			NO	ckc:426	presentation_level_only_geometry_identity_unresolved		NO	"[""A0"",""A1"",""A2"",""A3"",""A4"",""A5""]"	PRODUCTION_ROOT_NOT_AVAILABLE	NO	eight_plane_equation_or_family_available
427	SOURCE_LEVEL_ONLY_UNLESS_NODE_COLUMNS_EXPLICITLY_CERTIFIED		NO	PARAMETERIZED_FAMILY	parameterized_family		NO			NO	ckc:427	presentation_level_only_geometry_identity_unresolved		NO	"[""A0"",""A1"",""A2"",""A3"",""A4"",""A5""]"	PRODUCTION_ROOT_NOT_AVAILABLE	NO	eight_plane_equation_or_family_available
428	SOURCE_LEVEL_ONLY_UNLESS_NODE_COLUMNS_EXPLICITLY_CERTIFIED		NO	PARAMETERIZED_FAMILY	parameterized_family		NO			NO	ckc:428	presentation_level_only_geometry_identity_unresolved		NO	"[""A0"",""A1"",""A2"",""A3"",""A4"",""A5""]"	PRODUCTION_ROOT_NOT_AVAILABLE	NO	eight_plane_equation_or_family_available
429	SOURCE_LEVEL_ONLY_UNLESS_NODE_COLUMNS_EXPLICITLY_CERTIFIED		NO	PARAMETERIZED_FAMILY	parameterized_family		NO			NO	ckc:429	presentation_level_only_geometry_identity_unresolved		NO	"[""A0"",""A1"",""A2"",""A3"",""A4"",""A5""]"	PRODUCTION_ROOT_NOT_AVAILABLE	NO	eight_plane_equation_or_family_available
430	SOURCE_LEVEL_ONLY_UNLESS_NODE_COLUMNS_EXPLICITLY_CERTIFIED		NO	PARAMETERIZED_FAMILY	parameterized_family		NO			NO	ckc:430	presentation_level_only_geometry_identity_unresolved		NO	"[""A0"",""A1"",""A2"",""A3"",""A4"",""A5""]"	PRODUCTION_ROOT_NOT_AVAILABLE	NO	eight_plane_equation_or_family_available
431	SOURCE_LEVEL_ONLY_UNLESS_NODE_COLUMNS_EXPLICITLY_CERTIFIED		NO	PARAMETERIZED_FAMILY	parameterized_family		NO			NO	ckc:431	presentation_level_only_geometry_identity_unresolved		NO	"[""A0"",""A1"",""A2"",""A3"",""A4"",""A5""]"	PRODUCTION_ROOT_NOT_AVAILABLE	NO	eight_plane_equation_or_family_available
432	SOURCE_LEVEL_ONLY_UNLESS_NODE_COLUMNS_EXPLICITLY_CERTIFIED		NO	PARAMETERIZED_FAMILY	parameterized_family		NO			NO	ckc:432	presentation_level_only_geometry_identity_unresolved		NO	"[""A0"",""A1"",""A2"",""A3"",""A4"",""A5""]"	PRODUCTION_ROOT_NOT_AVAILABLE	NO	eight_plane_equation_or_family_available
433	SOURCE_LEVEL_ONLY_UNLESS_NODE_COLUMNS_EXPLICITLY_CERTIFIED		NO	PARAMETERIZED_FAMILY	parameterized_family		NO			NO	ckc:433	presentation_level_only_geometry_identity_unresolved		NO	"[""A0"",""A1"",""A2"",""A3"",""A4"",""A5""]"	PRODUCTION_ROOT_NOT_AVAILABLE	NO	eight_plane_equation_or_family_available
434	SOURCE_LEVEL_ONLY_UNLESS_NODE_COLUMNS_EXPLICITLY_CERTIFIED		NO	PARAMETERIZED_FAMILY	parameterized_family		NO			NO	ckc:434	presentation_level_only_geometry_identity_unresolved		NO	"[""A0"",""A1"",""A2"",""A3"",""A4"",""A5""]"	PRODUCTION_ROOT_NOT_AVAILABLE	NO	eight_plane_equation_or_family_available
435	SOURCE_LEVEL_ONLY_UNLESS_NODE_COLUMNS_EXPLICITLY_CERTIFIED		NO	PARAMETERIZED_FAMILY	parameterized_family		NO			NO	ckc:435	presentation_level_only_geometry_identity_unresolved		NO	"[""A0"",""A1"",""A2"",""A3"",""A4"",""A5""]"	PRODUCTION_ROOT_NOT_AVAILABLE	NO	eight_plane_equation_or_family_available
436	SOURCE_LEVEL_ONLY_UNLESS_NODE_COLUMNS_EXPLICITLY_CERTIFIED		NO	PARAMETERIZED_FAMILY	parameterized_family		NO			NO	ckc:436	presentation_level_only_geometry_identity_unresolved		NO	"[""A0"",""A1"",""A2"",""A3"",""A4"",""A5""]"	PRODUCTION_ROOT_NOT_AVAILABLE	NO	eight_plane_equation_or_family_available
437	SOURCE_LEVEL_ONLY_UNLESS_NODE_COLUMNS_EXPLICITLY_CERTIFIED		NO	PARAMETERIZED_FAMILY	parameterized_family		NO			NO	ckc:437	presentation_level_only_geometry_identity_unresolved		NO	"[""A0"",""A1"",""A2"",""A3"",""A4"",""A5""]"	PRODUCTION_ROOT_NOT_AVAILABLE	NO	eight_plane_equation_or_family_available
438	SOURCE_LEVEL_ONLY_UNLESS_NODE_COLUMNS_EXPLICITLY_CERTIFIED		NO	PARAMETERIZED_FAMILY	parameterized_family		NO			NO	ckc:438	presentation_level_only_geometry_identity_unresolved		NO	"[""A0"",""A1"",""A2"",""A3"",""A4"",""A5""]"	PRODUCTION_ROOT_NOT_AVAILABLE	NO	eight_plane_equation_or_family_available
439	SOURCE_LEVEL_ONLY_UNLESS_NODE_COLUMNS_EXPLICITLY_CERTIFIED		NO	PARAMETERIZED_FAMILY	parameterized_family		NO			NO	ckc:439	presentation_level_only_geometry_identity_unresolved		NO	"[""A0"",""A1"",""A2"",""A3"",""A4"",""A5"",""A6""]"	PRODUCTION_ROOT_NOT_AVAILABLE	NO	eight_plane_equation_or_family_available
440	SOURCE_LEVEL_ONLY_UNLESS_NODE_COLUMNS_EXPLICITLY_CERTIFIED		NO	PARAMETERIZED_FAMILY	parameterized_family		NO			NO	ckc:440	presentation_level_only_geometry_identity_unresolved		NO	"[""A0"",""A1"",""A2"",""A3"",""A4"",""A5"",""A6""]"	PRODUCTION_ROOT_NOT_AVAILABLE	NO	eight_plane_equation_or_family_available
441	SOURCE_LEVEL_ONLY_UNLESS_NODE_COLUMNS_EXPLICITLY_CERTIFIED		NO	PARAMETERIZED_FAMILY	parameterized_family		NO			NO	ckc:441	presentation_level_only_geometry_identity_unresolved		NO	"[""A0"",""A1"",""A2"",""A3"",""A4"",""A5"",""A6""]"	PRODUCTION_ROOT_NOT_AVAILABLE	NO	eight_plane_equation_or_family_available
442	SOURCE_LEVEL_ONLY_UNLESS_NODE_COLUMNS_EXPLICITLY_CERTIFIED		NO	PARAMETERIZED_FAMILY	parameterized_family		NO			NO	ckc:442	presentation_level_only_geometry_identity_unresolved		NO	"[""A0"",""A1"",""A2"",""A3"",""A4"",""A5"",""A6""]"	PRODUCTION_ROOT_NOT_AVAILABLE	NO	eight_plane_equation_or_family_available
443	SOURCE_LEVEL_ONLY_UNLESS_NODE_COLUMNS_EXPLICITLY_CERTIFIED		NO	PARAMETERIZED_FAMILY	parameterized_family		NO			NO	ckc:443	presentation_level_only_geometry_identity_unresolved		NO	"[""A0"",""A1"",""A2"",""A3"",""A4"",""A5"",""A6""]"	PRODUCTION_ROOT_NOT_AVAILABLE	NO	eight_plane_equation_or_family_available
444	SOURCE_LEVEL_ONLY_UNLESS_NODE_COLUMNS_EXPLICITLY_CERTIFIED		NO	PARAMETERIZED_FAMILY	parameterized_family		NO			NO	ckc:444	presentation_level_only_geometry_identity_unresolved		NO	"[""A0"",""A1"",""A2"",""A3"",""A4"",""A5"",""A6""]"	PRODUCTION_ROOT_NOT_AVAILABLE	NO	eight_plane_equation_or_family_available
445	SOURCE_LEVEL_ONLY_UNLESS_NODE_COLUMNS_EXPLICITLY_CERTIFIED		NO	PARAMETERIZED_FAMILY	parameterized_family		NO			NO	ckc:445	presentation_level_only_geometry_identity_unresolved		NO	"[""A0"",""A1"",""A2"",""A3"",""A4"",""A5"",""A6""]"	PRODUCTION_ROOT_NOT_AVAILABLE	NO	eight_plane_equation_or_family_available
446	SOURCE_LEVEL_ONLY_UNLESS_NODE_COLUMNS_EXPLICITLY_CERTIFIED		NO	PARAMETERIZED_FAMILY	parameterized_family		NO			NO	ckc:446	presentation_level_only_geometry_identity_unresolved		NO	"[""A0"",""A1"",""A2"",""A3"",""A4"",""A5"",""A6"",""A7""]"	PRODUCTION_ROOT_NOT_AVAILABLE	NO	eight_plane_equation_or_family_available
447	SOURCE_LEVEL_ONLY_UNLESS_NODE_COLUMNS_EXPLICITLY_CERTIFIED		NO	PARAMETERIZED_FAMILY	parameterized_family		NO			NO	ckc:447	presentation_level_only_geometry_identity_unresolved		NO	"[""A0"",""A1"",""A2"",""A3"",""A4"",""A5"",""A6"",""A7""]"	PRODUCTION_ROOT_NOT_AVAILABLE	NO	eight_plane_equation_or_family_available
448	SOURCE_LEVEL_ONLY_UNLESS_NODE_COLUMNS_EXPLICITLY_CERTIFIED		NO	PARAMETERIZED_FAMILY	parameterized_family		NO			NO	ckc:448	presentation_level_only_geometry_identity_unresolved		NO	"[""A0"",""A1"",""A2"",""A3"",""A4"",""A5"",""A6"",""A7""]"	PRODUCTION_ROOT_NOT_AVAILABLE	NO	eight_plane_equation_or_family_available
449	SOURCE_LEVEL_ONLY_UNLESS_NODE_COLUMNS_EXPLICITLY_CERTIFIED		NO	PARAMETERIZED_FAMILY	parameterized_family		NO			NO	ckc:449	presentation_level_only_geometry_identity_unresolved		NO	"[""A0"",""A1"",""A2"",""A3"",""A4"",""A5"",""A6"",""A7"",""A8""]"	PRODUCTION_ROOT_NOT_AVAILABLE	NO	eight_plane_equation_or_family_available
450	SOURCE_LEVEL_ONLY_UNLESS_NODE_COLUMNS_EXPLICITLY_CERTIFIED		NO	PARAMETERIZED_FAMILY	parameterized_family		NO			NO	ckc:450	presentation_level_only_geometry_identity_unresolved		NO	"[""A0"",""A1"",""A2"",""A3"",""A4"",""A5"",""A6"",""A7"",""A8"",""A9""]"	PRODUCTION_ROOT_NOT_AVAILABLE	NO	eight_plane_equation_or_family_available
451	SOURCE_LEVEL_ONLY_UNLESS_NODE_COLUMNS_EXPLICITLY_CERTIFIED		NO	SOURCE_RECORD	partial_or_problematic_source_extraction	92	NO	46	0	YES	ckc:451	presentation_level_only_geometry_identity_unresolved	p3=13;p4_0=6;p4_1=3;p5_0=0;p5_1=1;p5_2=0;l3=1	NO	[]	PRODUCTION_ROOT_NOT_AVAILABLE	NO	partial_source_equation_requires_reconstruction
452	SOURCE_LEVEL_ONLY_UNLESS_NODE_COLUMNS_EXPLICITLY_CERTIFIED		NO	PRESENTATION	fixed_algebraic	76	NO	38	0	YES	ckc:452	presentation_level_only_geometry_identity_unresolved	p3=20;p4_0=9;p4_1=0;p5_0=0;p5_1=0;p5_2=0;l3=0	NO	[]	PRODUCTION_ROOT_NOT_AVAILABLE	NO	eight_plane_equation_or_family_available
453	SOURCE_LEVEL_ONLY_UNLESS_NODE_COLUMNS_EXPLICITLY_CERTIFIED		NO	PRESENTATION	fixed_algebraic	76	NO	38	0	YES	ckc:453	presentation_level_only_geometry_identity_unresolved	p3=20;p4_0=9;p4_1=0;p5_0=0;p5_1=0;p5_2=0;l3=0	NO	[]	PRODUCTION_ROOT_NOT_AVAILABLE	NO	eight_plane_equation_or_family_available
454	SOURCE_LEVEL_ONLY_UNLESS_NODE_COLUMNS_EXPLICITLY_CERTIFIED		NO	PARAMETERIZED_FAMILY	parameterized_family	72	NO	37	1	YES	ckc:454	presentation_level_only_geometry_identity_unresolved	p3=24;p4_0=8;p4_1=0;p5_0=0;p5_1=0;p5_2=0;l3=0	NO	"[""A0"",""A1""]"	PRODUCTION_ROOT_NOT_AVAILABLE	NO	eight_plane_equation_or_family_available
455	SOURCE_LEVEL_ONLY_UNLESS_NODE_COLUMNS_EXPLICITLY_CERTIFIED		NO	PARAMETERIZED_FAMILY	parameterized_family	68	NO	36	2	YES	ckc:455	presentation_level_only_geometry_identity_unresolved	p3=28;p4_0=7;p4_1=0;p5_0=0;p5_1=0;p5_2=0;l3=0	NO	"[""A0"",""A1"",""A2"",""A22""]"	PRODUCTION_ROOT_NOT_AVAILABLE	NO	eight_plane_equation_or_family_available
