assembly_computation_status	assembly_equivariant_fingerprint	assembly_integral_fingerprint	assembly_rational_fingerprint	automorphism_group_order	ckc_equation_type	ckc_has_parameters	ckc_id	ckc_source_extraction_status	ckc_validation_tier	claim_level_firewall	cokernel_dim_Q	corpus_release_fingerprint	cynk_meyer_id	double_line_orbit_sizes	entity_level	equivariant_signature	hodge	hodge_signature	identity_resolution_status	integral_signature	kernel_dim_Q	local_inventory	local_signature	matrix_hash	matrix_path	matrix_status	multiple_point_orbit_sizes	plane_orbit_sizes	presentation_id	presentation_kind	rank_F2	rank_Q	rational_signature	smith_normal_form	smith_normal_form_compact	source_assembly_available	source_blocker	torsion_invariant_factors	torsion_primes	universe_id
computed_exact_two_stratum_source_assembly	equivariant:014f15ea11c68a49a98cd1e6000e99fee2094b7e4382a6593d9134bc46f92802	integral:8cdc9399d310ad8e8dd4f75d687c9868f55a22d0b6d006fcb9493c8911301937	rational:4dba73752abbd81deea1c4721ac44047dc25c830e88bda5ff9ceb9fe01857c72	8	fixed_rational	NO	1	extracted	S2_HODGE_TABLE_LINKED	SOURCE_PRESENTATION_PAIRWISE_COMPARISON_NOT_GEOMETRY_COLLAPSE	0	8bbf1dff732529afb634f4a24c1d250d3e7ff3a54c79cbfd9c3584e4bca1622b	1	[2,2,4,8]	PRESENTATION	equivariant:32db49e8c9632c4c9fc2b9c7f1c0e03ae0bf321bb2e26d75150878c470d458fc	"{""euler"":136,""h11"":69,""h12"":1}"	h12=1;h11=69;euler=136	presentation_level_only_geometry_identity_unresolved	integral:4d225cdb5725ecaee63cce795400856a7b432d47084752f31d4525092ea46038	3	"{""l3"":4,""p3"":4,""p4_0"":5,""p4_1"":0,""p5_0"":4,""p5_1"":0,""p5_2"":0}"	p3=4;p4_0=5;p4_1=0;p5_0=4;p5_1=0;p5_2=0;l3=4	cf71f4731dbe69fb4bab32f131a7b4fba2324718581ce16a52584cd262cc2f6e	research_outputs/hodgecy_ii/source_assembly_deep_dive/all_456_source_assembly_matrices/source_assembly_matrix_1.json	stored_exact_integer_incidence_matrix	[1,4,4,4]	[4,4]	1	eight_plane_arrangement_fixed_candidate	11	13	rational:5bf29b1d5c98a4473ceb1e1952a83d91a5c599525e668dd8cb1a9ffaddd0dc20	[1,1,1,1,1,1,1,1,1,1,1,2,12]	1^11,2,12	True		[2,12]	[2,3]	ckc:1
unresolved_source_parameter_constraints_missing_from_local_payload					parameterized	YES	2	extracted	S0_UNVALIDATED_SOURCE_RECORD	SOURCE_PRESENTATION_PAIRWISE_COMPARISON_NOT_GEOMETRY_COLLAPSE		8bbf1dff732529afb634f4a24c1d250d3e7ff3a54c79cbfd9c3584e4bca1622b	2		PARAMETERIZED_FAMILY		"{""euler"":140,""h11"":70,""h12"":0}"	h12=0;h11=70;euler=140	presentation_level_only_geometry_identity_unresolved			"{""l3"":4,""p3"":4,""p4_0"":1,""p4_1"":4,""p5_0"":0,""p5_1"":0,""p5_2"":4}"	p3=4;p4_0=1;p4_1=4;p5_0=0;p5_1=0;p5_2=4;l3=4			not_applicable_uncomputed			2	eight_plane_arrangement_family						False	The software can parse and test the symbolic family, but the local CKC payload does not include the parameter ideal/excluded loci needed to recover the classified incidence table.			ckc:2
computed_exact_two_stratum_source_assembly	equivariant:fa36adea3502b44ff5542f7b19f5f31b2fa1842c8220179a7a22473f2c0404b8	integral:ff57b7cf10e8e2c3b0b888a210d7cd89aa157d6f53889cddd9740186d7f6724a	rational:f130d29e4c4d5489b9da64fb9d4d1a777fbcba08f8b21362d620c285d10478a5	6	fixed_rational	NO	3	extracted	S2_HODGE_TABLE_LINKED	SOURCE_PRESENTATION_PAIRWISE_COMPARISON_NOT_GEOMETRY_COLLAPSE	1	8bbf1dff732529afb634f4a24c1d250d3e7ff3a54c79cbfd9c3584e4bca1622b	3	[1,3,3,3,3,6]	PRESENTATION	equivariant:ecb7443775ce0e762906bf096ad6c09d8369c788dfc8ab5181a71244d06917ae	"{""euler"":112,""h11"":59,""h12"":3}"	h12=3;h11=59;euler=112	presentation_level_only_geometry_identity_unresolved	integral:aa53ecd6eda9e927b6e6a27d3e76a434689bff2dfc5f764ec7ac8e21de16db49	3	"{""l3"":3,""p3"":8,""p4_0"":6,""p4_1"":0,""p5_0"":3,""p5_1"":0,""p5_2"":0}"	p3=8;p4_0=6;p4_1=0;p5_0=3;p5_1=0;p5_2=0;l3=3	5c168527184a52d7eab79e7912bfab3374adb207cf0f42896f302217b3b7574e	research_outputs/hodgecy_ii/source_assembly_deep_dive/all_456_source_assembly_matrices/source_assembly_matrix_3.json	stored_exact_integer_incidence_matrix	[1,1,3,3,3,3,3]	[1,1,3,3]	3	eight_plane_arrangement_fixed_candidate	13	16	rational:8b9149bbf87b0464d7b55bd2df6ae5cca79a761480b0f61dc81a592ec57bfb23	[1,1,1,1,1,1,1,1,1,1,1,1,1,2,2,12]	1^13,2^2,12	True		[2,2,12]	[2,3]	ckc:3
unresolved_source_parameter_constraints_missing_from_local_payload					parameterized	YES	4	extracted	S0_UNVALIDATED_SOURCE_RECORD	SOURCE_PRESENTATION_PAIRWISE_COMPARISON_NOT_GEOMETRY_COLLAPSE		8bbf1dff732529afb634f4a24c1d250d3e7ff3a54c79cbfd9c3584e4bca1622b	4		PARAMETERIZED_FAMILY		"{""euler"":116,""h11"":60,""h12"":2}"	h12=2;h11=60;euler=116	presentation_level_only_geometry_identity_unresolved			"{""l3"":3,""p3"":16,""p4_0"":1,""p4_1"":3,""p5_0"":0,""p5_1"":0,""p5_2"":3}"	p3=16;p4_0=1;p4_1=3;p5_0=0;p5_1=0;p5_2=3;l3=3			not_applicable_uncomputed			4	eight_plane_arrangement_family						False	The software can parse and test the symbolic family, but the local CKC payload does not include the parameter ideal/excluded loci needed to recover the classified incidence table.			ckc:4
unresolved_source_parameter_constraints_missing_from_local_payload					parameterized	YES	5	extracted	S0_UNVALIDATED_SOURCE_RECORD	SOURCE_PRESENTATION_PAIRWISE_COMPARISON_NOT_GEOMETRY_COLLAPSE		8bbf1dff732529afb634f4a24c1d250d3e7ff3a54c79cbfd9c3584e4bca1622b	5		PARAMETERIZED_FAMILY		"{""euler"":120,""h11"":61,""h12"":1}"	h12=1;h11=61;euler=120	presentation_level_only_geometry_identity_unresolved			"{""l3"":3,""p3"":12,""p4_0"":2,""p4_1"":3,""p5_0"":0,""p5_1"":0,""p5_2"":3}"	p3=12;p4_0=2;p4_1=3;p5_0=0;p5_1=0;p5_2=3;l3=3			not_applicable_uncomputed			5	eight_plane_arrangement_family						False	The software can parse and test the symbolic family, but the local CKC payload does not include the parameter ideal/excluded loci needed to recover the classified incidence table.			ckc:5
unresolved_source_parameter_constraints_missing_from_local_payload					parameterized	YES	6	extracted	S0_UNVALIDATED_SOURCE_RECORD	SOURCE_PRESENTATION_PAIRWISE_COMPARISON_NOT_GEOMETRY_COLLAPSE		8bbf1dff732529afb634f4a24c1d250d3e7ff3a54c79cbfd9c3584e4bca1622b	6		PARAMETERIZED_FAMILY		"{""euler"":124,""h11"":62,""h12"":0}"	h12=0;h11=62;euler=124	presentation_level_only_geometry_identity_unresolved			"{""l3"":3,""p3"":8,""p4_0"":3,""p4_1"":3,""p5_0"":0,""p5_1"":0,""p5_2"":3}"	p3=8;p4_0=3;p4_1=3;p5_0=0;p5_1=0;p5_2=3;l3=3			not_applicable_uncomputed			6	eight_plane_arrangement_family						False	The software can parse and test the symbolic family, but the local CKC payload does not include the parameter ideal/excluded loci needed to recover the classified incidence table.			ckc:6
unresolved_source_parameter_constraints_missing_from_local_payload					parameterized	YES	7	extracted	S0_UNVALIDATED_SOURCE_RECORD	SOURCE_PRESENTATION_PAIRWISE_COMPARISON_NOT_GEOMETRY_COLLAPSE		8bbf1dff732529afb634f4a24c1d250d3e7ff3a54c79cbfd9c3584e4bca1622b	7		PARAMETERIZED_FAMILY		"{""euler"":104,""h11"":55,""h12"":3}"	h12=3;h11=55;euler=104	presentation_level_only_geometry_identity_unresolved			"{""l3"":3,""p3"":16,""p4_0"":0,""p4_1"":7,""p5_0"":0,""p5_1"":0,""p5_2"":2}"	p3=16;p4_0=0;p4_1=7;p5_0=0;p5_1=0;p5_2=2;l3=3			not_applicable_uncomputed			7	eight_plane_arrangement_family						False	The software can parse and test the symbolic family, but the local CKC payload does not include the parameter ideal/excluded loci needed to recover the classified incidence table.			ckc:7
unresolved_source_parameter_constraints_missing_from_local_payload					parameterized	YES	8	extracted	S0_UNVALIDATED_SOURCE_RECORD	SOURCE_PRESENTATION_PAIRWISE_COMPARISON_NOT_GEOMETRY_COLLAPSE		8bbf1dff732529afb634f4a24c1d250d3e7ff3a54c79cbfd9c3584e4bca1622b	8		PARAMETERIZED_FAMILY		"{""euler"":108,""h11"":56,""h12"":2}"	h12=2;h11=56;euler=108	presentation_level_only_geometry_identity_unresolved			"{""l3"":3,""p3"":12,""p4_0"":1,""p4_1"":7,""p5_0"":0,""p5_1"":0,""p5_2"":2}"	p3=12;p4_0=1;p4_1=7;p5_0=0;p5_1=0;p5_2=2;l3=3			not_applicable_uncomputed			8	eight_plane_arrangement_family						False	The software can parse and test the symbolic family, but the local CKC payload does not include the parameter ideal/excluded loci needed to recover the classified incidence table.			ckc:8
unresolved_source_parameter_constraints_missing_from_local_payload					parameterized	YES	9	extracted	S0_UNVALIDATED_SOURCE_RECORD	SOURCE_PRESENTATION_PAIRWISE_COMPARISON_NOT_GEOMETRY_COLLAPSE		8bbf1dff732529afb634f4a24c1d250d3e7ff3a54c79cbfd9c3584e4bca1622b	9		PARAMETERIZED_FAMILY		"{""euler"":116,""h11"":60,""h12"":2}"	h12=2;h11=60;euler=116	presentation_level_only_geometry_identity_unresolved			"{""l3"":3,""p3"":13,""p4_0"":0,""p4_1"":5,""p5_0"":0,""p5_1"":1,""p5_2"":2}"	p3=13;p4_0=0;p4_1=5;p5_0=0;p5_1=1;p5_2=2;l3=3			not_applicable_uncomputed			9	eight_plane_arrangement_family						False	The software can parse and test the symbolic family, but the local CKC payload does not include the parameter ideal/excluded loci needed to recover the classified incidence table.			ckc:9
unresolved_source_parameter_constraints_missing_from_local_payload					parameterized	YES	10	extracted	S0_UNVALIDATED_SOURCE_RECORD	SOURCE_PRESENTATION_PAIRWISE_COMPARISON_NOT_GEOMETRY_COLLAPSE		8bbf1dff732529afb634f4a24c1d250d3e7ff3a54c79cbfd9c3584e4bca1622b	10		PARAMETERIZED_FAMILY		"{""euler"":112,""h11"":57,""h12"":1}"	h12=1;h11=57;euler=112	presentation_level_only_geometry_identity_unresolved			"{""l3"":3,""p3"":8,""p4_0"":2,""p4_1"":7,""p5_0"":0,""p5_1"":0,""p5_2"":2}"	p3=8;p4_0=2;p4_1=7;p5_0=0;p5_1=0;p5_2=2;l3=3			not_applicable_uncomputed			10	eight_plane_arrangement_family						False	The software can parse and test the symbolic family, but the local CKC payload does not include the parameter ideal/excluded loci needed to recover the classified incidence table.			ckc:10
unresolved_source_parameter_constraints_missing_from_local_payload					parameterized	YES	11	extracted	S0_UNVALIDATED_SOURCE_RECORD	SOURCE_PRESENTATION_PAIRWISE_COMPARISON_NOT_GEOMETRY_COLLAPSE		8bbf1dff732529afb634f4a24c1d250d3e7ff3a54c79cbfd9c3584e4bca1622b	11		PARAMETERIZED_FAMILY		"{""euler"":120,""h11"":61,""h12"":1}"	h12=1;h11=61;euler=120	presentation_level_only_geometry_identity_unresolved			"{""l3"":3,""p3"":9,""p4_0"":1,""p4_1"":5,""p5_0"":0,""p5_1"":1,""p5_2"":2}"	p3=9;p4_0=1;p4_1=5;p5_0=0;p5_1=1;p5_2=2;l3=3			not_applicable_uncomputed			11	eight_plane_arrangement_family						False	The software can parse and test the symbolic family, but the local CKC payload does not include the parameter ideal/excluded loci needed to recover the classified incidence table.			ckc:11
unresolved_source_parameter_constraints_missing_from_local_payload					parameterized	YES	12	extracted	S0_UNVALIDATED_SOURCE_RECORD	SOURCE_PRESENTATION_PAIRWISE_COMPARISON_NOT_GEOMETRY_COLLAPSE		8bbf1dff732529afb634f4a24c1d250d3e7ff3a54c79cbfd9c3584e4bca1622b	12		PARAMETERIZED_FAMILY		"{""euler"":96,""h11"":51,""h12"":3}"	h12=3;h11=51;euler=96	presentation_level_only_geometry_identity_unresolved			"{""l3"":3,""p3"":12,""p4_0"":0,""p4_1"":11,""p5_0"":0,""p5_1"":0,""p5_2"":1}"	p3=12;p4_0=0;p4_1=11;p5_0=0;p5_1=0;p5_2=1;l3=3			not_applicable_uncomputed			12	eight_plane_arrangement_family						False	The software can parse and test the symbolic family, but the local CKC payload does not include the parameter ideal/excluded loci needed to recover the classified incidence table.			ckc:12
unresolved_source_parameter_constraints_missing_from_local_payload					parameterized	YES	13	extracted	S0_UNVALIDATED_SOURCE_RECORD	SOURCE_PRESENTATION_PAIRWISE_COMPARISON_NOT_GEOMETRY_COLLAPSE		8bbf1dff732529afb634f4a24c1d250d3e7ff3a54c79cbfd9c3584e4bca1622b	13		PARAMETERIZED_FAMILY		"{""euler"":108,""h11"":56,""h12"":2}"	h12=2;h11=56;euler=108	presentation_level_only_geometry_identity_unresolved			"{""l3"":3,""p3"":9,""p4_0"":0,""p4_1"":9,""p5_0"":0,""p5_1"":1,""p5_2"":1}"	p3=9;p4_0=0;p4_1=9;p5_0=0;p5_1=1;p5_2=1;l3=3			not_applicable_uncomputed			13	eight_plane_arrangement_family						False	The software can parse and test the symbolic family, but the local CKC payload does not include the parameter ideal/excluded loci needed to recover the classified incidence table.			ckc:13
unresolved_source_parameter_constraints_missing_from_local_payload					parameterized	YES	14	extracted	S0_UNVALIDATED_SOURCE_RECORD	SOURCE_PRESENTATION_PAIRWISE_COMPARISON_NOT_GEOMETRY_COLLAPSE		8bbf1dff732529afb634f4a24c1d250d3e7ff3a54c79cbfd9c3584e4bca1622b	14		PARAMETERIZED_FAMILY		"{""euler"":120,""h11"":61,""h12"":1}"	h12=1;h11=61;euler=120	presentation_level_only_geometry_identity_unresolved			"{""l3"":3,""p3"":6,""p4_0"":0,""p4_1"":7,""p5_0"":0,""p5_1"":2,""p5_2"":1}"	p3=6;p4_0=0;p4_1=7;p5_0=0;p5_1=2;p5_2=1;l3=3			not_applicable_uncomputed			14	eight_plane_arrangement_family						False	The software can parse and test the symbolic family, but the local CKC payload does not include the parameter ideal/excluded loci needed to recover the classified incidence table.			ckc:14
unresolved_source_parameter_constraints_missing_from_local_payload					parameterized	YES	15	extracted	S0_UNVALIDATED_SOURCE_RECORD	SOURCE_PRESENTATION_PAIRWISE_COMPARISON_NOT_GEOMETRY_COLLAPSE		8bbf1dff732529afb634f4a24c1d250d3e7ff3a54c79cbfd9c3584e4bca1622b	15		PARAMETERIZED_FAMILY		"{""euler"":96,""h11"":51,""h12"":3}"	h12=3;h11=51;euler=96	presentation_level_only_geometry_identity_unresolved			"{""l3"":2,""p3"":18,""p4_0"":0,""p4_1"":6,""p5_0"":1,""p5_1"":0,""p5_2"":1}"	p3=18;p4_0=0;p4_1=6;p5_0=1;p5_1=0;p5_2=1;l3=2			not_applicable_uncomputed			15	eight_plane_arrangement_family						False	The software can parse and test the symbolic family, but the local CKC payload does not include the parameter ideal/excluded loci needed to recover the classified incidence table.			ckc:15
unresolved_source_parameter_constraints_missing_from_local_payload					parameterized	YES	16	extracted	S0_UNVALIDATED_SOURCE_RECORD	SOURCE_PRESENTATION_PAIRWISE_COMPARISON_NOT_GEOMETRY_COLLAPSE		8bbf1dff732529afb634f4a24c1d250d3e7ff3a54c79cbfd9c3584e4bca1622b	16		PARAMETERIZED_FAMILY		"{""euler"":104,""h11"":55,""h12"":3}"	h12=3;h11=55;euler=104	presentation_level_only_geometry_identity_unresolved			"{""l3"":2,""p3"":22,""p4_0"":0,""p4_1"":2,""p5_0"":0,""p5_1"":2,""p5_2"":1}"	p3=22;p4_0=0;p4_1=2;p5_0=0;p5_1=2;p5_2=1;l3=2			not_applicable_uncomputed			16	eight_plane_arrangement_family						False	The software can parse and test the symbolic family, but the local CKC payload does not include the parameter ideal/excluded loci needed to recover the classified incidence table.			ckc:16
unresolved_source_parameter_constraints_missing_from_local_payload					parameterized	YES	17	extracted	S0_UNVALIDATED_SOURCE_RECORD	SOURCE_PRESENTATION_PAIRWISE_COMPARISON_NOT_GEOMETRY_COLLAPSE		8bbf1dff732529afb634f4a24c1d250d3e7ff3a54c79cbfd9c3584e4bca1622b	17		PARAMETERIZED_FAMILY		"{""euler"":108,""h11"":56,""h12"":2}"	h12=2;h11=56;euler=108	presentation_level_only_geometry_identity_unresolved			"{""l3"":2,""p3"":18,""p4_0"":1,""p4_1"":2,""p5_0"":0,""p5_1"":2,""p5_2"":1}"	p3=18;p4_0=1;p4_1=2;p5_0=0;p5_1=2;p5_2=1;l3=2			not_applicable_uncomputed			17	eight_plane_arrangement_family						False	The software can parse and test the symbolic family, but the local CKC payload does not include the parameter ideal/excluded loci needed to recover the classified incidence table.			ckc:17
unresolved_source_parameter_constraints_missing_from_local_payload					parameterized	YES	18	extracted	S0_UNVALIDATED_SOURCE_RECORD	SOURCE_PRESENTATION_PAIRWISE_COMPARISON_NOT_GEOMETRY_COLLAPSE		8bbf1dff732529afb634f4a24c1d250d3e7ff3a54c79cbfd9c3584e4bca1622b	18		PARAMETERIZED_FAMILY		"{""euler"":112,""h11"":57,""h12"":1}"	h12=1;h11=57;euler=112	presentation_level_only_geometry_identity_unresolved			"{""l3"":2,""p3"":14,""p4_0"":2,""p4_1"":2,""p5_0"":0,""p5_1"":2,""p5_2"":1}"	p3=14;p4_0=2;p4_1=2;p5_0=0;p5_1=2;p5_2=1;l3=2			not_applicable_uncomputed			18	eight_plane_arrangement_family						False	The software can parse and test the symbolic family, but the local CKC payload does not include the parameter ideal/excluded loci needed to recover the classified incidence table.			ckc:18
computed_exact_two_stratum_source_assembly	equivariant:a96d2a82fd0f41fd3606d6e445e84adb3e8b97286fedf570a39e218187987a8f	integral:d9f43e2cd1636599af3ad9b9f78e990549ebce9d2d0dfbadda8ba36f266dfec8	rational:3ce290c27529759754ba0fe56236528f7dacbb99361d2aa6c9f14e1d405c8c78	4	fixed_rational	NO	19	extracted	S2_HODGE_TABLE_LINKED	SOURCE_PRESENTATION_PAIRWISE_COMPARISON_NOT_GEOMETRY_COLLAPSE	1	8bbf1dff732529afb634f4a24c1d250d3e7ff3a54c79cbfd9c3584e4bca1622b	19	[1,1,2,2,2,2,4,4,4]	PRESENTATION	equivariant:71ecedc5c0d8e62e2d5ad513a3a1e2de85b64bcbd1bc7b5e842a71b74282c6fa	"{""euler"":92,""h11"":50,""h12"":4}"	h12=4;h11=50;euler=92	presentation_level_only_geometry_identity_unresolved	integral:953fa580d4a85338437070ca47aadd06e1af7e29b42b2fc32552fb4bd13e5216	4	"{""l3"":2,""p3"":9,""p4_0"":8,""p4_1"":0,""p5_0"":2,""p5_1"":0,""p5_2"":0}"	p3=9;p4_0=8;p4_1=0;p5_0=2;p5_1=0;p5_2=0;l3=2	cf942a75cc7eb6582bf88b38600b3014286e58029a3f134c727a051eeb24e13d	research_outputs/hodgecy_ii/source_assembly_deep_dive/all_456_source_assembly_matrices/source_assembly_matrix_19.json	stored_exact_integer_incidence_matrix	[1,1,1,1,1,2,2,2,4,4]	[1,1,2,2,2]	19	eight_plane_arrangement_fixed_candidate	16	18	rational:42a37a995796f24d53167f1577da27c40ba41177fbdf2fa97127b1e748260cb0	[1,1,1,1,1,1,1,1,1,1,1,1,1,1,1,1,2,20]	1^16,2,20	True		[2,20]	[2,5]	ckc:19
unresolved_source_parameter_constraints_missing_from_local_payload					parameterized	YES	20	extracted	S0_UNVALIDATED_SOURCE_RECORD	SOURCE_PRESENTATION_PAIRWISE_COMPARISON_NOT_GEOMETRY_COLLAPSE		8bbf1dff732529afb634f4a24c1d250d3e7ff3a54c79cbfd9c3584e4bca1622b	20		PARAMETERIZED_FAMILY		"{""euler"":96,""h11"":51,""h12"":3}"	h12=3;h11=51;euler=96	presentation_level_only_geometry_identity_unresolved			"{""l3"":2,""p3"":21,""p4_0"":1,""p4_1"":4,""p5_0"":0,""p5_1"":1,""p5_2"":1}"	p3=21;p4_0=1;p4_1=4;p5_0=0;p5_1=1;p5_2=1;l3=2			not_applicable_uncomputed			20	eight_plane_arrangement_family						False	The software can parse and test the symbolic family, but the local CKC payload does not include the parameter ideal/excluded loci needed to recover the classified incidence table.			ckc:20
unresolved_source_parameter_constraints_missing_from_local_payload					parameterized	YES	21	extracted	S0_UNVALIDATED_SOURCE_RECORD	SOURCE_PRESENTATION_PAIRWISE_COMPARISON_NOT_GEOMETRY_COLLAPSE		8bbf1dff732529afb634f4a24c1d250d3e7ff3a54c79cbfd9c3584e4bca1622b	21		PARAMETERIZED_FAMILY		"{""euler"":100,""h11"":52,""h12"":2}"	h12=2;h11=52;euler=100	presentation_level_only_geometry_identity_unresolved			"{""l3"":2,""p3"":17,""p4_0"":2,""p4_1"":4,""p5_0"":0,""p5_1"":1,""p5_2"":1}"	p3=17;p4_0=2;p4_1=4;p5_0=0;p5_1=1;p5_2=1;l3=2			not_applicable_uncomputed			21	eight_plane_arrangement_family						False	The software can parse and test the symbolic family, but the local CKC payload does not include the parameter ideal/excluded loci needed to recover the classified incidence table.			ckc:21
unresolved_source_parameter_constraints_missing_from_local_payload					parameterized	YES	22	extracted	S0_UNVALIDATED_SOURCE_RECORD	SOURCE_PRESENTATION_PAIRWISE_COMPARISON_NOT_GEOMETRY_COLLAPSE		8bbf1dff732529afb634f4a24c1d250d3e7ff3a54c79cbfd9c3584e4bca1622b	22		PARAMETERIZED_FAMILY		"{""euler"":104,""h11"":53,""h12"":1}"	h12=1;h11=53;euler=104	presentation_level_only_geometry_identity_unresolved			"{""l3"":2,""p3"":13,""p4_0"":3,""p4_1"":4,""p5_0"":0,""p5_1"":1,""p5_2"":1}"	p3=13;p4_0=3;p4_1=4;p5_0=0;p5_1=1;p5_2=1;l3=2			not_applicable_uncomputed			22	eight_plane_arrangement_family						False	The software can parse and test the symbolic family, but the local CKC payload does not include the parameter ideal/excluded loci needed to recover the classified incidence table.			ckc:22
unresolved_source_parameter_constraints_missing_from_local_payload					parameterized	YES	23	extracted	S0_UNVALIDATED_SOURCE_RECORD	SOURCE_PRESENTATION_PAIRWISE_COMPARISON_NOT_GEOMETRY_COLLAPSE		8bbf1dff732529afb634f4a24c1d250d3e7ff3a54c79cbfd9c3584e4bca1622b	23		PARAMETERIZED_FAMILY		"{""euler"":108,""h11"":54,""h12"":0}"	h12=0;h11=54;euler=108	presentation_level_only_geometry_identity_unresolved			"{""l3"":2,""p3"":9,""p4_0"":4,""p4_1"":4,""p5_0"":0,""p5_1"":1,""p5_2"":1}"	p3=9;p4_0=4;p4_1=4;p5_0=0;p5_1=1;p5_2=1;l3=2			not_applicable_uncomputed			23	eight_plane_arrangement_family						False	The software can parse and test the symbolic family, but the local CKC payload does not include the parameter ideal/excluded loci needed to recover the classified incidence table.			ckc:23
unresolved_source_parameter_constraints_missing_from_local_payload					parameterized	YES	24	extracted	S0_UNVALIDATED_SOURCE_RECORD	SOURCE_PRESENTATION_PAIRWISE_COMPARISON_NOT_GEOMETRY_COLLAPSE		8bbf1dff732529afb634f4a24c1d250d3e7ff3a54c79cbfd9c3584e4bca1622b	24		PARAMETERIZED_FAMILY		"{""euler"":80,""h11"":45,""h12"":5}"	h12=5;h11=45;euler=80	presentation_level_only_geometry_identity_unresolved			"{""l3"":2,""p3"":28,""p4_0"":0,""p4_1"":6,""p5_0"":0,""p5_1"":0,""p5_2"":1}"	p3=28;p4_0=0;p4_1=6;p5_0=0;p5_1=0;p5_2=1;l3=2			not_applicable_uncomputed			24	eight_plane_arrangement_family						False	The software can parse and test the symbolic family, but the local CKC payload does not include the parameter ideal/excluded loci needed to recover the classified incidence table.			ckc:24
unresolved_source_parameter_constraints_missing_from_local_payload					parameterized	YES	25	extracted	S0_UNVALIDATED_SOURCE_RECORD	SOURCE_PRESENTATION_PAIRWISE_COMPARISON_NOT_GEOMETRY_COLLAPSE		8bbf1dff732529afb634f4a24c1d250d3e7ff3a54c79cbfd9c3584e4bca1622b	25		PARAMETERIZED_FAMILY		"{""euler"":84,""h11"":46,""h12"":4}"	h12=4;h11=46;euler=84	presentation_level_only_geometry_identity_unresolved			"{""l3"":2,""p3"":24,""p4_0"":1,""p4_1"":6,""p5_0"":0,""p5_1"":0,""p5_2"":1}"	p3=24;p4_0=1;p4_1=6;p5_0=0;p5_1=0;p5_2=1;l3=2			not_applicable_uncomputed			25	eight_plane_arrangement_family						False	The software can parse and test the symbolic family, but the local CKC payload does not include the parameter ideal/excluded loci needed to recover the classified incidence table.			ckc:25
unresolved_source_parameter_constraints_missing_from_local_payload					parameterized	YES	26	extracted	S0_UNVALIDATED_SOURCE_RECORD	SOURCE_PRESENTATION_PAIRWISE_COMPARISON_NOT_GEOMETRY_COLLAPSE		8bbf1dff732529afb634f4a24c1d250d3e7ff3a54c79cbfd9c3584e4bca1622b	26		PARAMETERIZED_FAMILY		"{""euler"":88,""h11"":47,""h12"":3}"	h12=3;h11=47;euler=88	presentation_level_only_geometry_identity_unresolved			"{""l3"":2,""p3"":20,""p4_0"":2,""p4_1"":6,""p5_0"":0,""p5_1"":0,""p5_2"":1}"	p3=20;p4_0=2;p4_1=6;p5_0=0;p5_1=0;p5_2=1;l3=2			not_applicable_uncomputed			26	eight_plane_arrangement_family						False	The software can parse and test the symbolic family, but the local CKC payload does not include the parameter ideal/excluded loci needed to recover the classified incidence table.			ckc:26
unresolved_source_parameter_constraints_missing_from_local_payload					parameterized	YES	27	extracted	S0_UNVALIDATED_SOURCE_RECORD	SOURCE_PRESENTATION_PAIRWISE_COMPARISON_NOT_GEOMETRY_COLLAPSE		8bbf1dff732529afb634f4a24c1d250d3e7ff3a54c79cbfd9c3584e4bca1622b	27		PARAMETERIZED_FAMILY		"{""euler"":92,""h11"":48,""h12"":2}"	h12=2;h11=48;euler=92	presentation_level_only_geometry_identity_unresolved			"{""l3"":2,""p3"":16,""p4_0"":3,""p4_1"":6,""p5_0"":0,""p5_1"":0,""p5_2"":1}"	p3=16;p4_0=3;p4_1=6;p5_0=0;p5_1=0;p5_2=1;l3=2			not_applicable_uncomputed			27	eight_plane_arrangement_family						False	The software can parse and test the symbolic family, but the local CKC payload does not include the parameter ideal/excluded loci needed to recover the classified incidence table.			ckc:27
unresolved_source_parameter_constraints_missing_from_local_payload					parameterized	YES	28	extracted	S0_UNVALIDATED_SOURCE_RECORD	SOURCE_PRESENTATION_PAIRWISE_COMPARISON_NOT_GEOMETRY_COLLAPSE		8bbf1dff732529afb634f4a24c1d250d3e7ff3a54c79cbfd9c3584e4bca1622b	28		PARAMETERIZED_FAMILY		"{""euler"":96,""h11"":49,""h12"":1}"	h12=1;h11=49;euler=96	presentation_level_only_geometry_identity_unresolved			"{""l3"":2,""p3"":12,""p4_0"":4,""p4_1"":6,""p5_0"":0,""p5_1"":0,""p5_2"":1}"	p3=12;p4_0=4;p4_1=6;p5_0=0;p5_1=0;p5_2=1;l3=2			not_applicable_uncomputed			28	eight_plane_arrangement_family						False	The software can parse and test the symbolic family, but the local CKC payload does not include the parameter ideal/excluded loci needed to recover the classified incidence table.			ckc:28
unresolved_source_parameter_constraints_missing_from_local_payload					parameterized	YES	29	extracted	S0_UNVALIDATED_SOURCE_RECORD	SOURCE_PRESENTATION_PAIRWISE_COMPARISON_NOT_GEOMETRY_COLLAPSE		8bbf1dff732529afb634f4a24c1d250d3e7ff3a54c79cbfd9c3584e4bca1622b	29		PARAMETERIZED_FAMILY		"{""euler"":96,""h11"":51,""h12"":3}"	h12=3;h11=51;euler=96	presentation_level_only_geometry_identity_unresolved			"{""l3"":2,""p3"":18,""p4_0"":0,""p4_1"":6,""p5_0"":0,""p5_1"":2,""p5_2"":0}"	p3=18;p4_0=0;p4_1=6;p5_0=0;p5_1=2;p5_2=0;l3=2			not_applicable_uncomputed			29	eight_plane_arrangement_family						False	The software can parse and test the symbolic family, but the local CKC payload does not include the parameter ideal/excluded loci needed to recover the classified incidence table.			ckc:29
unresolved_source_parameter_constraints_missing_from_local_payload					parameterized	YES	30	extracted	S0_UNVALIDATED_SOURCE_RECORD	SOURCE_PRESENTATION_PAIRWISE_COMPARISON_NOT_GEOMETRY_COLLAPSE		8bbf1dff732529afb634f4a24c1d250d3e7ff3a54c79cbfd9c3584e4bca1622b	30		PARAMETERIZED_FAMILY		"{""euler"":100,""h11"":52,""h12"":2}"	h12=2;h11=52;euler=100	presentation_level_only_geometry_identity_unresolved			"{""l3"":2,""p3"":14,""p4_0"":1,""p4_1"":6,""p5_0"":0,""p5_1"":2,""p5_2"":0}"	p3=14;p4_0=1;p4_1=6;p5_0=0;p5_1=2;p5_2=0;l3=2			not_applicable_uncomputed			30	eight_plane_arrangement_family						False	The software can parse and test the symbolic family, but the local CKC payload does not include the parameter ideal/excluded loci needed to recover the classified incidence table.			ckc:30
unresolved_source_parameter_constraints_missing_from_local_payload					parameterized	YES	31	extracted	S0_UNVALIDATED_SOURCE_RECORD	SOURCE_PRESENTATION_PAIRWISE_COMPARISON_NOT_GEOMETRY_COLLAPSE		8bbf1dff732529afb634f4a24c1d250d3e7ff3a54c79cbfd9c3584e4bca1622b	31		PARAMETERIZED_FAMILY		"{""euler"":104,""h11"":53,""h12"":1}"	h12=1;h11=53;euler=104	presentation_level_only_geometry_identity_unresolved			"{""l3"":2,""p3"":10,""p4_0"":2,""p4_1"":6,""p5_0"":0,""p5_1"":2,""p5_2"":0}"	p3=10;p4_0=2;p4_1=6;p5_0=0;p5_1=2;p5_2=0;l3=2			not_applicable_uncomputed			31	eight_plane_arrangement_family						False	The software can parse and test the symbolic family, but the local CKC payload does not include the parameter ideal/excluded loci needed to recover the classified incidence table.			ckc:31
computed_exact_two_stratum_source_assembly	equivariant:dcc1f8bb9cd10a9207e9309fd5b1ed9e42b9659ce9a4981a046ed3d4f5da2ce5	integral:bfa6187a14091f4be7d1f8689541b66ae7d526dea1283448145bae839a6153fb	rational:8c13c2243972c1f6d57eae09f14af09a3edba6ed66476b06f8a665cbb4a71762	4	fixed_rational	NO	32	extracted	S2_HODGE_TABLE_LINKED	SOURCE_PRESENTATION_PAIRWISE_COMPARISON_NOT_GEOMETRY_COLLAPSE	0	8bbf1dff732529afb634f4a24c1d250d3e7ff3a54c79cbfd9c3584e4bca1622b	32	[1,1,2,2,2,2,4,4,4]	PRESENTATION	equivariant:e665f09bf5ae3d657060c2da782cf03701a4134d8093981c31ac2d8e7fc624b8	"{""euler"":84,""h11"":46,""h12"":4}"	h12=4;h11=46;euler=84	presentation_level_only_geometry_identity_unresolved	integral:48737b5cb0d0de40c7be016aa1a29d36a38d945b0f79dab09721faf63c1e72d3	2	"{""l3"":2,""p3"":8,""p4_0"":11,""p4_1"":0,""p5_0"":1,""p5_1"":0,""p5_2"":0}"	p3=8;p4_0=11;p4_1=0;p5_0=1;p5_1=0;p5_2=0;l3=2	e77374ec65ed4e94e1e9f81b90dddfdb4f5705c8f03b302148f710855bebcfed	research_outputs/hodgecy_ii/source_assembly_deep_dive/all_456_source_assembly_matrices/source_assembly_matrix_32.json	stored_exact_integer_incidence_matrix	[1,1,2,2,2,2,2,4,4]	[1,1,2,4]	32	eight_plane_arrangement_fixed_candidate	18	20	rational:bdfe36cdcdb6cb2f4a38a8770c72660f77974480cade10ec15b380aa5bc41aaa	[1,1,1,1,1,1,1,1,1,1,1,1,1,1,1,1,1,1,12,12]	1^18,12^2	True		[12,12]	[2,3]	ckc:32
unresolved_source_parameter_constraints_missing_from_local_payload					parameterized	YES	33	extracted	S0_UNVALIDATED_SOURCE_RECORD	SOURCE_PRESENTATION_PAIRWISE_COMPARISON_NOT_GEOMETRY_COLLAPSE		8bbf1dff732529afb634f4a24c1d250d3e7ff3a54c79cbfd9c3584e4bca1622b	33		PARAMETERIZED_FAMILY		"{""euler"":88,""h11"":47,""h12"":3}"	h12=3;h11=47;euler=88	presentation_level_only_geometry_identity_unresolved			"{""l3"":2,""p3"":17,""p4_0"":1,""p4_1"":8,""p5_0"":0,""p5_1"":1,""p5_2"":0}"	p3=17;p4_0=1;p4_1=8;p5_0=0;p5_1=1;p5_2=0;l3=2			not_applicable_uncomputed			33	eight_plane_arrangement_family						False	The software can parse and test the symbolic family, but the local CKC payload does not include the parameter ideal/excluded loci needed to recover the classified incidence table.			ckc:33
unresolved_source_parameter_constraints_missing_from_local_payload					parameterized	YES	34	extracted	S0_UNVALIDATED_SOURCE_RECORD	SOURCE_PRESENTATION_PAIRWISE_COMPARISON_NOT_GEOMETRY_COLLAPSE		8bbf1dff732529afb634f4a24c1d250d3e7ff3a54c79cbfd9c3584e4bca1622b	34		PARAMETERIZED_FAMILY		"{""euler"":92,""h11"":48,""h12"":2}"	h12=2;h11=48;euler=92	presentation_level_only_geometry_identity_unresolved			"{""l3"":2,""p3"":13,""p4_0"":2,""p4_1"":8,""p5_0"":0,""p5_1"":1,""p5_2"":0}"	p3=13;p4_0=2;p4_1=8;p5_0=0;p5_1=1;p5_2=0;l3=2			not_applicable_uncomputed			34	eight_plane_arrangement_family						False	The software can parse and test the symbolic family, but the local CKC payload does not include the parameter ideal/excluded loci needed to recover the classified incidence table.			ckc:34
unresolved_source_parameter_constraints_missing_from_local_payload					parameterized	YES	35	extracted	S0_UNVALIDATED_SOURCE_RECORD	SOURCE_PRESENTATION_PAIRWISE_COMPARISON_NOT_GEOMETRY_COLLAPSE		8bbf1dff732529afb634f4a24c1d250d3e7ff3a54c79cbfd9c3584e4bca1622b	35		PARAMETERIZED_FAMILY		"{""euler"":72,""h11"":41,""h12"":5}"	h12=5;h11=41;euler=72	presentation_level_only_geometry_identity_unresolved			"{""l3"":2,""p3"":24,""p4_0"":0,""p4_1"":10,""p5_0"":0,""p5_1"":0,""p5_2"":0}"	p3=24;p4_0=0;p4_1=10;p5_0=0;p5_1=0;p5_2=0;l3=2			not_applicable_uncomputed			35	eight_plane_arrangement_family						False	The software can parse and test the symbolic family, but the local CKC payload does not include the parameter ideal/excluded loci needed to recover the classified incidence table.			ckc:35
unresolved_source_parameter_constraints_missing_from_local_payload					parameterized	YES	36	extracted	S0_UNVALIDATED_SOURCE_RECORD	SOURCE_PRESENTATION_PAIRWISE_COMPARISON_NOT_GEOMETRY_COLLAPSE		8bbf1dff732529afb634f4a24c1d250d3e7ff3a54c79cbfd9c3584e4bca1622b	36		PARAMETERIZED_FAMILY		"{""euler"":76,""h11"":42,""h12"":4}"	h12=4;h11=42;euler=76	presentation_level_only_geometry_identity_unresolved			"{""l3"":2,""p3"":20,""p4_0"":1,""p4_1"":10,""p5_0"":0,""p5_1"":0,""p5_2"":0}"	p3=20;p4_0=1;p4_1=10;p5_0=0;p5_1=0;p5_2=0;l3=2			not_applicable_uncomputed			36	eight_plane_arrangement_family						False	The software can parse and test the symbolic family, but the local CKC payload does not include the parameter ideal/excluded loci needed to recover the classified incidence table.			ckc:36
unresolved_source_parameter_constraints_missing_from_local_payload					parameterized	YES	37	extracted	S0_UNVALIDATED_SOURCE_RECORD	SOURCE_PRESENTATION_PAIRWISE_COMPARISON_NOT_GEOMETRY_COLLAPSE		8bbf1dff732529afb634f4a24c1d250d3e7ff3a54c79cbfd9c3584e4bca1622b	37		PARAMETERIZED_FAMILY		"{""euler"":80,""h11"":43,""h12"":3}"	h12=3;h11=43;euler=80	presentation_level_only_geometry_identity_unresolved			"{""l3"":2,""p3"":16,""p4_0"":2,""p4_1"":10,""p5_0"":0,""p5_1"":0,""p5_2"":0}"	p3=16;p4_0=2;p4_1=10;p5_0=0;p5_1=0;p5_2=0;l3=2			not_applicable_uncomputed			37	eight_plane_arrangement_family						False	The software can parse and test the symbolic family, but the local CKC payload does not include the parameter ideal/excluded loci needed to recover the classified incidence table.			ckc:37
unresolved_source_parameter_constraints_missing_from_local_payload					parameterized	YES	38	extracted	S0_UNVALIDATED_SOURCE_RECORD	SOURCE_PRESENTATION_PAIRWISE_COMPARISON_NOT_GEOMETRY_COLLAPSE		8bbf1dff732529afb634f4a24c1d250d3e7ff3a54c79cbfd9c3584e4bca1622b	38		PARAMETERIZED_FAMILY		"{""euler"":80,""h11"":45,""h12"":5}"	h12=5;h11=45;euler=80	presentation_level_only_geometry_identity_unresolved			"{""l3"":1,""p3"":34,""p4_0"":0,""p4_1"":1,""p5_0"":0,""p5_1"":2,""p5_2"":0}"	p3=34;p4_0=0;p4_1=1;p5_0=0;p5_1=2;p5_2=0;l3=1			not_applicable_uncomputed			38	eight_plane_arrangement_family						False	The software can parse and test the symbolic family, but the local CKC payload does not include the parameter ideal/excluded loci needed to recover the classified incidence table.			ckc:38
unresolved_source_parameter_constraints_missing_from_local_payload					parameterized	YES	39	extracted	S0_UNVALIDATED_SOURCE_RECORD	SOURCE_PRESENTATION_PAIRWISE_COMPARISON_NOT_GEOMETRY_COLLAPSE		8bbf1dff732529afb634f4a24c1d250d3e7ff3a54c79cbfd9c3584e4bca1622b	39		PARAMETERIZED_FAMILY		"{""euler"":84,""h11"":46,""h12"":4}"	h12=4;h11=46;euler=84	presentation_level_only_geometry_identity_unresolved			"{""l3"":1,""p3"":30,""p4_0"":1,""p4_1"":1,""p5_0"":0,""p5_1"":2,""p5_2"":0}"	p3=30;p4_0=1;p4_1=1;p5_0=0;p5_1=2;p5_2=0;l3=1			not_applicable_uncomputed			39	eight_plane_arrangement_family						False	The software can parse and test the symbolic family, but the local CKC payload does not include the parameter ideal/excluded loci needed to recover the classified incidence table.			ckc:39
unresolved_source_parameter_constraints_missing_from_local_payload					parameterized	YES	40	extracted	S0_UNVALIDATED_SOURCE_RECORD	SOURCE_PRESENTATION_PAIRWISE_COMPARISON_NOT_GEOMETRY_COLLAPSE		8bbf1dff732529afb634f4a24c1d250d3e7ff3a54c79cbfd9c3584e4bca1622b	40		PARAMETERIZED_FAMILY		"{""euler"":88,""h11"":47,""h12"":3}"	h12=3;h11=47;euler=88	presentation_level_only_geometry_identity_unresolved			"{""l3"":1,""p3"":26,""p4_0"":2,""p4_1"":1,""p5_0"":0,""p5_1"":2,""p5_2"":0}"	p3=26;p4_0=2;p4_1=1;p5_0=0;p5_1=2;p5_2=0;l3=1			not_applicable_uncomputed			40	eight_plane_arrangement_family						False	The software can parse and test the symbolic family, but the local CKC payload does not include the parameter ideal/excluded loci needed to recover the classified incidence table.			ckc:40
unresolved_source_parameter_constraints_missing_from_local_payload					parameterized	YES	41	extracted	S0_UNVALIDATED_SOURCE_RECORD	SOURCE_PRESENTATION_PAIRWISE_COMPARISON_NOT_GEOMETRY_COLLAPSE		8bbf1dff732529afb634f4a24c1d250d3e7ff3a54c79cbfd9c3584e4bca1622b	41		PARAMETERIZED_FAMILY		"{""euler"":92,""h11"":48,""h12"":2}"	h12=2;h11=48;euler=92	presentation_level_only_geometry_identity_unresolved			"{""l3"":1,""p3"":22,""p4_0"":3,""p4_1"":1,""p5_0"":0,""p5_1"":2,""p5_2"":0}"	p3=22;p4_0=3;p4_1=1;p5_0=0;p5_1=2;p5_2=0;l3=1			not_applicable_uncomputed			41	eight_plane_arrangement_family						False	The software can parse and test the symbolic family, but the local CKC payload does not include the parameter ideal/excluded loci needed to recover the classified incidence table.			ckc:41
unresolved_source_parameter_constraints_missing_from_local_payload					parameterized	YES	42	extracted	S0_UNVALIDATED_SOURCE_RECORD	SOURCE_PRESENTATION_PAIRWISE_COMPARISON_NOT_GEOMETRY_COLLAPSE		8bbf1dff732529afb634f4a24c1d250d3e7ff3a54c79cbfd9c3584e4bca1622b	42		PARAMETERIZED_FAMILY		"{""euler"":96,""h11"":49,""h12"":1}"	h12=1;h11=49;euler=96	presentation_level_only_geometry_identity_unresolved			"{""l3"":1,""p3"":18,""p4_0"":4,""p4_1"":1,""p5_0"":0,""p5_1"":2,""p5_2"":0}"	p3=18;p4_0=4;p4_1=1;p5_0=0;p5_1=2;p5_2=0;l3=1			not_applicable_uncomputed			42	eight_plane_arrangement_family						False	The software can parse and test the symbolic family, but the local CKC payload does not include the parameter ideal/excluded loci needed to recover the classified incidence table.			ckc:42
unresolved_source_parameter_constraints_missing_from_local_payload					parameterized	YES	43	extracted	S0_UNVALIDATED_SOURCE_RECORD	SOURCE_PRESENTATION_PAIRWISE_COMPARISON_NOT_GEOMETRY_COLLAPSE		8bbf1dff732529afb634f4a24c1d250d3e7ff3a54c79cbfd9c3584e4bca1622b	43		PARAMETERIZED_FAMILY		"{""euler"":100,""h11"":50,""h12"":0}"	h12=0;h11=50;euler=100	presentation_level_only_geometry_identity_unresolved			"{""l3"":1,""p3"":14,""p4_0"":5,""p4_1"":1,""p5_0"":0,""p5_1"":2,""p5_2"":0}"	p3=14;p4_0=5;p4_1=1;p5_0=0;p5_1=2;p5_2=0;l3=1			not_applicable_uncomputed			43	eight_plane_arrangement_family						False	The software can parse and test the symbolic family, but the local CKC payload does not include the parameter ideal/excluded loci needed to recover the classified incidence table.			ckc:43
unresolved_source_parameter_constraints_missing_from_local_payload					parameterized	YES	44	extracted	S0_UNVALIDATED_SOURCE_RECORD	SOURCE_PRESENTATION_PAIRWISE_COMPARISON_NOT_GEOMETRY_COLLAPSE		8bbf1dff732529afb634f4a24c1d250d3e7ff3a54c79cbfd9c3584e4bca1622b	44		PARAMETERIZED_FAMILY		"{""euler"":96,""h11"":51,""h12"":3}"	h12=3;h11=51;euler=96	presentation_level_only_geometry_identity_unresolved			"{""l3"":1,""p3"":32,""p4_0"":0,""p4_1"":1,""p5_0"":1,""p5_1"":2,""p5_2"":0}"	p3=32;p4_0=0;p4_1=1;p5_0=1;p5_1=2;p5_2=0;l3=1			not_applicable_uncomputed			44	eight_plane_arrangement_family						False	The software can parse and test the symbolic family, but the local CKC payload does not include the parameter ideal/excluded loci needed to recover the classified incidence table.			ckc:44
unresolved_source_parameter_constraints_missing_from_local_payload					parameterized	YES	45	extracted	S0_UNVALIDATED_SOURCE_RECORD	SOURCE_PRESENTATION_PAIRWISE_COMPARISON_NOT_GEOMETRY_COLLAPSE		8bbf1dff732529afb634f4a24c1d250d3e7ff3a54c79cbfd9c3584e4bca1622b	45		PARAMETERIZED_FAMILY		"{""euler"":84,""h11"":46,""h12"":4}"	h12=4;h11=46;euler=84	presentation_level_only_geometry_identity_unresolved			"{""l3"":1,""p3"":27,""p4_0"":0,""p4_1"":3,""p5_0"":1,""p5_1"":1,""p5_2"":0}"	p3=27;p4_0=0;p4_1=3;p5_0=1;p5_1=1;p5_2=0;l3=1			not_applicable_uncomputed			45	eight_plane_arrangement_family						False	The software can parse and test the symbolic family, but the local CKC payload does not include the parameter ideal/excluded loci needed to recover the classified incidence table.			ckc:45
unresolved_source_parameter_constraints_missing_from_local_payload					parameterized	YES	46	extracted	S0_UNVALIDATED_SOURCE_RECORD	SOURCE_PRESENTATION_PAIRWISE_COMPARISON_NOT_GEOMETRY_COLLAPSE		8bbf1dff732529afb634f4a24c1d250d3e7ff3a54c79cbfd9c3584e4bca1622b	46		PARAMETERIZED_FAMILY		"{""euler"":88,""h11"":47,""h12"":3}"	h12=3;h11=47;euler=88	presentation_level_only_geometry_identity_unresolved			"{""l3"":1,""p3"":23,""p4_0"":1,""p4_1"":3,""p5_0"":1,""p5_1"":1,""p5_2"":0}"	p3=23;p4_0=1;p4_1=3;p5_0=1;p5_1=1;p5_2=0;l3=1			not_applicable_uncomputed			46	eight_plane_arrangement_family						False	The software can parse and test the symbolic family, but the local CKC payload does not include the parameter ideal/excluded loci needed to recover the classified incidence table.			ckc:46
unresolved_source_parameter_constraints_missing_from_local_payload					parameterized	YES	47	extracted	S0_UNVALIDATED_SOURCE_RECORD	SOURCE_PRESENTATION_PAIRWISE_COMPARISON_NOT_GEOMETRY_COLLAPSE		8bbf1dff732529afb634f4a24c1d250d3e7ff3a54c79cbfd9c3584e4bca1622b	47		PARAMETERIZED_FAMILY		"{""euler"":92,""h11"":48,""h12"":2}"	h12=2;h11=48;euler=92	presentation_level_only_geometry_identity_unresolved			"{""l3"":1,""p3"":19,""p4_0"":2,""p4_1"":3,""p5_0"":1,""p5_1"":1,""p5_2"":0}"	p3=19;p4_0=2;p4_1=3;p5_0=1;p5_1=1;p5_2=0;l3=1			not_applicable_uncomputed			47	eight_plane_arrangement_family						False	The software can parse and test the symbolic family, but the local CKC payload does not include the parameter ideal/excluded loci needed to recover the classified incidence table.			ckc:47
unresolved_source_parameter_constraints_missing_from_local_payload					parameterized	YES	48	extracted	S0_UNVALIDATED_SOURCE_RECORD	SOURCE_PRESENTATION_PAIRWISE_COMPARISON_NOT_GEOMETRY_COLLAPSE		8bbf1dff732529afb634f4a24c1d250d3e7ff3a54c79cbfd9c3584e4bca1622b	48		PARAMETERIZED_FAMILY		"{""euler"":56,""h11"":35,""h12"":7}"	h12=7;h11=35;euler=56	presentation_level_only_geometry_identity_unresolved			"{""l3"":1,""p3"":40,""p4_0"":0,""p4_1"":5,""p5_0"":0,""p5_1"":0,""p5_2"":0}"	p3=40;p4_0=0;p4_1=5;p5_0=0;p5_1=0;p5_2=0;l3=1			not_applicable_uncomputed			48	eight_plane_arrangement_family						False	The software can parse and test the symbolic family, but the local CKC payload does not include the parameter ideal/excluded loci needed to recover the classified incidence table.			ckc:48
unresolved_source_parameter_constraints_missing_from_local_payload					parameterized	YES	49	extracted	S0_UNVALIDATED_SOURCE_RECORD	SOURCE_PRESENTATION_PAIRWISE_COMPARISON_NOT_GEOMETRY_COLLAPSE		8bbf1dff732529afb634f4a24c1d250d3e7ff3a54c79cbfd9c3584e4bca1622b	49		PARAMETERIZED_FAMILY		"{""euler"":60,""h11"":36,""h12"":6}"	h12=6;h11=36;euler=60	presentation_level_only_geometry_identity_unresolved			"{""l3"":1,""p3"":36,""p4_0"":1,""p4_1"":5,""p5_0"":0,""p5_1"":0,""p5_2"":0}"	p3=36;p4_0=1;p4_1=5;p5_0=0;p5_1=0;p5_2=0;l3=1			not_applicable_uncomputed			49	eight_plane_arrangement_family						False	The software can parse and test the symbolic family, but the local CKC payload does not include the parameter ideal/excluded loci needed to recover the classified incidence table.			ckc:49
unresolved_source_parameter_constraints_missing_from_local_payload					parameterized	YES	50	extracted	S0_UNVALIDATED_SOURCE_RECORD	SOURCE_PRESENTATION_PAIRWISE_COMPARISON_NOT_GEOMETRY_COLLAPSE		8bbf1dff732529afb634f4a24c1d250d3e7ff3a54c79cbfd9c3584e4bca1622b	50		PARAMETERIZED_FAMILY		"{""euler"":64,""h11"":37,""h12"":5}"	h12=5;h11=37;euler=64	presentation_level_only_geometry_identity_unresolved			"{""l3"":1,""p3"":32,""p4_0"":2,""p4_1"":5,""p5_0"":0,""p5_1"":0,""p5_2"":0}"	p3=32;p4_0=2;p4_1=5;p5_0=0;p5_1=0;p5_2=0;l3=1			not_applicable_uncomputed			50	eight_plane_arrangement_family						False	The software can parse and test the symbolic family, but the local CKC payload does not include the parameter ideal/excluded loci needed to recover the classified incidence table.			ckc:50
unresolved_source_parameter_constraints_missing_from_local_payload					parameterized	YES	51	extracted	S0_UNVALIDATED_SOURCE_RECORD	SOURCE_PRESENTATION_PAIRWISE_COMPARISON_NOT_GEOMETRY_COLLAPSE		8bbf1dff732529afb634f4a24c1d250d3e7ff3a54c79cbfd9c3584e4bca1622b	51		PARAMETERIZED_FAMILY		"{""euler"":68,""h11"":38,""h12"":4}"	h12=4;h11=38;euler=68	presentation_level_only_geometry_identity_unresolved			"{""l3"":1,""p3"":28,""p4_0"":3,""p4_1"":5,""p5_0"":0,""p5_1"":0,""p5_2"":0}"	p3=28;p4_0=3;p4_1=5;p5_0=0;p5_1=0;p5_2=0;l3=1			not_applicable_uncomputed			51	eight_plane_arrangement_family						False	The software can parse and test the symbolic family, but the local CKC payload does not include the parameter ideal/excluded loci needed to recover the classified incidence table.			ckc:51
unresolved_source_parameter_constraints_missing_from_local_payload					parameterized	YES	52	extracted	S0_UNVALIDATED_SOURCE_RECORD	SOURCE_PRESENTATION_PAIRWISE_COMPARISON_NOT_GEOMETRY_COLLAPSE		8bbf1dff732529afb634f4a24c1d250d3e7ff3a54c79cbfd9c3584e4bca1622b	52		PARAMETERIZED_FAMILY		"{""euler"":72,""h11"":39,""h12"":3}"	h12=3;h11=39;euler=72	presentation_level_only_geometry_identity_unresolved			"{""l3"":1,""p3"":24,""p4_0"":4,""p4_1"":5,""p5_0"":0,""p5_1"":0,""p5_2"":0}"	p3=24;p4_0=4;p4_1=5;p5_0=0;p5_1=0;p5_2=0;l3=1			not_applicable_uncomputed			52	eight_plane_arrangement_family						False	The software can parse and test the symbolic family, but the local CKC payload does not include the parameter ideal/excluded loci needed to recover the classified incidence table.			ckc:52
unresolved_source_parameter_constraints_missing_from_local_payload					parameterized	YES	53	extracted	S0_UNVALIDATED_SOURCE_RECORD	SOURCE_PRESENTATION_PAIRWISE_COMPARISON_NOT_GEOMETRY_COLLAPSE		8bbf1dff732529afb634f4a24c1d250d3e7ff3a54c79cbfd9c3584e4bca1622b	53		PARAMETERIZED_FAMILY		"{""euler"":76,""h11"":40,""h12"":2}"	h12=2;h11=40;euler=76	presentation_level_only_geometry_identity_unresolved			"{""l3"":1,""p3"":20,""p4_0"":5,""p4_1"":5,""p5_0"":0,""p5_1"":0,""p5_2"":0}"	p3=20;p4_0=5;p4_1=5;p5_0=0;p5_1=0;p5_2=0;l3=1			not_applicable_uncomputed			53	eight_plane_arrangement_family						False	The software can parse and test the symbolic family, but the local CKC payload does not include the parameter ideal/excluded loci needed to recover the classified incidence table.			ckc:53
unresolved_source_parameter_constraints_missing_from_local_payload					parameterized	YES	54	extracted	S0_UNVALIDATED_SOURCE_RECORD	SOURCE_PRESENTATION_PAIRWISE_COMPARISON_NOT_GEOMETRY_COLLAPSE		8bbf1dff732529afb634f4a24c1d250d3e7ff3a54c79cbfd9c3584e4bca1622b	54		PARAMETERIZED_FAMILY		"{""euler"":80,""h11"":41,""h12"":1}"	h12=1;h11=41;euler=80	presentation_level_only_geometry_identity_unresolved			"{""l3"":1,""p3"":16,""p4_0"":6,""p4_1"":5,""p5_0"":0,""p5_1"":0,""p5_2"":0}"	p3=16;p4_0=6;p4_1=5;p5_0=0;p5_1=0;p5_2=0;l3=1			not_applicable_uncomputed			54	eight_plane_arrangement_family						False	The software can parse and test the symbolic family, but the local CKC payload does not include the parameter ideal/excluded loci needed to recover the classified incidence table.			ckc:54
unresolved_source_parameter_constraints_missing_from_local_payload					parameterized	YES	55	extracted	S0_UNVALIDATED_SOURCE_RECORD	SOURCE_PRESENTATION_PAIRWISE_COMPARISON_NOT_GEOMETRY_COLLAPSE		8bbf1dff732529afb634f4a24c1d250d3e7ff3a54c79cbfd9c3584e4bca1622b	55		PARAMETERIZED_FAMILY		"{""euler"":68,""h11"":40,""h12"":6}"	h12=6;h11=40;euler=68	presentation_level_only_geometry_identity_unresolved			"{""l3"":1,""p3"":37,""p4_0"":0,""p4_1"":3,""p5_0"":0,""p5_1"":1,""p5_2"":0}"	p3=37;p4_0=0;p4_1=3;p5_0=0;p5_1=1;p5_2=0;l3=1			not_applicable_uncomputed			55	eight_plane_arrangement_family						False	The software can parse and test the symbolic family, but the local CKC payload does not include the parameter ideal/excluded loci needed to recover the classified incidence table.			ckc:55
unresolved_source_parameter_constraints_missing_from_local_payload					parameterized	YES	56	extracted	S0_UNVALIDATED_SOURCE_RECORD	SOURCE_PRESENTATION_PAIRWISE_COMPARISON_NOT_GEOMETRY_COLLAPSE		8bbf1dff732529afb634f4a24c1d250d3e7ff3a54c79cbfd9c3584e4bca1622b	56		PARAMETERIZED_FAMILY		"{""euler"":72,""h11"":41,""h12"":5}"	h12=5;h11=41;euler=72	presentation_level_only_geometry_identity_unresolved			"{""l3"":1,""p3"":33,""p4_0"":1,""p4_1"":3,""p5_0"":0,""p5_1"":1,""p5_2"":0}"	p3=33;p4_0=1;p4_1=3;p5_0=0;p5_1=1;p5_2=0;l3=1			not_applicable_uncomputed			56	eight_plane_arrangement_family						False	The software can parse and test the symbolic family, but the local CKC payload does not include the parameter ideal/excluded loci needed to recover the classified incidence table.			ckc:56
unresolved_source_parameter_constraints_missing_from_local_payload					parameterized	YES	57	extracted	S0_UNVALIDATED_SOURCE_RECORD	SOURCE_PRESENTATION_PAIRWISE_COMPARISON_NOT_GEOMETRY_COLLAPSE		8bbf1dff732529afb634f4a24c1d250d3e7ff3a54c79cbfd9c3584e4bca1622b	57		PARAMETERIZED_FAMILY		"{""euler"":76,""h11"":42,""h12"":4}"	h12=4;h11=42;euler=76	presentation_level_only_geometry_identity_unresolved			"{""l3"":1,""p3"":29,""p4_0"":2,""p4_1"":3,""p5_0"":0,""p5_1"":1,""p5_2"":0}"	p3=29;p4_0=2;p4_1=3;p5_0=0;p5_1=1;p5_2=0;l3=1			not_applicable_uncomputed			57	eight_plane_arrangement_family						False	The software can parse and test the symbolic family, but the local CKC payload does not include the parameter ideal/excluded loci needed to recover the classified incidence table.			ckc:57
unresolved_source_parameter_constraints_missing_from_local_payload					parameterized	YES	58	extracted	S0_UNVALIDATED_SOURCE_RECORD	SOURCE_PRESENTATION_PAIRWISE_COMPARISON_NOT_GEOMETRY_COLLAPSE		8bbf1dff732529afb634f4a24c1d250d3e7ff3a54c79cbfd9c3584e4bca1622b	58		PARAMETERIZED_FAMILY		"{""euler"":80,""h11"":43,""h12"":3}"	h12=3;h11=43;euler=80	presentation_level_only_geometry_identity_unresolved			"{""l3"":1,""p3"":25,""p4_0"":3,""p4_1"":3,""p5_0"":0,""p5_1"":1,""p5_2"":0}"	p3=25;p4_0=3;p4_1=3;p5_0=0;p5_1=1;p5_2=0;l3=1			not_applicable_uncomputed			58	eight_plane_arrangement_family						False	The software can parse and test the symbolic family, but the local CKC payload does not include the parameter ideal/excluded loci needed to recover the classified incidence table.			ckc:58
unresolved_source_parameter_constraints_missing_from_local_payload					parameterized	YES	59	extracted	S0_UNVALIDATED_SOURCE_RECORD	SOURCE_PRESENTATION_PAIRWISE_COMPARISON_NOT_GEOMETRY_COLLAPSE		8bbf1dff732529afb634f4a24c1d250d3e7ff3a54c79cbfd9c3584e4bca1622b	59		PARAMETERIZED_FAMILY		"{""euler"":84,""h11"":44,""h12"":2}"	h12=2;h11=44;euler=84	presentation_level_only_geometry_identity_unresolved			"{""l3"":1,""p3"":21,""p4_0"":4,""p4_1"":3,""p5_0"":0,""p5_1"":1,""p5_2"":0}"	p3=21;p4_0=4;p4_1=3;p5_0=0;p5_1=1;p5_2=0;l3=1			not_applicable_uncomputed			59	eight_plane_arrangement_family						False	The software can parse and test the symbolic family, but the local CKC payload does not include the parameter ideal/excluded loci needed to recover the classified incidence table.			ckc:59
unresolved_source_parameter_constraints_missing_from_local_payload					parameterized	YES	60	extracted	S0_UNVALIDATED_SOURCE_RECORD	SOURCE_PRESENTATION_PAIRWISE_COMPARISON_NOT_GEOMETRY_COLLAPSE		8bbf1dff732529afb634f4a24c1d250d3e7ff3a54c79cbfd9c3584e4bca1622b	60		PARAMETERIZED_FAMILY		"{""euler"":88,""h11"":45,""h12"":1}"	h12=1;h11=45;euler=88	presentation_level_only_geometry_identity_unresolved			"{""l3"":1,""p3"":17,""p4_0"":5,""p4_1"":3,""p5_0"":0,""p5_1"":1,""p5_2"":0}"	p3=17;p4_0=5;p4_1=3;p5_0=0;p5_1=1;p5_2=0;l3=1			not_applicable_uncomputed			60	eight_plane_arrangement_family						False	The software can parse and test the symbolic family, but the local CKC payload does not include the parameter ideal/excluded loci needed to recover the classified incidence table.			ckc:60
unresolved_source_parameter_constraints_missing_from_local_payload					parameterized	YES	61	extracted	S0_UNVALIDATED_SOURCE_RECORD	SOURCE_PRESENTATION_PAIRWISE_COMPARISON_NOT_GEOMETRY_COLLAPSE		8bbf1dff732529afb634f4a24c1d250d3e7ff3a54c79cbfd9c3584e4bca1622b	61		PARAMETERIZED_FAMILY		"{""euler"":92,""h11"":46,""h12"":0}"	h12=0;h11=46;euler=92	presentation_level_only_geometry_identity_unresolved			"{""l3"":1,""p3"":13,""p4_0"":6,""p4_1"":3,""p5_0"":0,""p5_1"":1,""p5_2"":0}"	p3=13;p4_0=6;p4_1=3;p5_0=0;p5_1=1;p5_2=0;l3=1			not_applicable_uncomputed			61	eight_plane_arrangement_family						False	The software can parse and test the symbolic family, but the local CKC payload does not include the parameter ideal/excluded loci needed to recover the classified incidence table.			ckc:61
unresolved_source_parameter_constraints_missing_from_local_payload					parameterized	YES	62	extracted	S0_UNVALIDATED_SOURCE_RECORD	SOURCE_PRESENTATION_PAIRWISE_COMPARISON_NOT_GEOMETRY_COLLAPSE		8bbf1dff732529afb634f4a24c1d250d3e7ff3a54c79cbfd9c3584e4bca1622b	62		PARAMETERIZED_FAMILY		"{""euler"":72,""h11"":41,""h12"":5}"	h12=5;h11=41;euler=72	presentation_level_only_geometry_identity_unresolved			"{""l3"":0,""p3"":36,""p4_0"":0,""p4_1"":0,""p5_0"":2,""p5_1"":0,""p5_2"":0}"	p3=36;p4_0=0;p4_1=0;p5_0=2;p5_1=0;p5_2=0;l3=0			not_applicable_uncomputed			62	eight_plane_arrangement_family						False	The software can parse and test the symbolic family, but the local CKC payload does not include the parameter ideal/excluded loci needed to recover the classified incidence table.			ckc:62
unresolved_source_parameter_constraints_missing_from_local_payload					parameterized	YES	63	extracted	S0_UNVALIDATED_SOURCE_RECORD	SOURCE_PRESENTATION_PAIRWISE_COMPARISON_NOT_GEOMETRY_COLLAPSE		8bbf1dff732529afb634f4a24c1d250d3e7ff3a54c79cbfd9c3584e4bca1622b	63		PARAMETERIZED_FAMILY		"{""euler"":76,""h11"":42,""h12"":4}"	h12=4;h11=42;euler=76	presentation_level_only_geometry_identity_unresolved			"{""l3"":0,""p3"":32,""p4_0"":1,""p4_1"":0,""p5_0"":2,""p5_1"":0,""p5_2"":0}"	p3=32;p4_0=1;p4_1=0;p5_0=2;p5_1=0;p5_2=0;l3=0			not_applicable_uncomputed			63	eight_plane_arrangement_family						False	The software can parse and test the symbolic family, but the local CKC payload does not include the parameter ideal/excluded loci needed to recover the classified incidence table.			ckc:63
unresolved_source_parameter_constraints_missing_from_local_payload					parameterized	YES	64	extracted	S0_UNVALIDATED_SOURCE_RECORD	SOURCE_PRESENTATION_PAIRWISE_COMPARISON_NOT_GEOMETRY_COLLAPSE		8bbf1dff732529afb634f4a24c1d250d3e7ff3a54c79cbfd9c3584e4bca1622b	64		PARAMETERIZED_FAMILY		"{""euler"":80,""h11"":43,""h12"":3}"	h12=3;h11=43;euler=80	presentation_level_only_geometry_identity_unresolved			"{""l3"":0,""p3"":28,""p4_0"":2,""p4_1"":0,""p5_0"":2,""p5_1"":0,""p5_2"":0}"	p3=28;p4_0=2;p4_1=0;p5_0=2;p5_1=0;p5_2=0;l3=0			not_applicable_uncomputed			64	eight_plane_arrangement_family						False	The software can parse and test the symbolic family, but the local CKC payload does not include the parameter ideal/excluded loci needed to recover the classified incidence table.			ckc:64
unresolved_source_parameter_constraints_missing_from_local_payload					parameterized	YES	65	extracted	S0_UNVALIDATED_SOURCE_RECORD	SOURCE_PRESENTATION_PAIRWISE_COMPARISON_NOT_GEOMETRY_COLLAPSE		8bbf1dff732529afb634f4a24c1d250d3e7ff3a54c79cbfd9c3584e4bca1622b	65		PARAMETERIZED_FAMILY		"{""euler"":84,""h11"":44,""h12"":2}"	h12=2;h11=44;euler=84	presentation_level_only_geometry_identity_unresolved			"{""l3"":0,""p3"":24,""p4_0"":3,""p4_1"":0,""p5_0"":2,""p5_1"":0,""p5_2"":0}"	p3=24;p4_0=3;p4_1=0;p5_0=2;p5_1=0;p5_2=0;l3=0			not_applicable_uncomputed			65	eight_plane_arrangement_family						False	The software can parse and test the symbolic family, but the local CKC payload does not include the parameter ideal/excluded loci needed to recover the classified incidence table.			ckc:65
unresolved_source_parameter_constraints_missing_from_local_payload					parameterized	YES	66	extracted	S0_UNVALIDATED_SOURCE_RECORD	SOURCE_PRESENTATION_PAIRWISE_COMPARISON_NOT_GEOMETRY_COLLAPSE		8bbf1dff732529afb634f4a24c1d250d3e7ff3a54c79cbfd9c3584e4bca1622b	66		PARAMETERIZED_FAMILY		"{""euler"":56,""h11"":35,""h12"":7}"	h12=7;h11=35;euler=56	presentation_level_only_geometry_identity_unresolved			"{""l3"":0,""p3"":46,""p4_0"":0,""p4_1"":0,""p5_0"":1,""p5_1"":0,""p5_2"":0}"	p3=46;p4_0=0;p4_1=0;p5_0=1;p5_1=0;p5_2=0;l3=0			not_applicable_uncomputed			66	eight_plane_arrangement_family						False	The software can parse and test the symbolic family, but the local CKC payload does not include the parameter ideal/excluded loci needed to recover the classified incidence table.			ckc:66
unresolved_source_parameter_constraints_missing_from_local_payload					parameterized	YES	67	extracted	S0_UNVALIDATED_SOURCE_RECORD	SOURCE_PRESENTATION_PAIRWISE_COMPARISON_NOT_GEOMETRY_COLLAPSE		8bbf1dff732529afb634f4a24c1d250d3e7ff3a54c79cbfd9c3584e4bca1622b	67		PARAMETERIZED_FAMILY		"{""euler"":60,""h11"":36,""h12"":6}"	h12=6;h11=36;euler=60	presentation_level_only_geometry_identity_unresolved			"{""l3"":0,""p3"":42,""p4_0"":1,""p4_1"":0,""p5_0"":1,""p5_1"":0,""p5_2"":0}"	p3=42;p4_0=1;p4_1=0;p5_0=1;p5_1=0;p5_2=0;l3=0			not_applicable_uncomputed			67	eight_plane_arrangement_family						False	The software can parse and test the symbolic family, but the local CKC payload does not include the parameter ideal/excluded loci needed to recover the classified incidence table.			ckc:67
unresolved_source_parameter_constraints_missing_from_local_payload					parameterized	YES	68	extracted	S0_UNVALIDATED_SOURCE_RECORD	SOURCE_PRESENTATION_PAIRWISE_COMPARISON_NOT_GEOMETRY_COLLAPSE		8bbf1dff732529afb634f4a24c1d250d3e7ff3a54c79cbfd9c3584e4bca1622b	68		PARAMETERIZED_FAMILY		"{""euler"":64,""h11"":37,""h12"":5}"	h12=5;h11=37;euler=64	presentation_level_only_geometry_identity_unresolved			"{""l3"":0,""p3"":38,""p4_0"":2,""p4_1"":0,""p5_0"":1,""p5_1"":0,""p5_2"":0}"	p3=38;p4_0=2;p4_1=0;p5_0=1;p5_1=0;p5_2=0;l3=0			not_applicable_uncomputed			68	eight_plane_arrangement_family						False	The software can parse and test the symbolic family, but the local CKC payload does not include the parameter ideal/excluded loci needed to recover the classified incidence table.			ckc:68
computed_exact_two_stratum_source_assembly	equivariant:91632e2c473b9df302dabef7abe351bfe02761309c5d4db92bcc71bbf0f0785f	integral:8e74e6dadb905be7cd8af48d3b23954084900a46834ade81cabc9f60c7777055	rational:ed8539db8f660ab2db350019b18145f44f0a5a21f2b18b6c7b4f5808fffe3e6e	4	fixed_rational	NO	69	extracted	S2_HODGE_TABLE_LINKED	SOURCE_PRESENTATION_PAIRWISE_COMPARISON_NOT_GEOMETRY_COLLAPSE	1	8bbf1dff732529afb634f4a24c1d250d3e7ff3a54c79cbfd9c3584e4bca1622b	69	[1,2,2,2,2,4,4,4,4]	PRESENTATION	equivariant:d555e45782d925f3e5f1a0ed58e97529a389539e45c67f39ccb18aed7c7c9753	"{""euler"":68,""h11"":38,""h12"":4}"	h12=4;h11=38;euler=68	presentation_level_only_geometry_identity_unresolved	integral:da322db5e28733539b6158e7a82e1c3d8bb1f86aa5b2e3af96df4e434afb6d5c	4	"{""l3"":1,""p3"":14,""p4_0"":6,""p4_1"":0,""p5_0"":2,""p5_1"":0,""p5_2"":0}"	p3=14;p4_0=6;p4_1=0;p5_0=2;p5_1=0;p5_2=0;l3=1	3a655f27933146a6deef2d4ecb65a2b46538c55614c35e981a0aebc1f7224c03	research_outputs/hodgecy_ii/source_assembly_deep_dive/all_456_source_assembly_matrices/source_assembly_matrix_69.json	stored_exact_integer_incidence_matrix	[1,1,2,2,2,2,2,2,4,4]	[1,1,2,4]	69	eight_plane_arrangement_fixed_candidate	20	21	rational:f9857978dfdb27fd7c857d65c32feaf69523eecb5914b5944599f257fed452fe	[1,1,1,1,1,1,1,1,1,1,1,1,1,1,1,1,1,1,1,1,6]	1^20,6	True		[6]	[2,3]	ckc:69
unresolved_source_parameter_constraints_missing_from_local_payload					parameterized	YES	70	extracted	S0_UNVALIDATED_SOURCE_RECORD	SOURCE_PRESENTATION_PAIRWISE_COMPARISON_NOT_GEOMETRY_COLLAPSE		8bbf1dff732529afb634f4a24c1d250d3e7ff3a54c79cbfd9c3584e4bca1622b	70		PARAMETERIZED_FAMILY		"{""euler"":72,""h11"":39,""h12"":3}"	h12=3;h11=39;euler=72	presentation_level_only_geometry_identity_unresolved			"{""l3"":0,""p3"":30,""p4_0"":4,""p4_1"":0,""p5_0"":1,""p5_1"":0,""p5_2"":0}"	p3=30;p4_0=4;p4_1=0;p5_0=1;p5_1=0;p5_2=0;l3=0			not_applicable_uncomputed			70	eight_plane_arrangement_family						False	The software can parse and test the symbolic family, but the local CKC payload does not include the parameter ideal/excluded loci needed to recover the classified incidence table.			ckc:70
unresolved_source_parameter_constraints_missing_from_local_payload					parameterized	YES	71	extracted	S0_UNVALIDATED_SOURCE_RECORD	SOURCE_PRESENTATION_PAIRWISE_COMPARISON_NOT_GEOMETRY_COLLAPSE		8bbf1dff732529afb634f4a24c1d250d3e7ff3a54c79cbfd9c3584e4bca1622b	71		PARAMETERIZED_FAMILY		"{""euler"":76,""h11"":40,""h12"":2}"	h12=2;h11=40;euler=76	presentation_level_only_geometry_identity_unresolved			"{""l3"":0,""p3"":26,""p4_0"":5,""p4_1"":0,""p5_0"":1,""p5_1"":0,""p5_2"":0}"	p3=26;p4_0=5;p4_1=0;p5_0=1;p5_1=0;p5_2=0;l3=0			not_applicable_uncomputed			71	eight_plane_arrangement_family						False	The software can parse and test the symbolic family, but the local CKC payload does not include the parameter ideal/excluded loci needed to recover the classified incidence table.			ckc:71
unresolved_source_parameter_constraints_missing_from_local_payload					parameterized	YES	72	extracted	S0_UNVALIDATED_SOURCE_RECORD	SOURCE_PRESENTATION_PAIRWISE_COMPARISON_NOT_GEOMETRY_COLLAPSE		8bbf1dff732529afb634f4a24c1d250d3e7ff3a54c79cbfd9c3584e4bca1622b	72		PARAMETERIZED_FAMILY		"{""euler"":40,""h11"":29,""h12"":9}"	h12=9;h11=29;euler=40	presentation_level_only_geometry_identity_unresolved			"{""l3"":0,""p3"":56,""p4_0"":0,""p4_1"":0,""p5_0"":0,""p5_1"":0,""p5_2"":0}"	p3=56;p4_0=0;p4_1=0;p5_0=0;p5_1=0;p5_2=0;l3=0			not_applicable_uncomputed			72	eight_plane_arrangement_family						False	The software can parse and test the symbolic family, but the local CKC payload does not include the parameter ideal/excluded loci needed to recover the classified incidence table.			ckc:72
unresolved_source_parameter_constraints_missing_from_local_payload					parameterized	YES	73	extracted	S0_UNVALIDATED_SOURCE_RECORD	SOURCE_PRESENTATION_PAIRWISE_COMPARISON_NOT_GEOMETRY_COLLAPSE		8bbf1dff732529afb634f4a24c1d250d3e7ff3a54c79cbfd9c3584e4bca1622b	73		PARAMETERIZED_FAMILY		"{""euler"":44,""h11"":30,""h12"":8}"	h12=8;h11=30;euler=44	presentation_level_only_geometry_identity_unresolved			"{""l3"":0,""p3"":52,""p4_0"":1,""p4_1"":0,""p5_0"":0,""p5_1"":0,""p5_2"":0}"	p3=52;p4_0=1;p4_1=0;p5_0=0;p5_1=0;p5_2=0;l3=0			not_applicable_uncomputed			73	eight_plane_arrangement_family						False	The software can parse and test the symbolic family, but the local CKC payload does not include the parameter ideal/excluded loci needed to recover the classified incidence table.			ckc:73
unresolved_source_parameter_constraints_missing_from_local_payload					parameterized	YES	74	extracted	S0_UNVALIDATED_SOURCE_RECORD	SOURCE_PRESENTATION_PAIRWISE_COMPARISON_NOT_GEOMETRY_COLLAPSE		8bbf1dff732529afb634f4a24c1d250d3e7ff3a54c79cbfd9c3584e4bca1622b	74		PARAMETERIZED_FAMILY		"{""euler"":48,""h11"":31,""h12"":7}"	h12=7;h11=31;euler=48	presentation_level_only_geometry_identity_unresolved			"{""l3"":0,""p3"":48,""p4_0"":2,""p4_1"":0,""p5_0"":0,""p5_1"":0,""p5_2"":0}"	p3=48;p4_0=2;p4_1=0;p5_0=0;p5_1=0;p5_2=0;l3=0			not_applicable_uncomputed			74	eight_plane_arrangement_family						False	The software can parse and test the symbolic family, but the local CKC payload does not include the parameter ideal/excluded loci needed to recover the classified incidence table.			ckc:74
unresolved_source_parameter_constraints_missing_from_local_payload					parameterized	YES	75	extracted	S0_UNVALIDATED_SOURCE_RECORD	SOURCE_PRESENTATION_PAIRWISE_COMPARISON_NOT_GEOMETRY_COLLAPSE		8bbf1dff732529afb634f4a24c1d250d3e7ff3a54c79cbfd9c3584e4bca1622b	75		PARAMETERIZED_FAMILY		"{""euler"":52,""h11"":32,""h12"":6}"	h12=6;h11=32;euler=52	presentation_level_only_geometry_identity_unresolved			"{""l3"":0,""p3"":44,""p4_0"":3,""p4_1"":0,""p5_0"":0,""p5_1"":0,""p5_2"":0}"	p3=44;p4_0=3;p4_1=0;p5_0=0;p5_1=0;p5_2=0;l3=0			not_applicable_uncomputed			75	eight_plane_arrangement_family						False	The software can parse and test the symbolic family, but the local CKC payload does not include the parameter ideal/excluded loci needed to recover the classified incidence table.			ckc:75
unresolved_source_parameter_constraints_missing_from_local_payload					parameterized	YES	76	extracted	S0_UNVALIDATED_SOURCE_RECORD	SOURCE_PRESENTATION_PAIRWISE_COMPARISON_NOT_GEOMETRY_COLLAPSE		8bbf1dff732529afb634f4a24c1d250d3e7ff3a54c79cbfd9c3584e4bca1622b	76		PARAMETERIZED_FAMILY		"{""euler"":56,""h11"":33,""h12"":5}"	h12=5;h11=33;euler=56	presentation_level_only_geometry_identity_unresolved			"{""l3"":0,""p3"":40,""p4_0"":4,""p4_1"":0,""p5_0"":0,""p5_1"":0,""p5_2"":0}"	p3=40;p4_0=4;p4_1=0;p5_0=0;p5_1=0;p5_2=0;l3=0			not_applicable_uncomputed			76	eight_plane_arrangement_family						False	The software can parse and test the symbolic family, but the local CKC payload does not include the parameter ideal/excluded loci needed to recover the classified incidence table.			ckc:76
unresolved_source_parameter_constraints_missing_from_local_payload					parameterized	YES	77	extracted	S0_UNVALIDATED_SOURCE_RECORD	SOURCE_PRESENTATION_PAIRWISE_COMPARISON_NOT_GEOMETRY_COLLAPSE		8bbf1dff732529afb634f4a24c1d250d3e7ff3a54c79cbfd9c3584e4bca1622b	77		PARAMETERIZED_FAMILY		"{""euler"":60,""h11"":34,""h12"":4}"	h12=4;h11=34;euler=60	presentation_level_only_geometry_identity_unresolved			"{""l3"":0,""p3"":36,""p4_0"":5,""p4_1"":0,""p5_0"":0,""p5_1"":0,""p5_2"":0}"	p3=36;p4_0=5;p4_1=0;p5_0=0;p5_1=0;p5_2=0;l3=0			not_applicable_uncomputed			77	eight_plane_arrangement_family						False	The software can parse and test the symbolic family, but the local CKC payload does not include the parameter ideal/excluded loci needed to recover the classified incidence table.			ckc:77
unresolved_source_parameter_constraints_missing_from_local_payload					parameterized	YES	78	extracted	S0_UNVALIDATED_SOURCE_RECORD	SOURCE_PRESENTATION_PAIRWISE_COMPARISON_NOT_GEOMETRY_COLLAPSE		8bbf1dff732529afb634f4a24c1d250d3e7ff3a54c79cbfd9c3584e4bca1622b	78		PARAMETERIZED_FAMILY		"{""euler"":64,""h11"":35,""h12"":3}"	h12=3;h11=35;euler=64	presentation_level_only_geometry_identity_unresolved			"{""l3"":0,""p3"":32,""p4_0"":6,""p4_1"":0,""p5_0"":0,""p5_1"":0,""p5_2"":0}"	p3=32;p4_0=6;p4_1=0;p5_0=0;p5_1=0;p5_2=0;l3=0			not_applicable_uncomputed			78	eight_plane_arrangement_family						False	The software can parse and test the symbolic family, but the local CKC payload does not include the parameter ideal/excluded loci needed to recover the classified incidence table.			ckc:78
unresolved_source_parameter_constraints_missing_from_local_payload					parameterized	YES	79	extracted	S0_UNVALIDATED_SOURCE_RECORD	SOURCE_PRESENTATION_PAIRWISE_COMPARISON_NOT_GEOMETRY_COLLAPSE		8bbf1dff732529afb634f4a24c1d250d3e7ff3a54c79cbfd9c3584e4bca1622b	79		PARAMETERIZED_FAMILY		"{""euler"":64,""h11"":36,""h12"":4}"	h12=4;h11=36;euler=64	presentation_level_only_geometry_identity_unresolved			"{""l3"":0,""p3"":32,""p4_0"":6,""p4_1"":0,""p5_0"":0,""p5_1"":0,""p5_2"":0}"	p3=32;p4_0=6;p4_1=0;p5_0=0;p5_1=0;p5_2=0;l3=0			not_applicable_uncomputed			79	eight_plane_arrangement_family						False	The software can parse and test the symbolic family, but the local CKC payload does not include the parameter ideal/excluded loci needed to recover the classified incidence table.			ckc:79
unresolved_source_parameter_constraints_missing_from_local_payload					parameterized	YES	80	extracted	S0_UNVALIDATED_SOURCE_RECORD	SOURCE_PRESENTATION_PAIRWISE_COMPARISON_NOT_GEOMETRY_COLLAPSE		8bbf1dff732529afb634f4a24c1d250d3e7ff3a54c79cbfd9c3584e4bca1622b	80		PARAMETERIZED_FAMILY		"{""euler"":68,""h11"":37,""h12"":3}"	h12=3;h11=37;euler=68	presentation_level_only_geometry_identity_unresolved			"{""l3"":0,""p3"":28,""p4_0"":7,""p4_1"":0,""p5_0"":0,""p5_1"":0,""p5_2"":0}"	p3=28;p4_0=7;p4_1=0;p5_0=0;p5_1=0;p5_2=0;l3=0			not_applicable_uncomputed			80	eight_plane_arrangement_family						False	The software can parse and test the symbolic family, but the local CKC payload does not include the parameter ideal/excluded loci needed to recover the classified incidence table.			ckc:80
unresolved_source_parameter_constraints_missing_from_local_payload					parameterized	YES	81	extracted	S0_UNVALIDATED_SOURCE_RECORD	SOURCE_PRESENTATION_PAIRWISE_COMPARISON_NOT_GEOMETRY_COLLAPSE		8bbf1dff732529afb634f4a24c1d250d3e7ff3a54c79cbfd9c3584e4bca1622b	81		PARAMETERIZED_FAMILY		"{""euler"":72,""h11"":38,""h12"":2}"	h12=2;h11=38;euler=72	presentation_level_only_geometry_identity_unresolved			"{""l3"":0,""p3"":24,""p4_0"":8,""p4_1"":0,""p5_0"":0,""p5_1"":0,""p5_2"":0}"	p3=24;p4_0=8;p4_1=0;p5_0=0;p5_1=0;p5_2=0;l3=0			not_applicable_uncomputed			81	eight_plane_arrangement_family						False	The software can parse and test the symbolic family, but the local CKC payload does not include the parameter ideal/excluded loci needed to recover the classified incidence table.			ckc:81
unresolved_source_parameter_constraints_missing_from_local_payload					parameterized	YES	82	extracted	S0_UNVALIDATED_SOURCE_RECORD	SOURCE_PRESENTATION_PAIRWISE_COMPARISON_NOT_GEOMETRY_COLLAPSE		8bbf1dff732529afb634f4a24c1d250d3e7ff3a54c79cbfd9c3584e4bca1622b	82		PARAMETERIZED_FAMILY		"{""euler"":76,""h11"":39,""h12"":1}"	h12=1;h11=39;euler=76	presentation_level_only_geometry_identity_unresolved			"{""l3"":0,""p3"":20,""p4_0"":9,""p4_1"":0,""p5_0"":0,""p5_1"":0,""p5_2"":0}"	p3=20;p4_0=9;p4_1=0;p5_0=0;p5_1=0;p5_2=0;l3=0			not_applicable_uncomputed			82	eight_plane_arrangement_family						False	The software can parse and test the symbolic family, but the local CKC payload does not include the parameter ideal/excluded loci needed to recover the classified incidence table.			ckc:82
unresolved_source_parameter_constraints_missing_from_local_payload					parameterized	YES	83	extracted	S0_UNVALIDATED_SOURCE_RECORD	SOURCE_PRESENTATION_PAIRWISE_COMPARISON_NOT_GEOMETRY_COLLAPSE		8bbf1dff732529afb634f4a24c1d250d3e7ff3a54c79cbfd9c3584e4bca1622b	83		PARAMETERIZED_FAMILY		"{""euler"":80,""h11"":41,""h12"":1}"	h12=1;h11=41;euler=80	presentation_level_only_geometry_identity_unresolved			"{""l3"":0,""p3"":16,""p4_0"":10,""p4_1"":0,""p5_0"":0,""p5_1"":0,""p5_2"":0}"	p3=16;p4_0=10;p4_1=0;p5_0=0;p5_1=0;p5_2=0;l3=0			not_applicable_uncomputed			83	eight_plane_arrangement_family						False	The software can parse and test the symbolic family, but the local CKC payload does not include the parameter ideal/excluded loci needed to recover the classified incidence table.			ckc:83
computed_exact_two_stratum_source_assembly	equivariant:a356b7214e1a3bfad56c34f6a7dd420794ae0334918bea5ff0bf8d6292eee697	integral:0f35cfa13ab162d82ff72b9eefe774ef9525849e3b621dab8bbf942c57f53985	rational:9d168feab7fd7642ecf30d07dacb9d15e40c068b5c91076c9135e77bc9b74af3	6	parameterized	YES	84	extracted	S2_HODGE_TABLE_LINKED	SOURCE_PRESENTATION_PAIRWISE_COMPARISON_NOT_GEOMETRY_COLLAPSE	0	8bbf1dff732529afb634f4a24c1d250d3e7ff3a54c79cbfd9c3584e4bca1622b	84	[1,3,3,3,3,3,3,3,6]	PARAMETERIZED_FAMILY	equivariant:487ca377cbb46ca12052bcab5a579c5161f7759b033eb50dadcac48328717778	"{""euler"":80,""h11"":40,""h12"":0}"	h12=0;h11=40;euler=80	presentation_level_only_geometry_identity_unresolved	integral:77b0dc10bbad613ebed3ee2c92525d0d49181ba614620568a0cd3ccf52a6fb14	2	"{""l3"":0,""p3"":16,""p4_0"":10,""p4_1"":0,""p5_0"":0,""p5_1"":0,""p5_2"":0}"	p3=16;p4_0=10;p4_1=0;p5_0=0;p5_1=0;p5_2=0;l3=0	22a6720cd347e943a403402b49cac2e4b145c22fac097e2b94612216ba73a998	research_outputs/hodgecy_ii/source_assembly_deep_dive/all_456_source_assembly_matrices/source_assembly_matrix_84.json	stored_exact_integer_incidence_matrix	[1,1,3,3,3,3,3,3,6]	[1,1,3,3]	84	eight_plane_arrangement_family	23	26	rational:7fd30f3ecd2e87dc8be51f423d5c008e85920f600f819d6a6af453f0261da336	[1,1,1,1,1,1,1,1,1,1,1,1,1,1,1,1,1,1,1,1,1,1,1,2,6,12]	1^23,2,6,12	True		[2,6,12]	[2,3]	ckc:84
computed_exact_two_stratum_source_assembly	equivariant:cec0bc22101ff26a383597a0d675a770fa765fb684bc11b28a56d13fa44082b1	integral:6e71b52edeb7fb43a2d3c314484508c54ae48ffb13fe4d4236e29aabbd1f003c	rational:9d168feab7fd7642ecf30d07dacb9d15e40c068b5c91076c9135e77bc9b74af3	24						SOURCE_PRESENTATION_PAIRWISE_COMPARISON_NOT_GEOMETRY_COLLAPSE	0	8bbf1dff732529afb634f4a24c1d250d3e7ff3a54c79cbfd9c3584e4bca1622b	84a	[4,6,6,12]	PRESENTATION	equivariant:da791f3314b04bc7ad5ee4a57268e1aee1478097951fe42c6214fb42eafa2990	"{""euler"":80,""h11"":40,""h12"":0}"	h12=0;h11=40;euler=80	supplemental_non_ckc_presentation	integral:15bb35006501ffbe975fa63f8653bb4ac69d51f0574a9badbfb79778e04c52f5	2	"{""l3"":0,""p3"":16,""p4_0"":10,""p4_1"":0,""p5_0"":0,""p5_1"":0,""p5_2"":0}"	p3=16;p4_0=10;p4_1=0;p5_0=0;p5_1=0;p5_2=0;l3=0	4155fc24a82be8adc85f442c6dc0494749652912fa17a36a081234247a8d8ad8	research_outputs/hodgecy_ii/source_assembly_deep_dive/all_456_source_assembly_matrices/source_assembly_matrix_84a.json	stored_exact_integer_incidence_matrix	[4,4,6,12]	[4,4]	84a	supplemental_cynk_meyer_84a	21	26	rational:7fd30f3ecd2e87dc8be51f423d5c008e85920f600f819d6a6af453f0261da336	[1,1,1,1,1,1,1,1,1,1,1,1,1,1,1,1,1,1,1,1,1,2,4,4,4,12]	1^21,2,4^3,12	True		[2,4,4,4,12]	[2,3]	supplemental:84a
unresolved_source_parameter_constraints_missing_from_local_payload					parameterized	YES	85	extracted	S0_UNVALIDATED_SOURCE_RECORD	SOURCE_PRESENTATION_PAIRWISE_COMPARISON_NOT_GEOMETRY_COLLAPSE		8bbf1dff732529afb634f4a24c1d250d3e7ff3a54c79cbfd9c3584e4bca1622b	85		PARAMETERIZED_FAMILY		"{""euler"":88,""h11"":44,""h12"":0}"	h12=0;h11=44;euler=88	presentation_level_only_geometry_identity_unresolved			"{""l3"":0,""p3"":8,""p4_0"":12,""p4_1"":0,""p5_0"":0,""p5_1"":0,""p5_2"":0}"	p3=8;p4_0=12;p4_1=0;p5_0=0;p5_1=0;p5_2=0;l3=0			not_applicable_uncomputed			85	eight_plane_arrangement_family						False	The software can parse and test the symbolic family, but the local CKC payload does not include the parameter ideal/excluded loci needed to recover the classified incidence table.			ckc:85
unresolved_source_parameter_constraints_missing_from_local_payload					parameterized	YES	86	extracted	S0_UNVALIDATED_SOURCE_RECORD	SOURCE_PRESENTATION_PAIRWISE_COMPARISON_NOT_GEOMETRY_COLLAPSE		8bbf1dff732529afb634f4a24c1d250d3e7ff3a54c79cbfd9c3584e4bca1622b			PARAMETERIZED_FAMILY				presentation_level_only_geometry_identity_unresolved							not_applicable_uncomputed			86	eight_plane_arrangement_family						False	The software can parse and test the symbolic family, but the local CKC payload does not include the parameter ideal/excluded loci needed to recover the classified incidence table.			ckc:86
unresolved_source_parameter_constraints_missing_from_local_payload					parameterized	YES	87	extracted	S0_UNVALIDATED_SOURCE_RECORD	SOURCE_PRESENTATION_PAIRWISE_COMPARISON_NOT_GEOMETRY_COLLAPSE		8bbf1dff732529afb634f4a24c1d250d3e7ff3a54c79cbfd9c3584e4bca1622b			PARAMETERIZED_FAMILY				presentation_level_only_geometry_identity_unresolved							not_applicable_uncomputed			87	eight_plane_arrangement_family						False	The software can parse and test the symbolic family, but the local CKC payload does not include the parameter ideal/excluded loci needed to recover the classified incidence table.			ckc:87
unresolved_source_parameter_constraints_missing_from_local_payload					parameterized	YES	88	extracted	S0_UNVALIDATED_SOURCE_RECORD	SOURCE_PRESENTATION_PAIRWISE_COMPARISON_NOT_GEOMETRY_COLLAPSE		8bbf1dff732529afb634f4a24c1d250d3e7ff3a54c79cbfd9c3584e4bca1622b			PARAMETERIZED_FAMILY				presentation_level_only_geometry_identity_unresolved							not_applicable_uncomputed			88	eight_plane_arrangement_family						False	The software can parse and test the symbolic family, but the local CKC payload does not include the parameter ideal/excluded loci needed to recover the classified incidence table.			ckc:88
unresolved_source_parameter_constraints_missing_from_local_payload					parameterized	YES	89	extracted	S0_UNVALIDATED_SOURCE_RECORD	SOURCE_PRESENTATION_PAIRWISE_COMPARISON_NOT_GEOMETRY_COLLAPSE		8bbf1dff732529afb634f4a24c1d250d3e7ff3a54c79cbfd9c3584e4bca1622b			PARAMETERIZED_FAMILY				presentation_level_only_geometry_identity_unresolved							not_applicable_uncomputed			89	eight_plane_arrangement_family						False	The software can parse and test the symbolic family, but the local CKC payload does not include the parameter ideal/excluded loci needed to recover the classified incidence table.			ckc:89
unresolved_source_parameter_constraints_missing_from_local_payload					parameterized	YES	90	extracted	S0_UNVALIDATED_SOURCE_RECORD	SOURCE_PRESENTATION_PAIRWISE_COMPARISON_NOT_GEOMETRY_COLLAPSE		8bbf1dff732529afb634f4a24c1d250d3e7ff3a54c79cbfd9c3584e4bca1622b			PARAMETERIZED_FAMILY				presentation_level_only_geometry_identity_unresolved							not_applicable_uncomputed			90	eight_plane_arrangement_family						False	The software can parse and test the symbolic family, but the local CKC payload does not include the parameter ideal/excluded loci needed to recover the classified incidence table.			ckc:90
unresolved_source_parameter_constraints_missing_from_local_payload					parameterized	YES	91	extracted	S0_UNVALIDATED_SOURCE_RECORD	SOURCE_PRESENTATION_PAIRWISE_COMPARISON_NOT_GEOMETRY_COLLAPSE		8bbf1dff732529afb634f4a24c1d250d3e7ff3a54c79cbfd9c3584e4bca1622b			PARAMETERIZED_FAMILY				presentation_level_only_geometry_identity_unresolved							not_applicable_uncomputed			91	eight_plane_arrangement_family						False	The software can parse and test the symbolic family, but the local CKC payload does not include the parameter ideal/excluded loci needed to recover the classified incidence table.			ckc:91
unresolved_source_parameter_constraints_missing_from_local_payload					parameterized	YES	92	extracted	S0_UNVALIDATED_SOURCE_RECORD	SOURCE_PRESENTATION_PAIRWISE_COMPARISON_NOT_GEOMETRY_COLLAPSE		8bbf1dff732529afb634f4a24c1d250d3e7ff3a54c79cbfd9c3584e4bca1622b			PARAMETERIZED_FAMILY				presentation_level_only_geometry_identity_unresolved							not_applicable_uncomputed			92	eight_plane_arrangement_family						False	The software can parse and test the symbolic family, but the local CKC payload does not include the parameter ideal/excluded loci needed to recover the classified incidence table.			ckc:92
computed_exact_two_stratum_source_assembly	equivariant:f08c38f9f1a174f4687a9d72103add96ec0924218e8618c4d9ee69fc88f34ccc	integral:bc2eabac637538c382f762bc02ed6fd910ee51f91855388db4b68353d1a96122	rational:8acab93fca92c6c48923dc53223b2c1c31e3d29372006a111cca53c04e8c32f8	4	fixed_rational	NO	93	extracted	S1_SOURCE_RECOMPUTED	SOURCE_PRESENTATION_PAIRWISE_COMPARISON_NOT_GEOMETRY_COLLAPSE	0	8bbf1dff732529afb634f4a24c1d250d3e7ff3a54c79cbfd9c3584e4bca1622b		[1,1,1,2,2,2,2,2,4,4,4]	PRESENTATION	equivariant:e30d7d03771799bdf30a9a442ff9ac9832c4712582a8dbbe1301ec081b7cfb4c			presentation_level_only_geometry_identity_unresolved	integral:807a8efe0947fc49b9149320745b085c37782751bf67de8743823ed62b200623	2	"{""l3"":1,""p3"":13,""p4_0"":9,""p4_1"":0,""p5_0"":1,""p5_1"":0,""p5_2"":0}"	p3=13;p4_0=9;p4_1=0;p5_0=1;p5_1=0;p5_2=0;l3=1	69899755cdff9bc1d3df5efd5a1db71b7c67388d6fe198abf5c2e85e8a9919a5	research_outputs/hodgecy_ii/source_assembly_deep_dive/all_456_source_assembly_matrices/source_assembly_matrix_93.json	stored_exact_integer_incidence_matrix	[1,1,1,1,1,2,2,2,4,4,4]	[1,1,2,2,2]	93	eight_plane_arrangement_fixed_candidate	21	23	rational:a39421d7c81f2e622c99d4831b338c17ba730f79a567c87f5cc18db1b30d306c	[1,1,1,1,1,1,1,1,1,1,1,1,1,1,1,1,1,1,1,1,1,4,72]	1^21,4,72	True		[4,72]	[2,3]	ckc:93
unresolved_source_parameter_constraints_missing_from_local_payload					parameterized	YES	94	extracted	S0_UNVALIDATED_SOURCE_RECORD	SOURCE_PRESENTATION_PAIRWISE_COMPARISON_NOT_GEOMETRY_COLLAPSE		8bbf1dff732529afb634f4a24c1d250d3e7ff3a54c79cbfd9c3584e4bca1622b			PARAMETERIZED_FAMILY				presentation_level_only_geometry_identity_unresolved							not_applicable_uncomputed			94	eight_plane_arrangement_family						False	The software can parse and test the symbolic family, but the local CKC payload does not include the parameter ideal/excluded loci needed to recover the classified incidence table.			ckc:94
unresolved_source_parameter_constraints_missing_from_local_payload					parameterized	YES	95	extracted	S0_UNVALIDATED_SOURCE_RECORD	SOURCE_PRESENTATION_PAIRWISE_COMPARISON_NOT_GEOMETRY_COLLAPSE		8bbf1dff732529afb634f4a24c1d250d3e7ff3a54c79cbfd9c3584e4bca1622b			PARAMETERIZED_FAMILY				presentation_level_only_geometry_identity_unresolved							not_applicable_uncomputed			95	eight_plane_arrangement_family						False	The software can parse and test the symbolic family, but the local CKC payload does not include the parameter ideal/excluded loci needed to recover the classified incidence table.			ckc:95
unresolved_source_parameter_constraints_missing_from_local_payload					parameterized	YES	96	extracted	S0_UNVALIDATED_SOURCE_RECORD	SOURCE_PRESENTATION_PAIRWISE_COMPARISON_NOT_GEOMETRY_COLLAPSE		8bbf1dff732529afb634f4a24c1d250d3e7ff3a54c79cbfd9c3584e4bca1622b			PARAMETERIZED_FAMILY				presentation_level_only_geometry_identity_unresolved							not_applicable_uncomputed			96	eight_plane_arrangement_family						False	The software can parse and test the symbolic family, but the local CKC payload does not include the parameter ideal/excluded loci needed to recover the classified incidence table.			ckc:96
unresolved_source_parameter_constraints_missing_from_local_payload					parameterized	YES	97	extracted	S0_UNVALIDATED_SOURCE_RECORD	SOURCE_PRESENTATION_PAIRWISE_COMPARISON_NOT_GEOMETRY_COLLAPSE		8bbf1dff732529afb634f4a24c1d250d3e7ff3a54c79cbfd9c3584e4bca1622b			PARAMETERIZED_FAMILY				presentation_level_only_geometry_identity_unresolved							not_applicable_uncomputed			97	eight_plane_arrangement_family						False	The software can parse and test the symbolic family, but the local CKC payload does not include the parameter ideal/excluded loci needed to recover the classified incidence table.			ckc:97
unresolved_source_parameter_constraints_missing_from_local_payload					parameterized	YES	98	extracted	S0_UNVALIDATED_SOURCE_RECORD	SOURCE_PRESENTATION_PAIRWISE_COMPARISON_NOT_GEOMETRY_COLLAPSE		8bbf1dff732529afb634f4a24c1d250d3e7ff3a54c79cbfd9c3584e4bca1622b			PARAMETERIZED_FAMILY				presentation_level_only_geometry_identity_unresolved							not_applicable_uncomputed			98	eight_plane_arrangement_family						False	The software can parse and test the symbolic family, but the local CKC payload does not include the parameter ideal/excluded loci needed to recover the classified incidence table.			ckc:98
unresolved_source_parameter_constraints_missing_from_local_payload					parameterized	YES	99	extracted	S0_UNVALIDATED_SOURCE_RECORD	SOURCE_PRESENTATION_PAIRWISE_COMPARISON_NOT_GEOMETRY_COLLAPSE		8bbf1dff732529afb634f4a24c1d250d3e7ff3a54c79cbfd9c3584e4bca1622b			PARAMETERIZED_FAMILY				presentation_level_only_geometry_identity_unresolved							not_applicable_uncomputed			99	eight_plane_arrangement_family						False	The software can parse and test the symbolic family, but the local CKC payload does not include the parameter ideal/excluded loci needed to recover the classified incidence table.			ckc:99
unresolved_source_parameter_constraints_missing_from_local_payload					parameterized	YES	100	extracted	S0_UNVALIDATED_SOURCE_RECORD	SOURCE_PRESENTATION_PAIRWISE_COMPARISON_NOT_GEOMETRY_COLLAPSE		8bbf1dff732529afb634f4a24c1d250d3e7ff3a54c79cbfd9c3584e4bca1622b			PARAMETERIZED_FAMILY				presentation_level_only_geometry_identity_unresolved							not_applicable_uncomputed			100	eight_plane_arrangement_family						False	The software can parse and test the symbolic family, but the local CKC payload does not include the parameter ideal/excluded loci needed to recover the classified incidence table.			ckc:100
unresolved_source_parameter_constraints_missing_from_local_payload					parameterized	YES	101	extracted	S0_UNVALIDATED_SOURCE_RECORD	SOURCE_PRESENTATION_PAIRWISE_COMPARISON_NOT_GEOMETRY_COLLAPSE		8bbf1dff732529afb634f4a24c1d250d3e7ff3a54c79cbfd9c3584e4bca1622b			PARAMETERIZED_FAMILY				presentation_level_only_geometry_identity_unresolved							not_applicable_uncomputed			101	eight_plane_arrangement_family						False	The software can parse and test the symbolic family, but the local CKC payload does not include the parameter ideal/excluded loci needed to recover the classified incidence table.			ckc:101
unresolved_source_parameter_constraints_missing_from_local_payload					parameterized	YES	102	extracted	S0_UNVALIDATED_SOURCE_RECORD	SOURCE_PRESENTATION_PAIRWISE_COMPARISON_NOT_GEOMETRY_COLLAPSE		8bbf1dff732529afb634f4a24c1d250d3e7ff3a54c79cbfd9c3584e4bca1622b			PARAMETERIZED_FAMILY				presentation_level_only_geometry_identity_unresolved							not_applicable_uncomputed			102	eight_plane_arrangement_family						False	The software can parse and test the symbolic family, but the local CKC payload does not include the parameter ideal/excluded loci needed to recover the classified incidence table.			ckc:102
unresolved_source_parameter_constraints_missing_from_local_payload					parameterized	YES	103	extracted	S0_UNVALIDATED_SOURCE_RECORD	SOURCE_PRESENTATION_PAIRWISE_COMPARISON_NOT_GEOMETRY_COLLAPSE		8bbf1dff732529afb634f4a24c1d250d3e7ff3a54c79cbfd9c3584e4bca1622b			PARAMETERIZED_FAMILY				presentation_level_only_geometry_identity_unresolved							not_applicable_uncomputed			103	eight_plane_arrangement_family						False	The software can parse and test the symbolic family, but the local CKC payload does not include the parameter ideal/excluded loci needed to recover the classified incidence table.			ckc:103
unresolved_source_parameter_constraints_missing_from_local_payload					parameterized	YES	104	extracted	S0_UNVALIDATED_SOURCE_RECORD	SOURCE_PRESENTATION_PAIRWISE_COMPARISON_NOT_GEOMETRY_COLLAPSE		8bbf1dff732529afb634f4a24c1d250d3e7ff3a54c79cbfd9c3584e4bca1622b			PARAMETERIZED_FAMILY				presentation_level_only_geometry_identity_unresolved							not_applicable_uncomputed			104	eight_plane_arrangement_family						False	The software can parse and test the symbolic family, but the local CKC payload does not include the parameter ideal/excluded loci needed to recover the classified incidence table.			ckc:104
unresolved_source_parameter_constraints_missing_from_local_payload					parameterized	YES	105	extracted	S0_UNVALIDATED_SOURCE_RECORD	SOURCE_PRESENTATION_PAIRWISE_COMPARISON_NOT_GEOMETRY_COLLAPSE		8bbf1dff732529afb634f4a24c1d250d3e7ff3a54c79cbfd9c3584e4bca1622b			PARAMETERIZED_FAMILY				presentation_level_only_geometry_identity_unresolved							not_applicable_uncomputed			105	eight_plane_arrangement_family						False	The software can parse and test the symbolic family, but the local CKC payload does not include the parameter ideal/excluded loci needed to recover the classified incidence table.			ckc:105
unresolved_source_parameter_constraints_missing_from_local_payload					parameterized	YES	106	extracted	S0_UNVALIDATED_SOURCE_RECORD	SOURCE_PRESENTATION_PAIRWISE_COMPARISON_NOT_GEOMETRY_COLLAPSE		8bbf1dff732529afb634f4a24c1d250d3e7ff3a54c79cbfd9c3584e4bca1622b			PARAMETERIZED_FAMILY				presentation_level_only_geometry_identity_unresolved							not_applicable_uncomputed			106	eight_plane_arrangement_family						False	The software can parse and test the symbolic family, but the local CKC payload does not include the parameter ideal/excluded loci needed to recover the classified incidence table.			ckc:106
unresolved_source_parameter_constraints_missing_from_local_payload					parameterized	YES	107	extracted	S0_UNVALIDATED_SOURCE_RECORD	SOURCE_PRESENTATION_PAIRWISE_COMPARISON_NOT_GEOMETRY_COLLAPSE		8bbf1dff732529afb634f4a24c1d250d3e7ff3a54c79cbfd9c3584e4bca1622b			PARAMETERIZED_FAMILY				presentation_level_only_geometry_identity_unresolved							not_applicable_uncomputed			107	eight_plane_arrangement_family						False	The software can parse and test the symbolic family, but the local CKC payload does not include the parameter ideal/excluded loci needed to recover the classified incidence table.			ckc:107
unresolved_source_parameter_constraints_missing_from_local_payload					parameterized	YES	108	extracted	S0_UNVALIDATED_SOURCE_RECORD	SOURCE_PRESENTATION_PAIRWISE_COMPARISON_NOT_GEOMETRY_COLLAPSE		8bbf1dff732529afb634f4a24c1d250d3e7ff3a54c79cbfd9c3584e4bca1622b			PARAMETERIZED_FAMILY				presentation_level_only_geometry_identity_unresolved							not_applicable_uncomputed			108	eight_plane_arrangement_family						False	The software can parse and test the symbolic family, but the local CKC payload does not include the parameter ideal/excluded loci needed to recover the classified incidence table.			ckc:108
unresolved_source_parameter_constraints_missing_from_local_payload					parameterized	YES	109	extracted	S0_UNVALIDATED_SOURCE_RECORD	SOURCE_PRESENTATION_PAIRWISE_COMPARISON_NOT_GEOMETRY_COLLAPSE		8bbf1dff732529afb634f4a24c1d250d3e7ff3a54c79cbfd9c3584e4bca1622b			PARAMETERIZED_FAMILY				presentation_level_only_geometry_identity_unresolved							not_applicable_uncomputed			109	eight_plane_arrangement_family						False	The software can parse and test the symbolic family, but the local CKC payload does not include the parameter ideal/excluded loci needed to recover the classified incidence table.			ckc:109
unresolved_source_parameter_constraints_missing_from_local_payload					parameterized	YES	110	extracted	S0_UNVALIDATED_SOURCE_RECORD	SOURCE_PRESENTATION_PAIRWISE_COMPARISON_NOT_GEOMETRY_COLLAPSE		8bbf1dff732529afb634f4a24c1d250d3e7ff3a54c79cbfd9c3584e4bca1622b			PARAMETERIZED_FAMILY				presentation_level_only_geometry_identity_unresolved							not_applicable_uncomputed			110	eight_plane_arrangement_family						False	The software can parse and test the symbolic family, but the local CKC payload does not include the parameter ideal/excluded loci needed to recover the classified incidence table.			ckc:110
unresolved_source_parameter_constraints_missing_from_local_payload					parameterized	YES	111	extracted	S0_UNVALIDATED_SOURCE_RECORD	SOURCE_PRESENTATION_PAIRWISE_COMPARISON_NOT_GEOMETRY_COLLAPSE		8bbf1dff732529afb634f4a24c1d250d3e7ff3a54c79cbfd9c3584e4bca1622b			PARAMETERIZED_FAMILY				presentation_level_only_geometry_identity_unresolved							not_applicable_uncomputed			111	eight_plane_arrangement_family						False	The software can parse and test the symbolic family, but the local CKC payload does not include the parameter ideal/excluded loci needed to recover the classified incidence table.			ckc:111
unresolved_source_parameter_constraints_missing_from_local_payload					parameterized	YES	112	extracted	S0_UNVALIDATED_SOURCE_RECORD	SOURCE_PRESENTATION_PAIRWISE_COMPARISON_NOT_GEOMETRY_COLLAPSE		8bbf1dff732529afb634f4a24c1d250d3e7ff3a54c79cbfd9c3584e4bca1622b			PARAMETERIZED_FAMILY				presentation_level_only_geometry_identity_unresolved							not_applicable_uncomputed			112	eight_plane_arrangement_family						False	The software can parse and test the symbolic family, but the local CKC payload does not include the parameter ideal/excluded loci needed to recover the classified incidence table.			ckc:112
unresolved_source_parameter_constraints_missing_from_local_payload					parameterized	YES	113	extracted	S0_UNVALIDATED_SOURCE_RECORD	SOURCE_PRESENTATION_PAIRWISE_COMPARISON_NOT_GEOMETRY_COLLAPSE		8bbf1dff732529afb634f4a24c1d250d3e7ff3a54c79cbfd9c3584e4bca1622b			PARAMETERIZED_FAMILY				presentation_level_only_geometry_identity_unresolved							not_applicable_uncomputed			113	eight_plane_arrangement_family						False	The software can parse and test the symbolic family, but the local CKC payload does not include the parameter ideal/excluded loci needed to recover the classified incidence table.			ckc:113
unresolved_source_parameter_constraints_missing_from_local_payload					parameterized	YES	114	extracted	S0_UNVALIDATED_SOURCE_RECORD	SOURCE_PRESENTATION_PAIRWISE_COMPARISON_NOT_GEOMETRY_COLLAPSE		8bbf1dff732529afb634f4a24c1d250d3e7ff3a54c79cbfd9c3584e4bca1622b			PARAMETERIZED_FAMILY				presentation_level_only_geometry_identity_unresolved							not_applicable_uncomputed			114	eight_plane_arrangement_family						False	The software can parse and test the symbolic family, but the local CKC payload does not include the parameter ideal/excluded loci needed to recover the classified incidence table.			ckc:114
unresolved_source_parameter_constraints_missing_from_local_payload					parameterized	YES	115	extracted	S0_UNVALIDATED_SOURCE_RECORD	SOURCE_PRESENTATION_PAIRWISE_COMPARISON_NOT_GEOMETRY_COLLAPSE		8bbf1dff732529afb634f4a24c1d250d3e7ff3a54c79cbfd9c3584e4bca1622b			PARAMETERIZED_FAMILY				presentation_level_only_geometry_identity_unresolved							not_applicable_uncomputed			115	eight_plane_arrangement_family						False	The software can parse and test the symbolic family, but the local CKC payload does not include the parameter ideal/excluded loci needed to recover the classified incidence table.			ckc:115
unresolved_source_parameter_constraints_missing_from_local_payload					parameterized	YES	116	extracted	S0_UNVALIDATED_SOURCE_RECORD	SOURCE_PRESENTATION_PAIRWISE_COMPARISON_NOT_GEOMETRY_COLLAPSE		8bbf1dff732529afb634f4a24c1d250d3e7ff3a54c79cbfd9c3584e4bca1622b			PARAMETERIZED_FAMILY				presentation_level_only_geometry_identity_unresolved							not_applicable_uncomputed			116	eight_plane_arrangement_family						False	The software can parse and test the symbolic family, but the local CKC payload does not include the parameter ideal/excluded loci needed to recover the classified incidence table.			ckc:116
unresolved_source_parameter_constraints_missing_from_local_payload					parameterized	YES	117	extracted	S0_UNVALIDATED_SOURCE_RECORD	SOURCE_PRESENTATION_PAIRWISE_COMPARISON_NOT_GEOMETRY_COLLAPSE		8bbf1dff732529afb634f4a24c1d250d3e7ff3a54c79cbfd9c3584e4bca1622b			PARAMETERIZED_FAMILY				presentation_level_only_geometry_identity_unresolved							not_applicable_uncomputed			117	eight_plane_arrangement_family						False	The software can parse and test the symbolic family, but the local CKC payload does not include the parameter ideal/excluded loci needed to recover the classified incidence table.			ckc:117
unresolved_source_parameter_constraints_missing_from_local_payload					parameterized	YES	118	extracted	S0_UNVALIDATED_SOURCE_RECORD	SOURCE_PRESENTATION_PAIRWISE_COMPARISON_NOT_GEOMETRY_COLLAPSE		8bbf1dff732529afb634f4a24c1d250d3e7ff3a54c79cbfd9c3584e4bca1622b			PARAMETERIZED_FAMILY				presentation_level_only_geometry_identity_unresolved							not_applicable_uncomputed			118	eight_plane_arrangement_family						False	The software can parse and test the symbolic family, but the local CKC payload does not include the parameter ideal/excluded loci needed to recover the classified incidence table.			ckc:118
unresolved_source_parameter_constraints_missing_from_local_payload					parameterized	YES	119	extracted	S0_UNVALIDATED_SOURCE_RECORD	SOURCE_PRESENTATION_PAIRWISE_COMPARISON_NOT_GEOMETRY_COLLAPSE		8bbf1dff732529afb634f4a24c1d250d3e7ff3a54c79cbfd9c3584e4bca1622b			PARAMETERIZED_FAMILY				presentation_level_only_geometry_identity_unresolved							not_applicable_uncomputed			119	eight_plane_arrangement_family						False	The software can parse and test the symbolic family, but the local CKC payload does not include the parameter ideal/excluded loci needed to recover the classified incidence table.			ckc:119
unresolved_source_parameter_constraints_missing_from_local_payload					parameterized	YES	120	extracted	S0_UNVALIDATED_SOURCE_RECORD	SOURCE_PRESENTATION_PAIRWISE_COMPARISON_NOT_GEOMETRY_COLLAPSE		8bbf1dff732529afb634f4a24c1d250d3e7ff3a54c79cbfd9c3584e4bca1622b			PARAMETERIZED_FAMILY				presentation_level_only_geometry_identity_unresolved							not_applicable_uncomputed			120	eight_plane_arrangement_family						False	The software can parse and test the symbolic family, but the local CKC payload does not include the parameter ideal/excluded loci needed to recover the classified incidence table.			ckc:120
unresolved_source_parameter_constraints_missing_from_local_payload					parameterized	YES	121	extracted	S0_UNVALIDATED_SOURCE_RECORD	SOURCE_PRESENTATION_PAIRWISE_COMPARISON_NOT_GEOMETRY_COLLAPSE		8bbf1dff732529afb634f4a24c1d250d3e7ff3a54c79cbfd9c3584e4bca1622b			PARAMETERIZED_FAMILY				presentation_level_only_geometry_identity_unresolved							not_applicable_uncomputed			121	eight_plane_arrangement_family						False	The software can parse and test the symbolic family, but the local CKC payload does not include the parameter ideal/excluded loci needed to recover the classified incidence table.			ckc:121
unresolved_source_parameter_constraints_missing_from_local_payload					parameterized	YES	122	extracted	S0_UNVALIDATED_SOURCE_RECORD	SOURCE_PRESENTATION_PAIRWISE_COMPARISON_NOT_GEOMETRY_COLLAPSE		8bbf1dff732529afb634f4a24c1d250d3e7ff3a54c79cbfd9c3584e4bca1622b			PARAMETERIZED_FAMILY				presentation_level_only_geometry_identity_unresolved							not_applicable_uncomputed			122	eight_plane_arrangement_family						False	The software can parse and test the symbolic family, but the local CKC payload does not include the parameter ideal/excluded loci needed to recover the classified incidence table.			ckc:122
unresolved_source_parameter_constraints_missing_from_local_payload					parameterized	YES	123	extracted	S0_UNVALIDATED_SOURCE_RECORD	SOURCE_PRESENTATION_PAIRWISE_COMPARISON_NOT_GEOMETRY_COLLAPSE		8bbf1dff732529afb634f4a24c1d250d3e7ff3a54c79cbfd9c3584e4bca1622b			PARAMETERIZED_FAMILY				presentation_level_only_geometry_identity_unresolved							not_applicable_uncomputed			123	eight_plane_arrangement_family						False	The software can parse and test the symbolic family, but the local CKC payload does not include the parameter ideal/excluded loci needed to recover the classified incidence table.			ckc:123
unresolved_source_parameter_constraints_missing_from_local_payload					parameterized	YES	124	extracted	S0_UNVALIDATED_SOURCE_RECORD	SOURCE_PRESENTATION_PAIRWISE_COMPARISON_NOT_GEOMETRY_COLLAPSE		8bbf1dff732529afb634f4a24c1d250d3e7ff3a54c79cbfd9c3584e4bca1622b			PARAMETERIZED_FAMILY				presentation_level_only_geometry_identity_unresolved							not_applicable_uncomputed			124	eight_plane_arrangement_family						False	The software can parse and test the symbolic family, but the local CKC payload does not include the parameter ideal/excluded loci needed to recover the classified incidence table.			ckc:124
unresolved_source_parameter_constraints_missing_from_local_payload					parameterized	YES	125	extracted	S0_UNVALIDATED_SOURCE_RECORD	SOURCE_PRESENTATION_PAIRWISE_COMPARISON_NOT_GEOMETRY_COLLAPSE		8bbf1dff732529afb634f4a24c1d250d3e7ff3a54c79cbfd9c3584e4bca1622b			PARAMETERIZED_FAMILY				presentation_level_only_geometry_identity_unresolved							not_applicable_uncomputed			125	eight_plane_arrangement_family						False	The software can parse and test the symbolic family, but the local CKC payload does not include the parameter ideal/excluded loci needed to recover the classified incidence table.			ckc:125
unresolved_source_parameter_constraints_missing_from_local_payload					parameterized	YES	126	extracted	S0_UNVALIDATED_SOURCE_RECORD	SOURCE_PRESENTATION_PAIRWISE_COMPARISON_NOT_GEOMETRY_COLLAPSE		8bbf1dff732529afb634f4a24c1d250d3e7ff3a54c79cbfd9c3584e4bca1622b			PARAMETERIZED_FAMILY				presentation_level_only_geometry_identity_unresolved							not_applicable_uncomputed			126	eight_plane_arrangement_family						False	The software can parse and test the symbolic family, but the local CKC payload does not include the parameter ideal/excluded loci needed to recover the classified incidence table.			ckc:126
unresolved_source_parameter_constraints_missing_from_local_payload					parameterized	YES	127	extracted	S0_UNVALIDATED_SOURCE_RECORD	SOURCE_PRESENTATION_PAIRWISE_COMPARISON_NOT_GEOMETRY_COLLAPSE		8bbf1dff732529afb634f4a24c1d250d3e7ff3a54c79cbfd9c3584e4bca1622b			PARAMETERIZED_FAMILY				presentation_level_only_geometry_identity_unresolved							not_applicable_uncomputed			127	eight_plane_arrangement_family						False	The software can parse and test the symbolic family, but the local CKC payload does not include the parameter ideal/excluded loci needed to recover the classified incidence table.			ckc:127
unresolved_source_parameter_constraints_missing_from_local_payload					parameterized	YES	128	extracted	S0_UNVALIDATED_SOURCE_RECORD	SOURCE_PRESENTATION_PAIRWISE_COMPARISON_NOT_GEOMETRY_COLLAPSE		8bbf1dff732529afb634f4a24c1d250d3e7ff3a54c79cbfd9c3584e4bca1622b			PARAMETERIZED_FAMILY				presentation_level_only_geometry_identity_unresolved							not_applicable_uncomputed			128	eight_plane_arrangement_family						False	The software can parse and test the symbolic family, but the local CKC payload does not include the parameter ideal/excluded loci needed to recover the classified incidence table.			ckc:128
unresolved_source_parameter_constraints_missing_from_local_payload					parameterized	YES	129	extracted	S0_UNVALIDATED_SOURCE_RECORD	SOURCE_PRESENTATION_PAIRWISE_COMPARISON_NOT_GEOMETRY_COLLAPSE		8bbf1dff732529afb634f4a24c1d250d3e7ff3a54c79cbfd9c3584e4bca1622b			PARAMETERIZED_FAMILY				presentation_level_only_geometry_identity_unresolved							not_applicable_uncomputed			129	eight_plane_arrangement_family						False	The software can parse and test the symbolic family, but the local CKC payload does not include the parameter ideal/excluded loci needed to recover the classified incidence table.			ckc:129
unresolved_source_parameter_constraints_missing_from_local_payload					parameterized	YES	130	extracted	S0_UNVALIDATED_SOURCE_RECORD	SOURCE_PRESENTATION_PAIRWISE_COMPARISON_NOT_GEOMETRY_COLLAPSE		8bbf1dff732529afb634f4a24c1d250d3e7ff3a54c79cbfd9c3584e4bca1622b			PARAMETERIZED_FAMILY				presentation_level_only_geometry_identity_unresolved							not_applicable_uncomputed			130	eight_plane_arrangement_family						False	The software can parse and test the symbolic family, but the local CKC payload does not include the parameter ideal/excluded loci needed to recover the classified incidence table.			ckc:130
unresolved_source_parameter_constraints_missing_from_local_payload					parameterized	YES	131	extracted	S0_UNVALIDATED_SOURCE_RECORD	SOURCE_PRESENTATION_PAIRWISE_COMPARISON_NOT_GEOMETRY_COLLAPSE		8bbf1dff732529afb634f4a24c1d250d3e7ff3a54c79cbfd9c3584e4bca1622b			PARAMETERIZED_FAMILY				presentation_level_only_geometry_identity_unresolved							not_applicable_uncomputed			131	eight_plane_arrangement_family						False	The software can parse and test the symbolic family, but the local CKC payload does not include the parameter ideal/excluded loci needed to recover the classified incidence table.			ckc:131
unresolved_source_parameter_constraints_missing_from_local_payload					parameterized	YES	132	extracted	S0_UNVALIDATED_SOURCE_RECORD	SOURCE_PRESENTATION_PAIRWISE_COMPARISON_NOT_GEOMETRY_COLLAPSE		8bbf1dff732529afb634f4a24c1d250d3e7ff3a54c79cbfd9c3584e4bca1622b			PARAMETERIZED_FAMILY				presentation_level_only_geometry_identity_unresolved							not_applicable_uncomputed			132	eight_plane_arrangement_family						False	The software can parse and test the symbolic family, but the local CKC payload does not include the parameter ideal/excluded loci needed to recover the classified incidence table.			ckc:132
unresolved_source_parameter_constraints_missing_from_local_payload					parameterized	YES	133	extracted	S0_UNVALIDATED_SOURCE_RECORD	SOURCE_PRESENTATION_PAIRWISE_COMPARISON_NOT_GEOMETRY_COLLAPSE		8bbf1dff732529afb634f4a24c1d250d3e7ff3a54c79cbfd9c3584e4bca1622b			PARAMETERIZED_FAMILY				presentation_level_only_geometry_identity_unresolved							not_applicable_uncomputed			133	eight_plane_arrangement_family						False	The software can parse and test the symbolic family, but the local CKC payload does not include the parameter ideal/excluded loci needed to recover the classified incidence table.			ckc:133
unresolved_source_parameter_constraints_missing_from_local_payload					parameterized	YES	134	extracted	S0_UNVALIDATED_SOURCE_RECORD	SOURCE_PRESENTATION_PAIRWISE_COMPARISON_NOT_GEOMETRY_COLLAPSE		8bbf1dff732529afb634f4a24c1d250d3e7ff3a54c79cbfd9c3584e4bca1622b			PARAMETERIZED_FAMILY				presentation_level_only_geometry_identity_unresolved							not_applicable_uncomputed			134	eight_plane_arrangement_family						False	The software can parse and test the symbolic family, but the local CKC payload does not include the parameter ideal/excluded loci needed to recover the classified incidence table.			ckc:134
unresolved_source_parameter_constraints_missing_from_local_payload					parameterized	YES	135	extracted	S0_UNVALIDATED_SOURCE_RECORD	SOURCE_PRESENTATION_PAIRWISE_COMPARISON_NOT_GEOMETRY_COLLAPSE		8bbf1dff732529afb634f4a24c1d250d3e7ff3a54c79cbfd9c3584e4bca1622b			PARAMETERIZED_FAMILY				presentation_level_only_geometry_identity_unresolved							not_applicable_uncomputed			135	eight_plane_arrangement_family						False	The software can parse and test the symbolic family, but the local CKC payload does not include the parameter ideal/excluded loci needed to recover the classified incidence table.			ckc:135
unresolved_source_parameter_constraints_missing_from_local_payload					parameterized	YES	136	extracted	S0_UNVALIDATED_SOURCE_RECORD	SOURCE_PRESENTATION_PAIRWISE_COMPARISON_NOT_GEOMETRY_COLLAPSE		8bbf1dff732529afb634f4a24c1d250d3e7ff3a54c79cbfd9c3584e4bca1622b			PARAMETERIZED_FAMILY				presentation_level_only_geometry_identity_unresolved							not_applicable_uncomputed			136	eight_plane_arrangement_family						False	The software can parse and test the symbolic family, but the local CKC payload does not include the parameter ideal/excluded loci needed to recover the classified incidence table.			ckc:136
unresolved_source_parameter_constraints_missing_from_local_payload					parameterized	YES	137	extracted	S0_UNVALIDATED_SOURCE_RECORD	SOURCE_PRESENTATION_PAIRWISE_COMPARISON_NOT_GEOMETRY_COLLAPSE		8bbf1dff732529afb634f4a24c1d250d3e7ff3a54c79cbfd9c3584e4bca1622b			PARAMETERIZED_FAMILY				presentation_level_only_geometry_identity_unresolved							not_applicable_uncomputed			137	eight_plane_arrangement_family						False	The software can parse and test the symbolic family, but the local CKC payload does not include the parameter ideal/excluded loci needed to recover the classified incidence table.			ckc:137
unresolved_source_parameter_constraints_missing_from_local_payload					parameterized	YES	138	extracted	S0_UNVALIDATED_SOURCE_RECORD	SOURCE_PRESENTATION_PAIRWISE_COMPARISON_NOT_GEOMETRY_COLLAPSE		8bbf1dff732529afb634f4a24c1d250d3e7ff3a54c79cbfd9c3584e4bca1622b			PARAMETERIZED_FAMILY				presentation_level_only_geometry_identity_unresolved							not_applicable_uncomputed			138	eight_plane_arrangement_family						False	The software can parse and test the symbolic family, but the local CKC payload does not include the parameter ideal/excluded loci needed to recover the classified incidence table.			ckc:138
unresolved_source_parameter_constraints_missing_from_local_payload					parameterized	YES	139	extracted	S0_UNVALIDATED_SOURCE_RECORD	SOURCE_PRESENTATION_PAIRWISE_COMPARISON_NOT_GEOMETRY_COLLAPSE		8bbf1dff732529afb634f4a24c1d250d3e7ff3a54c79cbfd9c3584e4bca1622b			PARAMETERIZED_FAMILY				presentation_level_only_geometry_identity_unresolved							not_applicable_uncomputed			139	eight_plane_arrangement_family						False	The software can parse and test the symbolic family, but the local CKC payload does not include the parameter ideal/excluded loci needed to recover the classified incidence table.			ckc:139
unresolved_source_parameter_constraints_missing_from_local_payload					parameterized	YES	140	extracted	S0_UNVALIDATED_SOURCE_RECORD	SOURCE_PRESENTATION_PAIRWISE_COMPARISON_NOT_GEOMETRY_COLLAPSE		8bbf1dff732529afb634f4a24c1d250d3e7ff3a54c79cbfd9c3584e4bca1622b			PARAMETERIZED_FAMILY				presentation_level_only_geometry_identity_unresolved							not_applicable_uncomputed			140	eight_plane_arrangement_family						False	The software can parse and test the symbolic family, but the local CKC payload does not include the parameter ideal/excluded loci needed to recover the classified incidence table.			ckc:140
unresolved_source_parameter_constraints_missing_from_local_payload					parameterized	YES	141	extracted	S0_UNVALIDATED_SOURCE_RECORD	SOURCE_PRESENTATION_PAIRWISE_COMPARISON_NOT_GEOMETRY_COLLAPSE		8bbf1dff732529afb634f4a24c1d250d3e7ff3a54c79cbfd9c3584e4bca1622b			PARAMETERIZED_FAMILY				presentation_level_only_geometry_identity_unresolved							not_applicable_uncomputed			141	eight_plane_arrangement_family						False	The software can parse and test the symbolic family, but the local CKC payload does not include the parameter ideal/excluded loci needed to recover the classified incidence table.			ckc:141
unresolved_source_parameter_constraints_missing_from_local_payload					parameterized	YES	142	extracted	S0_UNVALIDATED_SOURCE_RECORD	SOURCE_PRESENTATION_PAIRWISE_COMPARISON_NOT_GEOMETRY_COLLAPSE		8bbf1dff732529afb634f4a24c1d250d3e7ff3a54c79cbfd9c3584e4bca1622b			PARAMETERIZED_FAMILY				presentation_level_only_geometry_identity_unresolved							not_applicable_uncomputed			142	eight_plane_arrangement_family						False	The software can parse and test the symbolic family, but the local CKC payload does not include the parameter ideal/excluded loci needed to recover the classified incidence table.			ckc:142
unresolved_source_parameter_constraints_missing_from_local_payload					parameterized	YES	143	extracted	S0_UNVALIDATED_SOURCE_RECORD	SOURCE_PRESENTATION_PAIRWISE_COMPARISON_NOT_GEOMETRY_COLLAPSE		8bbf1dff732529afb634f4a24c1d250d3e7ff3a54c79cbfd9c3584e4bca1622b			PARAMETERIZED_FAMILY				presentation_level_only_geometry_identity_unresolved							not_applicable_uncomputed			143	eight_plane_arrangement_family						False	The software can parse and test the symbolic family, but the local CKC payload does not include the parameter ideal/excluded loci needed to recover the classified incidence table.			ckc:143
unresolved_source_parameter_constraints_missing_from_local_payload					parameterized	YES	144	extracted	S0_UNVALIDATED_SOURCE_RECORD	SOURCE_PRESENTATION_PAIRWISE_COMPARISON_NOT_GEOMETRY_COLLAPSE		8bbf1dff732529afb634f4a24c1d250d3e7ff3a54c79cbfd9c3584e4bca1622b			PARAMETERIZED_FAMILY				presentation_level_only_geometry_identity_unresolved							not_applicable_uncomputed			144	eight_plane_arrangement_family						False	The software can parse and test the symbolic family, but the local CKC payload does not include the parameter ideal/excluded loci needed to recover the classified incidence table.			ckc:144
unresolved_source_parameter_constraints_missing_from_local_payload					parameterized	YES	145	extracted	S0_UNVALIDATED_SOURCE_RECORD	SOURCE_PRESENTATION_PAIRWISE_COMPARISON_NOT_GEOMETRY_COLLAPSE		8bbf1dff732529afb634f4a24c1d250d3e7ff3a54c79cbfd9c3584e4bca1622b			PARAMETERIZED_FAMILY				presentation_level_only_geometry_identity_unresolved							not_applicable_uncomputed			145	eight_plane_arrangement_family						False	The software can parse and test the symbolic family, but the local CKC payload does not include the parameter ideal/excluded loci needed to recover the classified incidence table.			ckc:145
unresolved_source_parameter_constraints_missing_from_local_payload					parameterized	YES	146	extracted	S0_UNVALIDATED_SOURCE_RECORD	SOURCE_PRESENTATION_PAIRWISE_COMPARISON_NOT_GEOMETRY_COLLAPSE		8bbf1dff732529afb634f4a24c1d250d3e7ff3a54c79cbfd9c3584e4bca1622b			PARAMETERIZED_FAMILY				presentation_level_only_geometry_identity_unresolved							not_applicable_uncomputed			146	eight_plane_arrangement_family						False	The software can parse and test the symbolic family, but the local CKC payload does not include the parameter ideal/excluded loci needed to recover the classified incidence table.			ckc:146
unresolved_source_parameter_constraints_missing_from_local_payload					parameterized	YES	147	extracted	S0_UNVALIDATED_SOURCE_RECORD	SOURCE_PRESENTATION_PAIRWISE_COMPARISON_NOT_GEOMETRY_COLLAPSE		8bbf1dff732529afb634f4a24c1d250d3e7ff3a54c79cbfd9c3584e4bca1622b			PARAMETERIZED_FAMILY				presentation_level_only_geometry_identity_unresolved							not_applicable_uncomputed			147	eight_plane_arrangement_family						False	The software can parse and test the symbolic family, but the local CKC payload does not include the parameter ideal/excluded loci needed to recover the classified incidence table.			ckc:147
unresolved_source_parameter_constraints_missing_from_local_payload					parameterized	YES	148	extracted	S0_UNVALIDATED_SOURCE_RECORD	SOURCE_PRESENTATION_PAIRWISE_COMPARISON_NOT_GEOMETRY_COLLAPSE		8bbf1dff732529afb634f4a24c1d250d3e7ff3a54c79cbfd9c3584e4bca1622b			PARAMETERIZED_FAMILY				presentation_level_only_geometry_identity_unresolved							not_applicable_uncomputed			148	eight_plane_arrangement_family						False	The software can parse and test the symbolic family, but the local CKC payload does not include the parameter ideal/excluded loci needed to recover the classified incidence table.			ckc:148
unresolved_source_parameter_constraints_missing_from_local_payload					parameterized	YES	149	extracted	S0_UNVALIDATED_SOURCE_RECORD	SOURCE_PRESENTATION_PAIRWISE_COMPARISON_NOT_GEOMETRY_COLLAPSE		8bbf1dff732529afb634f4a24c1d250d3e7ff3a54c79cbfd9c3584e4bca1622b			PARAMETERIZED_FAMILY				presentation_level_only_geometry_identity_unresolved							not_applicable_uncomputed			149	eight_plane_arrangement_family						False	The software can parse and test the symbolic family, but the local CKC payload does not include the parameter ideal/excluded loci needed to recover the classified incidence table.			ckc:149
unresolved_source_parameter_constraints_missing_from_local_payload					parameterized	YES	150	extracted	S0_UNVALIDATED_SOURCE_RECORD	SOURCE_PRESENTATION_PAIRWISE_COMPARISON_NOT_GEOMETRY_COLLAPSE		8bbf1dff732529afb634f4a24c1d250d3e7ff3a54c79cbfd9c3584e4bca1622b			PARAMETERIZED_FAMILY				presentation_level_only_geometry_identity_unresolved							not_applicable_uncomputed			150	eight_plane_arrangement_family						False	The software can parse and test the symbolic family, but the local CKC payload does not include the parameter ideal/excluded loci needed to recover the classified incidence table.			ckc:150
unresolved_source_parameter_constraints_missing_from_local_payload					parameterized	YES	151	extracted	S0_UNVALIDATED_SOURCE_RECORD	SOURCE_PRESENTATION_PAIRWISE_COMPARISON_NOT_GEOMETRY_COLLAPSE		8bbf1dff732529afb634f4a24c1d250d3e7ff3a54c79cbfd9c3584e4bca1622b			PARAMETERIZED_FAMILY				presentation_level_only_geometry_identity_unresolved							not_applicable_uncomputed			151	eight_plane_arrangement_family						False	The software can parse and test the symbolic family, but the local CKC payload does not include the parameter ideal/excluded loci needed to recover the classified incidence table.			ckc:151
unresolved_source_parameter_constraints_missing_from_local_payload					parameterized	YES	152	extracted	S0_UNVALIDATED_SOURCE_RECORD	SOURCE_PRESENTATION_PAIRWISE_COMPARISON_NOT_GEOMETRY_COLLAPSE		8bbf1dff732529afb634f4a24c1d250d3e7ff3a54c79cbfd9c3584e4bca1622b			PARAMETERIZED_FAMILY				presentation_level_only_geometry_identity_unresolved							not_applicable_uncomputed			152	eight_plane_arrangement_family						False	The software can parse and test the symbolic family, but the local CKC payload does not include the parameter ideal/excluded loci needed to recover the classified incidence table.			ckc:152
unresolved_source_parameter_constraints_missing_from_local_payload					parameterized	YES	153	extracted	S0_UNVALIDATED_SOURCE_RECORD	SOURCE_PRESENTATION_PAIRWISE_COMPARISON_NOT_GEOMETRY_COLLAPSE		8bbf1dff732529afb634f4a24c1d250d3e7ff3a54c79cbfd9c3584e4bca1622b			PARAMETERIZED_FAMILY				presentation_level_only_geometry_identity_unresolved							not_applicable_uncomputed			153	eight_plane_arrangement_family						False	The software can parse and test the symbolic family, but the local CKC payload does not include the parameter ideal/excluded loci needed to recover the classified incidence table.			ckc:153
unresolved_source_parameter_constraints_missing_from_local_payload					parameterized	YES	154	extracted	S0_UNVALIDATED_SOURCE_RECORD	SOURCE_PRESENTATION_PAIRWISE_COMPARISON_NOT_GEOMETRY_COLLAPSE		8bbf1dff732529afb634f4a24c1d250d3e7ff3a54c79cbfd9c3584e4bca1622b			PARAMETERIZED_FAMILY				presentation_level_only_geometry_identity_unresolved							not_applicable_uncomputed			154	eight_plane_arrangement_family						False	The software can parse and test the symbolic family, but the local CKC payload does not include the parameter ideal/excluded loci needed to recover the classified incidence table.			ckc:154
unresolved_source_parameter_constraints_missing_from_local_payload					parameterized	YES	155	extracted	S0_UNVALIDATED_SOURCE_RECORD	SOURCE_PRESENTATION_PAIRWISE_COMPARISON_NOT_GEOMETRY_COLLAPSE		8bbf1dff732529afb634f4a24c1d250d3e7ff3a54c79cbfd9c3584e4bca1622b			PARAMETERIZED_FAMILY				presentation_level_only_geometry_identity_unresolved							not_applicable_uncomputed			155	eight_plane_arrangement_family						False	The software can parse and test the symbolic family, but the local CKC payload does not include the parameter ideal/excluded loci needed to recover the classified incidence table.			ckc:155
unresolved_source_parameter_constraints_missing_from_local_payload					parameterized	YES	156	extracted	S0_UNVALIDATED_SOURCE_RECORD	SOURCE_PRESENTATION_PAIRWISE_COMPARISON_NOT_GEOMETRY_COLLAPSE		8bbf1dff732529afb634f4a24c1d250d3e7ff3a54c79cbfd9c3584e4bca1622b			PARAMETERIZED_FAMILY				presentation_level_only_geometry_identity_unresolved							not_applicable_uncomputed			156	eight_plane_arrangement_family						False	The software can parse and test the symbolic family, but the local CKC payload does not include the parameter ideal/excluded loci needed to recover the classified incidence table.			ckc:156
unresolved_source_parameter_constraints_missing_from_local_payload					parameterized	YES	157	extracted	S0_UNVALIDATED_SOURCE_RECORD	SOURCE_PRESENTATION_PAIRWISE_COMPARISON_NOT_GEOMETRY_COLLAPSE		8bbf1dff732529afb634f4a24c1d250d3e7ff3a54c79cbfd9c3584e4bca1622b			PARAMETERIZED_FAMILY				presentation_level_only_geometry_identity_unresolved							not_applicable_uncomputed			157	eight_plane_arrangement_family						False	The software can parse and test the symbolic family, but the local CKC payload does not include the parameter ideal/excluded loci needed to recover the classified incidence table.			ckc:157
unresolved_source_parameter_constraints_missing_from_local_payload					parameterized	YES	158	extracted	S0_UNVALIDATED_SOURCE_RECORD	SOURCE_PRESENTATION_PAIRWISE_COMPARISON_NOT_GEOMETRY_COLLAPSE		8bbf1dff732529afb634f4a24c1d250d3e7ff3a54c79cbfd9c3584e4bca1622b			PARAMETERIZED_FAMILY				presentation_level_only_geometry_identity_unresolved							not_applicable_uncomputed			158	eight_plane_arrangement_family						False	The software can parse and test the symbolic family, but the local CKC payload does not include the parameter ideal/excluded loci needed to recover the classified incidence table.			ckc:158
unresolved_source_parameter_constraints_missing_from_local_payload					parameterized	YES	159	extracted	S0_UNVALIDATED_SOURCE_RECORD	SOURCE_PRESENTATION_PAIRWISE_COMPARISON_NOT_GEOMETRY_COLLAPSE		8bbf1dff732529afb634f4a24c1d250d3e7ff3a54c79cbfd9c3584e4bca1622b			PARAMETERIZED_FAMILY				presentation_level_only_geometry_identity_unresolved							not_applicable_uncomputed			159	eight_plane_arrangement_family						False	The software can parse and test the symbolic family, but the local CKC payload does not include the parameter ideal/excluded loci needed to recover the classified incidence table.			ckc:159
unresolved_source_parameter_constraints_missing_from_local_payload					parameterized	YES	160	extracted	S0_UNVALIDATED_SOURCE_RECORD	SOURCE_PRESENTATION_PAIRWISE_COMPARISON_NOT_GEOMETRY_COLLAPSE		8bbf1dff732529afb634f4a24c1d250d3e7ff3a54c79cbfd9c3584e4bca1622b			PARAMETERIZED_FAMILY				presentation_level_only_geometry_identity_unresolved							not_applicable_uncomputed			160	eight_plane_arrangement_family						False	The software can parse and test the symbolic family, but the local CKC payload does not include the parameter ideal/excluded loci needed to recover the classified incidence table.			ckc:160
unresolved_source_parameter_constraints_missing_from_local_payload					parameterized	YES	161	extracted	S0_UNVALIDATED_SOURCE_RECORD	SOURCE_PRESENTATION_PAIRWISE_COMPARISON_NOT_GEOMETRY_COLLAPSE		8bbf1dff732529afb634f4a24c1d250d3e7ff3a54c79cbfd9c3584e4bca1622b			PARAMETERIZED_FAMILY				presentation_level_only_geometry_identity_unresolved							not_applicable_uncomputed			161	eight_plane_arrangement_family						False	The software can parse and test the symbolic family, but the local CKC payload does not include the parameter ideal/excluded loci needed to recover the classified incidence table.			ckc:161
unresolved_source_parameter_constraints_missing_from_local_payload					parameterized	YES	162	extracted	S0_UNVALIDATED_SOURCE_RECORD	SOURCE_PRESENTATION_PAIRWISE_COMPARISON_NOT_GEOMETRY_COLLAPSE		8bbf1dff732529afb634f4a24c1d250d3e7ff3a54c79cbfd9c3584e4bca1622b			PARAMETERIZED_FAMILY				presentation_level_only_geometry_identity_unresolved							not_applicable_uncomputed			162	eight_plane_arrangement_family						False	The software can parse and test the symbolic family, but the local CKC payload does not include the parameter ideal/excluded loci needed to recover the classified incidence table.			ckc:162
unresolved_source_parameter_constraints_missing_from_local_payload					parameterized	YES	163	extracted	S0_UNVALIDATED_SOURCE_RECORD	SOURCE_PRESENTATION_PAIRWISE_COMPARISON_NOT_GEOMETRY_COLLAPSE		8bbf1dff732529afb634f4a24c1d250d3e7ff3a54c79cbfd9c3584e4bca1622b			PARAMETERIZED_FAMILY				presentation_level_only_geometry_identity_unresolved							not_applicable_uncomputed			163	eight_plane_arrangement_family						False	The software can parse and test the symbolic family, but the local CKC payload does not include the parameter ideal/excluded loci needed to recover the classified incidence table.			ckc:163
unresolved_source_parameter_constraints_missing_from_local_payload					parameterized	YES	164	extracted	S0_UNVALIDATED_SOURCE_RECORD	SOURCE_PRESENTATION_PAIRWISE_COMPARISON_NOT_GEOMETRY_COLLAPSE		8bbf1dff732529afb634f4a24c1d250d3e7ff3a54c79cbfd9c3584e4bca1622b			PARAMETERIZED_FAMILY				presentation_level_only_geometry_identity_unresolved							not_applicable_uncomputed			164	eight_plane_arrangement_family						False	The software can parse and test the symbolic family, but the local CKC payload does not include the parameter ideal/excluded loci needed to recover the classified incidence table.			ckc:164
unresolved_source_parameter_constraints_missing_from_local_payload					parameterized	YES	165	extracted	S0_UNVALIDATED_SOURCE_RECORD	SOURCE_PRESENTATION_PAIRWISE_COMPARISON_NOT_GEOMETRY_COLLAPSE		8bbf1dff732529afb634f4a24c1d250d3e7ff3a54c79cbfd9c3584e4bca1622b			PARAMETERIZED_FAMILY				presentation_level_only_geometry_identity_unresolved							not_applicable_uncomputed			165	eight_plane_arrangement_family						False	The software can parse and test the symbolic family, but the local CKC payload does not include the parameter ideal/excluded loci needed to recover the classified incidence table.			ckc:165
unresolved_source_parameter_constraints_missing_from_local_payload					parameterized	YES	166	extracted	S0_UNVALIDATED_SOURCE_RECORD	SOURCE_PRESENTATION_PAIRWISE_COMPARISON_NOT_GEOMETRY_COLLAPSE		8bbf1dff732529afb634f4a24c1d250d3e7ff3a54c79cbfd9c3584e4bca1622b			PARAMETERIZED_FAMILY				presentation_level_only_geometry_identity_unresolved							not_applicable_uncomputed			166	eight_plane_arrangement_family						False	The software can parse and test the symbolic family, but the local CKC payload does not include the parameter ideal/excluded loci needed to recover the classified incidence table.			ckc:166
unresolved_source_parameter_constraints_missing_from_local_payload					parameterized	YES	167	extracted	S0_UNVALIDATED_SOURCE_RECORD	SOURCE_PRESENTATION_PAIRWISE_COMPARISON_NOT_GEOMETRY_COLLAPSE		8bbf1dff732529afb634f4a24c1d250d3e7ff3a54c79cbfd9c3584e4bca1622b			PARAMETERIZED_FAMILY				presentation_level_only_geometry_identity_unresolved							not_applicable_uncomputed			167	eight_plane_arrangement_family						False	The software can parse and test the symbolic family, but the local CKC payload does not include the parameter ideal/excluded loci needed to recover the classified incidence table.			ckc:167
unresolved_source_parameter_constraints_missing_from_local_payload					parameterized	YES	168	extracted	S0_UNVALIDATED_SOURCE_RECORD	SOURCE_PRESENTATION_PAIRWISE_COMPARISON_NOT_GEOMETRY_COLLAPSE		8bbf1dff732529afb634f4a24c1d250d3e7ff3a54c79cbfd9c3584e4bca1622b			PARAMETERIZED_FAMILY				presentation_level_only_geometry_identity_unresolved							not_applicable_uncomputed			168	eight_plane_arrangement_family						False	The software can parse and test the symbolic family, but the local CKC payload does not include the parameter ideal/excluded loci needed to recover the classified incidence table.			ckc:168
unresolved_source_parameter_constraints_missing_from_local_payload					parameterized	YES	169	extracted	S0_UNVALIDATED_SOURCE_RECORD	SOURCE_PRESENTATION_PAIRWISE_COMPARISON_NOT_GEOMETRY_COLLAPSE		8bbf1dff732529afb634f4a24c1d250d3e7ff3a54c79cbfd9c3584e4bca1622b			PARAMETERIZED_FAMILY				presentation_level_only_geometry_identity_unresolved							not_applicable_uncomputed			169	eight_plane_arrangement_family						False	The software can parse and test the symbolic family, but the local CKC payload does not include the parameter ideal/excluded loci needed to recover the classified incidence table.			ckc:169
unresolved_source_parameter_constraints_missing_from_local_payload					parameterized	YES	170	extracted	S0_UNVALIDATED_SOURCE_RECORD	SOURCE_PRESENTATION_PAIRWISE_COMPARISON_NOT_GEOMETRY_COLLAPSE		8bbf1dff732529afb634f4a24c1d250d3e7ff3a54c79cbfd9c3584e4bca1622b			PARAMETERIZED_FAMILY				presentation_level_only_geometry_identity_unresolved							not_applicable_uncomputed			170	eight_plane_arrangement_family						False	The software can parse and test the symbolic family, but the local CKC payload does not include the parameter ideal/excluded loci needed to recover the classified incidence table.			ckc:170
unresolved_source_parameter_constraints_missing_from_local_payload					parameterized	YES	171	extracted	S0_UNVALIDATED_SOURCE_RECORD	SOURCE_PRESENTATION_PAIRWISE_COMPARISON_NOT_GEOMETRY_COLLAPSE		8bbf1dff732529afb634f4a24c1d250d3e7ff3a54c79cbfd9c3584e4bca1622b			PARAMETERIZED_FAMILY				presentation_level_only_geometry_identity_unresolved							not_applicable_uncomputed			171	eight_plane_arrangement_family						False	The software can parse and test the symbolic family, but the local CKC payload does not include the parameter ideal/excluded loci needed to recover the classified incidence table.			ckc:171
unresolved_source_parameter_constraints_missing_from_local_payload					parameterized	YES	172	extracted	S0_UNVALIDATED_SOURCE_RECORD	SOURCE_PRESENTATION_PAIRWISE_COMPARISON_NOT_GEOMETRY_COLLAPSE		8bbf1dff732529afb634f4a24c1d250d3e7ff3a54c79cbfd9c3584e4bca1622b			PARAMETERIZED_FAMILY				presentation_level_only_geometry_identity_unresolved							not_applicable_uncomputed			172	eight_plane_arrangement_family						False	The software can parse and test the symbolic family, but the local CKC payload does not include the parameter ideal/excluded loci needed to recover the classified incidence table.			ckc:172
unresolved_source_parameter_constraints_missing_from_local_payload					parameterized	YES	173	extracted	S0_UNVALIDATED_SOURCE_RECORD	SOURCE_PRESENTATION_PAIRWISE_COMPARISON_NOT_GEOMETRY_COLLAPSE		8bbf1dff732529afb634f4a24c1d250d3e7ff3a54c79cbfd9c3584e4bca1622b			PARAMETERIZED_FAMILY				presentation_level_only_geometry_identity_unresolved							not_applicable_uncomputed			173	eight_plane_arrangement_family						False	The software can parse and test the symbolic family, but the local CKC payload does not include the parameter ideal/excluded loci needed to recover the classified incidence table.			ckc:173
unresolved_source_parameter_constraints_missing_from_local_payload					parameterized	YES	174	extracted	S0_UNVALIDATED_SOURCE_RECORD	SOURCE_PRESENTATION_PAIRWISE_COMPARISON_NOT_GEOMETRY_COLLAPSE		8bbf1dff732529afb634f4a24c1d250d3e7ff3a54c79cbfd9c3584e4bca1622b			PARAMETERIZED_FAMILY				presentation_level_only_geometry_identity_unresolved							not_applicable_uncomputed			174	eight_plane_arrangement_family						False	The software can parse and test the symbolic family, but the local CKC payload does not include the parameter ideal/excluded loci needed to recover the classified incidence table.			ckc:174
unresolved_source_parameter_constraints_missing_from_local_payload					parameterized	YES	175	extracted	S0_UNVALIDATED_SOURCE_RECORD	SOURCE_PRESENTATION_PAIRWISE_COMPARISON_NOT_GEOMETRY_COLLAPSE		8bbf1dff732529afb634f4a24c1d250d3e7ff3a54c79cbfd9c3584e4bca1622b			PARAMETERIZED_FAMILY				presentation_level_only_geometry_identity_unresolved							not_applicable_uncomputed			175	eight_plane_arrangement_family						False	The software can parse and test the symbolic family, but the local CKC payload does not include the parameter ideal/excluded loci needed to recover the classified incidence table.			ckc:175
unresolved_source_parameter_constraints_missing_from_local_payload					parameterized	YES	176	extracted	S0_UNVALIDATED_SOURCE_RECORD	SOURCE_PRESENTATION_PAIRWISE_COMPARISON_NOT_GEOMETRY_COLLAPSE		8bbf1dff732529afb634f4a24c1d250d3e7ff3a54c79cbfd9c3584e4bca1622b			PARAMETERIZED_FAMILY				presentation_level_only_geometry_identity_unresolved							not_applicable_uncomputed			176	eight_plane_arrangement_family						False	The software can parse and test the symbolic family, but the local CKC payload does not include the parameter ideal/excluded loci needed to recover the classified incidence table.			ckc:176
unresolved_source_parameter_constraints_missing_from_local_payload					parameterized	YES	177	extracted	S0_UNVALIDATED_SOURCE_RECORD	SOURCE_PRESENTATION_PAIRWISE_COMPARISON_NOT_GEOMETRY_COLLAPSE		8bbf1dff732529afb634f4a24c1d250d3e7ff3a54c79cbfd9c3584e4bca1622b			PARAMETERIZED_FAMILY				presentation_level_only_geometry_identity_unresolved							not_applicable_uncomputed			177	eight_plane_arrangement_family						False	The software can parse and test the symbolic family, but the local CKC payload does not include the parameter ideal/excluded loci needed to recover the classified incidence table.			ckc:177
unresolved_source_parameter_constraints_missing_from_local_payload					parameterized	YES	178	extracted	S0_UNVALIDATED_SOURCE_RECORD	SOURCE_PRESENTATION_PAIRWISE_COMPARISON_NOT_GEOMETRY_COLLAPSE		8bbf1dff732529afb634f4a24c1d250d3e7ff3a54c79cbfd9c3584e4bca1622b			PARAMETERIZED_FAMILY				presentation_level_only_geometry_identity_unresolved							not_applicable_uncomputed			178	eight_plane_arrangement_family						False	The software can parse and test the symbolic family, but the local CKC payload does not include the parameter ideal/excluded loci needed to recover the classified incidence table.			ckc:178
unresolved_source_parameter_constraints_missing_from_local_payload					parameterized	YES	179	extracted	S0_UNVALIDATED_SOURCE_RECORD	SOURCE_PRESENTATION_PAIRWISE_COMPARISON_NOT_GEOMETRY_COLLAPSE		8bbf1dff732529afb634f4a24c1d250d3e7ff3a54c79cbfd9c3584e4bca1622b			PARAMETERIZED_FAMILY				presentation_level_only_geometry_identity_unresolved							not_applicable_uncomputed			179	eight_plane_arrangement_family						False	The software can parse and test the symbolic family, but the local CKC payload does not include the parameter ideal/excluded loci needed to recover the classified incidence table.			ckc:179
unresolved_source_parameter_constraints_missing_from_local_payload					parameterized	YES	180	extracted	S0_UNVALIDATED_SOURCE_RECORD	SOURCE_PRESENTATION_PAIRWISE_COMPARISON_NOT_GEOMETRY_COLLAPSE		8bbf1dff732529afb634f4a24c1d250d3e7ff3a54c79cbfd9c3584e4bca1622b			PARAMETERIZED_FAMILY				presentation_level_only_geometry_identity_unresolved							not_applicable_uncomputed			180	eight_plane_arrangement_family						False	The software can parse and test the symbolic family, but the local CKC payload does not include the parameter ideal/excluded loci needed to recover the classified incidence table.			ckc:180
unresolved_source_parameter_constraints_missing_from_local_payload					parameterized	YES	181	extracted	S0_UNVALIDATED_SOURCE_RECORD	SOURCE_PRESENTATION_PAIRWISE_COMPARISON_NOT_GEOMETRY_COLLAPSE		8bbf1dff732529afb634f4a24c1d250d3e7ff3a54c79cbfd9c3584e4bca1622b			PARAMETERIZED_FAMILY				presentation_level_only_geometry_identity_unresolved							not_applicable_uncomputed			181	eight_plane_arrangement_family						False	The software can parse and test the symbolic family, but the local CKC payload does not include the parameter ideal/excluded loci needed to recover the classified incidence table.			ckc:181
unresolved_source_parameter_constraints_missing_from_local_payload					parameterized	YES	182	extracted	S0_UNVALIDATED_SOURCE_RECORD	SOURCE_PRESENTATION_PAIRWISE_COMPARISON_NOT_GEOMETRY_COLLAPSE		8bbf1dff732529afb634f4a24c1d250d3e7ff3a54c79cbfd9c3584e4bca1622b			PARAMETERIZED_FAMILY				presentation_level_only_geometry_identity_unresolved							not_applicable_uncomputed			182	eight_plane_arrangement_family						False	The software can parse and test the symbolic family, but the local CKC payload does not include the parameter ideal/excluded loci needed to recover the classified incidence table.			ckc:182
unresolved_source_parameter_constraints_missing_from_local_payload					parameterized	YES	183	extracted	S0_UNVALIDATED_SOURCE_RECORD	SOURCE_PRESENTATION_PAIRWISE_COMPARISON_NOT_GEOMETRY_COLLAPSE		8bbf1dff732529afb634f4a24c1d250d3e7ff3a54c79cbfd9c3584e4bca1622b			PARAMETERIZED_FAMILY				presentation_level_only_geometry_identity_unresolved							not_applicable_uncomputed			183	eight_plane_arrangement_family						False	The software can parse and test the symbolic family, but the local CKC payload does not include the parameter ideal/excluded loci needed to recover the classified incidence table.			ckc:183
unresolved_source_parameter_constraints_missing_from_local_payload					parameterized	YES	184	extracted	S0_UNVALIDATED_SOURCE_RECORD	SOURCE_PRESENTATION_PAIRWISE_COMPARISON_NOT_GEOMETRY_COLLAPSE		8bbf1dff732529afb634f4a24c1d250d3e7ff3a54c79cbfd9c3584e4bca1622b			PARAMETERIZED_FAMILY				presentation_level_only_geometry_identity_unresolved							not_applicable_uncomputed			184	eight_plane_arrangement_family						False	The software can parse and test the symbolic family, but the local CKC payload does not include the parameter ideal/excluded loci needed to recover the classified incidence table.			ckc:184
unresolved_source_parameter_constraints_missing_from_local_payload					parameterized	YES	185	extracted	S0_UNVALIDATED_SOURCE_RECORD	SOURCE_PRESENTATION_PAIRWISE_COMPARISON_NOT_GEOMETRY_COLLAPSE		8bbf1dff732529afb634f4a24c1d250d3e7ff3a54c79cbfd9c3584e4bca1622b			PARAMETERIZED_FAMILY				presentation_level_only_geometry_identity_unresolved							not_applicable_uncomputed			185	eight_plane_arrangement_family						False	The software can parse and test the symbolic family, but the local CKC payload does not include the parameter ideal/excluded loci needed to recover the classified incidence table.			ckc:185
unresolved_source_parameter_constraints_missing_from_local_payload					parameterized	YES	186	extracted	S0_UNVALIDATED_SOURCE_RECORD	SOURCE_PRESENTATION_PAIRWISE_COMPARISON_NOT_GEOMETRY_COLLAPSE		8bbf1dff732529afb634f4a24c1d250d3e7ff3a54c79cbfd9c3584e4bca1622b			PARAMETERIZED_FAMILY				presentation_level_only_geometry_identity_unresolved							not_applicable_uncomputed			186	eight_plane_arrangement_family						False	The software can parse and test the symbolic family, but the local CKC payload does not include the parameter ideal/excluded loci needed to recover the classified incidence table.			ckc:186
unresolved_source_parameter_constraints_missing_from_local_payload					parameterized	YES	187	extracted	S0_UNVALIDATED_SOURCE_RECORD	SOURCE_PRESENTATION_PAIRWISE_COMPARISON_NOT_GEOMETRY_COLLAPSE		8bbf1dff732529afb634f4a24c1d250d3e7ff3a54c79cbfd9c3584e4bca1622b			PARAMETERIZED_FAMILY				presentation_level_only_geometry_identity_unresolved							not_applicable_uncomputed			187	eight_plane_arrangement_family						False	The software can parse and test the symbolic family, but the local CKC payload does not include the parameter ideal/excluded loci needed to recover the classified incidence table.			ckc:187
unresolved_source_parameter_constraints_missing_from_local_payload					parameterized	YES	188	extracted	S0_UNVALIDATED_SOURCE_RECORD	SOURCE_PRESENTATION_PAIRWISE_COMPARISON_NOT_GEOMETRY_COLLAPSE		8bbf1dff732529afb634f4a24c1d250d3e7ff3a54c79cbfd9c3584e4bca1622b			PARAMETERIZED_FAMILY				presentation_level_only_geometry_identity_unresolved							not_applicable_uncomputed			188	eight_plane_arrangement_family						False	The software can parse and test the symbolic family, but the local CKC payload does not include the parameter ideal/excluded loci needed to recover the classified incidence table.			ckc:188
unresolved_source_parameter_constraints_missing_from_local_payload					parameterized	YES	189	extracted	S0_UNVALIDATED_SOURCE_RECORD	SOURCE_PRESENTATION_PAIRWISE_COMPARISON_NOT_GEOMETRY_COLLAPSE		8bbf1dff732529afb634f4a24c1d250d3e7ff3a54c79cbfd9c3584e4bca1622b			PARAMETERIZED_FAMILY				presentation_level_only_geometry_identity_unresolved							not_applicable_uncomputed			189	eight_plane_arrangement_family						False	The software can parse and test the symbolic family, but the local CKC payload does not include the parameter ideal/excluded loci needed to recover the classified incidence table.			ckc:189
unresolved_source_parameter_constraints_missing_from_local_payload					parameterized	YES	190	extracted	S0_UNVALIDATED_SOURCE_RECORD	SOURCE_PRESENTATION_PAIRWISE_COMPARISON_NOT_GEOMETRY_COLLAPSE		8bbf1dff732529afb634f4a24c1d250d3e7ff3a54c79cbfd9c3584e4bca1622b			PARAMETERIZED_FAMILY				presentation_level_only_geometry_identity_unresolved							not_applicable_uncomputed			190	eight_plane_arrangement_family						False	The software can parse and test the symbolic family, but the local CKC payload does not include the parameter ideal/excluded loci needed to recover the classified incidence table.			ckc:190
unresolved_source_parameter_constraints_missing_from_local_payload					parameterized	YES	191	extracted	S0_UNVALIDATED_SOURCE_RECORD	SOURCE_PRESENTATION_PAIRWISE_COMPARISON_NOT_GEOMETRY_COLLAPSE		8bbf1dff732529afb634f4a24c1d250d3e7ff3a54c79cbfd9c3584e4bca1622b			PARAMETERIZED_FAMILY				presentation_level_only_geometry_identity_unresolved							not_applicable_uncomputed			191	eight_plane_arrangement_family						False	The software can parse and test the symbolic family, but the local CKC payload does not include the parameter ideal/excluded loci needed to recover the classified incidence table.			ckc:191
unresolved_source_parameter_constraints_missing_from_local_payload					parameterized	YES	192	extracted	S0_UNVALIDATED_SOURCE_RECORD	SOURCE_PRESENTATION_PAIRWISE_COMPARISON_NOT_GEOMETRY_COLLAPSE		8bbf1dff732529afb634f4a24c1d250d3e7ff3a54c79cbfd9c3584e4bca1622b			PARAMETERIZED_FAMILY				presentation_level_only_geometry_identity_unresolved							not_applicable_uncomputed			192	eight_plane_arrangement_family						False	The software can parse and test the symbolic family, but the local CKC payload does not include the parameter ideal/excluded loci needed to recover the classified incidence table.			ckc:192
unresolved_source_parameter_constraints_missing_from_local_payload					parameterized	YES	193	extracted	S0_UNVALIDATED_SOURCE_RECORD	SOURCE_PRESENTATION_PAIRWISE_COMPARISON_NOT_GEOMETRY_COLLAPSE		8bbf1dff732529afb634f4a24c1d250d3e7ff3a54c79cbfd9c3584e4bca1622b			PARAMETERIZED_FAMILY				presentation_level_only_geometry_identity_unresolved							not_applicable_uncomputed			193	eight_plane_arrangement_family						False	The software can parse and test the symbolic family, but the local CKC payload does not include the parameter ideal/excluded loci needed to recover the classified incidence table.			ckc:193
unresolved_source_parameter_constraints_missing_from_local_payload					parameterized	YES	194	extracted	S0_UNVALIDATED_SOURCE_RECORD	SOURCE_PRESENTATION_PAIRWISE_COMPARISON_NOT_GEOMETRY_COLLAPSE		8bbf1dff732529afb634f4a24c1d250d3e7ff3a54c79cbfd9c3584e4bca1622b			PARAMETERIZED_FAMILY				presentation_level_only_geometry_identity_unresolved							not_applicable_uncomputed			194	eight_plane_arrangement_family						False	The software can parse and test the symbolic family, but the local CKC payload does not include the parameter ideal/excluded loci needed to recover the classified incidence table.			ckc:194
unresolved_source_parameter_constraints_missing_from_local_payload					parameterized	YES	195	extracted	S0_UNVALIDATED_SOURCE_RECORD	SOURCE_PRESENTATION_PAIRWISE_COMPARISON_NOT_GEOMETRY_COLLAPSE		8bbf1dff732529afb634f4a24c1d250d3e7ff3a54c79cbfd9c3584e4bca1622b			PARAMETERIZED_FAMILY				presentation_level_only_geometry_identity_unresolved							not_applicable_uncomputed			195	eight_plane_arrangement_family						False	The software can parse and test the symbolic family, but the local CKC payload does not include the parameter ideal/excluded loci needed to recover the classified incidence table.			ckc:195
unresolved_source_parameter_constraints_missing_from_local_payload					parameterized	YES	196	extracted	S0_UNVALIDATED_SOURCE_RECORD	SOURCE_PRESENTATION_PAIRWISE_COMPARISON_NOT_GEOMETRY_COLLAPSE		8bbf1dff732529afb634f4a24c1d250d3e7ff3a54c79cbfd9c3584e4bca1622b			PARAMETERIZED_FAMILY				presentation_level_only_geometry_identity_unresolved							not_applicable_uncomputed			196	eight_plane_arrangement_family						False	The software can parse and test the symbolic family, but the local CKC payload does not include the parameter ideal/excluded loci needed to recover the classified incidence table.			ckc:196
unresolved_source_parameter_constraints_missing_from_local_payload					parameterized	YES	197	extracted	S0_UNVALIDATED_SOURCE_RECORD	SOURCE_PRESENTATION_PAIRWISE_COMPARISON_NOT_GEOMETRY_COLLAPSE		8bbf1dff732529afb634f4a24c1d250d3e7ff3a54c79cbfd9c3584e4bca1622b			PARAMETERIZED_FAMILY				presentation_level_only_geometry_identity_unresolved							not_applicable_uncomputed			197	eight_plane_arrangement_family						False	The software can parse and test the symbolic family, but the local CKC payload does not include the parameter ideal/excluded loci needed to recover the classified incidence table.			ckc:197
unresolved_source_parameter_constraints_missing_from_local_payload					parameterized	YES	198	extracted	S0_UNVALIDATED_SOURCE_RECORD	SOURCE_PRESENTATION_PAIRWISE_COMPARISON_NOT_GEOMETRY_COLLAPSE		8bbf1dff732529afb634f4a24c1d250d3e7ff3a54c79cbfd9c3584e4bca1622b			PARAMETERIZED_FAMILY				presentation_level_only_geometry_identity_unresolved							not_applicable_uncomputed			198	eight_plane_arrangement_family						False	The software can parse and test the symbolic family, but the local CKC payload does not include the parameter ideal/excluded loci needed to recover the classified incidence table.			ckc:198
unresolved_source_parameter_constraints_missing_from_local_payload					parameterized	YES	199	extracted	S0_UNVALIDATED_SOURCE_RECORD	SOURCE_PRESENTATION_PAIRWISE_COMPARISON_NOT_GEOMETRY_COLLAPSE		8bbf1dff732529afb634f4a24c1d250d3e7ff3a54c79cbfd9c3584e4bca1622b			PARAMETERIZED_FAMILY				presentation_level_only_geometry_identity_unresolved							not_applicable_uncomputed			199	eight_plane_arrangement_family						False	The software can parse and test the symbolic family, but the local CKC payload does not include the parameter ideal/excluded loci needed to recover the classified incidence table.			ckc:199
unresolved_source_parameter_constraints_missing_from_local_payload					parameterized	YES	200	extracted	S0_UNVALIDATED_SOURCE_RECORD	SOURCE_PRESENTATION_PAIRWISE_COMPARISON_NOT_GEOMETRY_COLLAPSE		8bbf1dff732529afb634f4a24c1d250d3e7ff3a54c79cbfd9c3584e4bca1622b			PARAMETERIZED_FAMILY				presentation_level_only_geometry_identity_unresolved							not_applicable_uncomputed			200	eight_plane_arrangement_family						False	The software can parse and test the symbolic family, but the local CKC payload does not include the parameter ideal/excluded loci needed to recover the classified incidence table.			ckc:200
unresolved_source_parameter_constraints_missing_from_local_payload					parameterized	YES	201	extracted	S0_UNVALIDATED_SOURCE_RECORD	SOURCE_PRESENTATION_PAIRWISE_COMPARISON_NOT_GEOMETRY_COLLAPSE		8bbf1dff732529afb634f4a24c1d250d3e7ff3a54c79cbfd9c3584e4bca1622b			PARAMETERIZED_FAMILY				presentation_level_only_geometry_identity_unresolved							not_applicable_uncomputed			201	eight_plane_arrangement_family						False	The software can parse and test the symbolic family, but the local CKC payload does not include the parameter ideal/excluded loci needed to recover the classified incidence table.			ckc:201
unresolved_source_parameter_constraints_missing_from_local_payload					parameterized	YES	202	extracted	S0_UNVALIDATED_SOURCE_RECORD	SOURCE_PRESENTATION_PAIRWISE_COMPARISON_NOT_GEOMETRY_COLLAPSE		8bbf1dff732529afb634f4a24c1d250d3e7ff3a54c79cbfd9c3584e4bca1622b			PARAMETERIZED_FAMILY				presentation_level_only_geometry_identity_unresolved							not_applicable_uncomputed			202	eight_plane_arrangement_family						False	The software can parse and test the symbolic family, but the local CKC payload does not include the parameter ideal/excluded loci needed to recover the classified incidence table.			ckc:202
unresolved_source_parameter_constraints_missing_from_local_payload					parameterized	YES	203	extracted	S0_UNVALIDATED_SOURCE_RECORD	SOURCE_PRESENTATION_PAIRWISE_COMPARISON_NOT_GEOMETRY_COLLAPSE		8bbf1dff732529afb634f4a24c1d250d3e7ff3a54c79cbfd9c3584e4bca1622b			PARAMETERIZED_FAMILY				presentation_level_only_geometry_identity_unresolved							not_applicable_uncomputed			203	eight_plane_arrangement_family						False	The software can parse and test the symbolic family, but the local CKC payload does not include the parameter ideal/excluded loci needed to recover the classified incidence table.			ckc:203
unresolved_source_parameter_constraints_missing_from_local_payload					parameterized	YES	204	extracted	S0_UNVALIDATED_SOURCE_RECORD	SOURCE_PRESENTATION_PAIRWISE_COMPARISON_NOT_GEOMETRY_COLLAPSE		8bbf1dff732529afb634f4a24c1d250d3e7ff3a54c79cbfd9c3584e4bca1622b			PARAMETERIZED_FAMILY				presentation_level_only_geometry_identity_unresolved							not_applicable_uncomputed			204	eight_plane_arrangement_family						False	The software can parse and test the symbolic family, but the local CKC payload does not include the parameter ideal/excluded loci needed to recover the classified incidence table.			ckc:204
unresolved_source_parameter_constraints_missing_from_local_payload					parameterized	YES	205	extracted	S0_UNVALIDATED_SOURCE_RECORD	SOURCE_PRESENTATION_PAIRWISE_COMPARISON_NOT_GEOMETRY_COLLAPSE		8bbf1dff732529afb634f4a24c1d250d3e7ff3a54c79cbfd9c3584e4bca1622b			PARAMETERIZED_FAMILY				presentation_level_only_geometry_identity_unresolved							not_applicable_uncomputed			205	eight_plane_arrangement_family						False	The software can parse and test the symbolic family, but the local CKC payload does not include the parameter ideal/excluded loci needed to recover the classified incidence table.			ckc:205
unresolved_source_parameter_constraints_missing_from_local_payload					parameterized	YES	206	extracted	S0_UNVALIDATED_SOURCE_RECORD	SOURCE_PRESENTATION_PAIRWISE_COMPARISON_NOT_GEOMETRY_COLLAPSE		8bbf1dff732529afb634f4a24c1d250d3e7ff3a54c79cbfd9c3584e4bca1622b			PARAMETERIZED_FAMILY				presentation_level_only_geometry_identity_unresolved							not_applicable_uncomputed			206	eight_plane_arrangement_family						False	The software can parse and test the symbolic family, but the local CKC payload does not include the parameter ideal/excluded loci needed to recover the classified incidence table.			ckc:206
unresolved_source_parameter_constraints_missing_from_local_payload					parameterized	YES	207	extracted	S0_UNVALIDATED_SOURCE_RECORD	SOURCE_PRESENTATION_PAIRWISE_COMPARISON_NOT_GEOMETRY_COLLAPSE		8bbf1dff732529afb634f4a24c1d250d3e7ff3a54c79cbfd9c3584e4bca1622b			PARAMETERIZED_FAMILY				presentation_level_only_geometry_identity_unresolved							not_applicable_uncomputed			207	eight_plane_arrangement_family						False	The software can parse and test the symbolic family, but the local CKC payload does not include the parameter ideal/excluded loci needed to recover the classified incidence table.			ckc:207
unresolved_source_parameter_constraints_missing_from_local_payload					parameterized	YES	208	extracted	S0_UNVALIDATED_SOURCE_RECORD	SOURCE_PRESENTATION_PAIRWISE_COMPARISON_NOT_GEOMETRY_COLLAPSE		8bbf1dff732529afb634f4a24c1d250d3e7ff3a54c79cbfd9c3584e4bca1622b			PARAMETERIZED_FAMILY				presentation_level_only_geometry_identity_unresolved							not_applicable_uncomputed			208	eight_plane_arrangement_family						False	The software can parse and test the symbolic family, but the local CKC payload does not include the parameter ideal/excluded loci needed to recover the classified incidence table.			ckc:208
unresolved_source_parameter_constraints_missing_from_local_payload					parameterized	YES	209	extracted	S0_UNVALIDATED_SOURCE_RECORD	SOURCE_PRESENTATION_PAIRWISE_COMPARISON_NOT_GEOMETRY_COLLAPSE		8bbf1dff732529afb634f4a24c1d250d3e7ff3a54c79cbfd9c3584e4bca1622b			PARAMETERIZED_FAMILY				presentation_level_only_geometry_identity_unresolved							not_applicable_uncomputed			209	eight_plane_arrangement_family						False	The software can parse and test the symbolic family, but the local CKC payload does not include the parameter ideal/excluded loci needed to recover the classified incidence table.			ckc:209
unresolved_source_parameter_constraints_missing_from_local_payload					parameterized	YES	210	extracted	S0_UNVALIDATED_SOURCE_RECORD	SOURCE_PRESENTATION_PAIRWISE_COMPARISON_NOT_GEOMETRY_COLLAPSE		8bbf1dff732529afb634f4a24c1d250d3e7ff3a54c79cbfd9c3584e4bca1622b			PARAMETERIZED_FAMILY				presentation_level_only_geometry_identity_unresolved							not_applicable_uncomputed			210	eight_plane_arrangement_family						False	The software can parse and test the symbolic family, but the local CKC payload does not include the parameter ideal/excluded loci needed to recover the classified incidence table.			ckc:210
unresolved_source_parameter_constraints_missing_from_local_payload					parameterized	YES	211	extracted	S0_UNVALIDATED_SOURCE_RECORD	SOURCE_PRESENTATION_PAIRWISE_COMPARISON_NOT_GEOMETRY_COLLAPSE		8bbf1dff732529afb634f4a24c1d250d3e7ff3a54c79cbfd9c3584e4bca1622b			PARAMETERIZED_FAMILY				presentation_level_only_geometry_identity_unresolved							not_applicable_uncomputed			211	eight_plane_arrangement_family						False	The software can parse and test the symbolic family, but the local CKC payload does not include the parameter ideal/excluded loci needed to recover the classified incidence table.			ckc:211
unresolved_source_parameter_constraints_missing_from_local_payload					parameterized	YES	212	extracted	S0_UNVALIDATED_SOURCE_RECORD	SOURCE_PRESENTATION_PAIRWISE_COMPARISON_NOT_GEOMETRY_COLLAPSE		8bbf1dff732529afb634f4a24c1d250d3e7ff3a54c79cbfd9c3584e4bca1622b			PARAMETERIZED_FAMILY				presentation_level_only_geometry_identity_unresolved							not_applicable_uncomputed			212	eight_plane_arrangement_family						False	The software can parse and test the symbolic family, but the local CKC payload does not include the parameter ideal/excluded loci needed to recover the classified incidence table.			ckc:212
unresolved_source_parameter_constraints_missing_from_local_payload					parameterized	YES	213	extracted	S0_UNVALIDATED_SOURCE_RECORD	SOURCE_PRESENTATION_PAIRWISE_COMPARISON_NOT_GEOMETRY_COLLAPSE		8bbf1dff732529afb634f4a24c1d250d3e7ff3a54c79cbfd9c3584e4bca1622b			PARAMETERIZED_FAMILY				presentation_level_only_geometry_identity_unresolved							not_applicable_uncomputed			213	eight_plane_arrangement_family						False	The software can parse and test the symbolic family, but the local CKC payload does not include the parameter ideal/excluded loci needed to recover the classified incidence table.			ckc:213
unresolved_source_parameter_constraints_missing_from_local_payload					parameterized	YES	214	extracted	S0_UNVALIDATED_SOURCE_RECORD	SOURCE_PRESENTATION_PAIRWISE_COMPARISON_NOT_GEOMETRY_COLLAPSE		8bbf1dff732529afb634f4a24c1d250d3e7ff3a54c79cbfd9c3584e4bca1622b			PARAMETERIZED_FAMILY				presentation_level_only_geometry_identity_unresolved							not_applicable_uncomputed			214	eight_plane_arrangement_family						False	The software can parse and test the symbolic family, but the local CKC payload does not include the parameter ideal/excluded loci needed to recover the classified incidence table.			ckc:214
unresolved_source_parameter_constraints_missing_from_local_payload					parameterized	YES	215	extracted	S0_UNVALIDATED_SOURCE_RECORD	SOURCE_PRESENTATION_PAIRWISE_COMPARISON_NOT_GEOMETRY_COLLAPSE		8bbf1dff732529afb634f4a24c1d250d3e7ff3a54c79cbfd9c3584e4bca1622b			PARAMETERIZED_FAMILY				presentation_level_only_geometry_identity_unresolved							not_applicable_uncomputed			215	eight_plane_arrangement_family						False	The software can parse and test the symbolic family, but the local CKC payload does not include the parameter ideal/excluded loci needed to recover the classified incidence table.			ckc:215
unresolved_source_parameter_constraints_missing_from_local_payload					parameterized	YES	216	extracted	S0_UNVALIDATED_SOURCE_RECORD	SOURCE_PRESENTATION_PAIRWISE_COMPARISON_NOT_GEOMETRY_COLLAPSE		8bbf1dff732529afb634f4a24c1d250d3e7ff3a54c79cbfd9c3584e4bca1622b			PARAMETERIZED_FAMILY				presentation_level_only_geometry_identity_unresolved							not_applicable_uncomputed			216	eight_plane_arrangement_family						False	The software can parse and test the symbolic family, but the local CKC payload does not include the parameter ideal/excluded loci needed to recover the classified incidence table.			ckc:216
unresolved_source_parameter_constraints_missing_from_local_payload					parameterized	YES	217	extracted	S0_UNVALIDATED_SOURCE_RECORD	SOURCE_PRESENTATION_PAIRWISE_COMPARISON_NOT_GEOMETRY_COLLAPSE		8bbf1dff732529afb634f4a24c1d250d3e7ff3a54c79cbfd9c3584e4bca1622b			PARAMETERIZED_FAMILY				presentation_level_only_geometry_identity_unresolved							not_applicable_uncomputed			217	eight_plane_arrangement_family						False	The software can parse and test the symbolic family, but the local CKC payload does not include the parameter ideal/excluded loci needed to recover the classified incidence table.			ckc:217
unresolved_source_parameter_constraints_missing_from_local_payload					parameterized	YES	218	extracted	S0_UNVALIDATED_SOURCE_RECORD	SOURCE_PRESENTATION_PAIRWISE_COMPARISON_NOT_GEOMETRY_COLLAPSE		8bbf1dff732529afb634f4a24c1d250d3e7ff3a54c79cbfd9c3584e4bca1622b			PARAMETERIZED_FAMILY				presentation_level_only_geometry_identity_unresolved							not_applicable_uncomputed			218	eight_plane_arrangement_family						False	The software can parse and test the symbolic family, but the local CKC payload does not include the parameter ideal/excluded loci needed to recover the classified incidence table.			ckc:218
unresolved_source_parameter_constraints_missing_from_local_payload					parameterized	YES	219	extracted	S0_UNVALIDATED_SOURCE_RECORD	SOURCE_PRESENTATION_PAIRWISE_COMPARISON_NOT_GEOMETRY_COLLAPSE		8bbf1dff732529afb634f4a24c1d250d3e7ff3a54c79cbfd9c3584e4bca1622b			PARAMETERIZED_FAMILY				presentation_level_only_geometry_identity_unresolved							not_applicable_uncomputed			219	eight_plane_arrangement_family						False	The software can parse and test the symbolic family, but the local CKC payload does not include the parameter ideal/excluded loci needed to recover the classified incidence table.			ckc:219
unresolved_source_parameter_constraints_missing_from_local_payload					parameterized	YES	220	extracted	S0_UNVALIDATED_SOURCE_RECORD	SOURCE_PRESENTATION_PAIRWISE_COMPARISON_NOT_GEOMETRY_COLLAPSE		8bbf1dff732529afb634f4a24c1d250d3e7ff3a54c79cbfd9c3584e4bca1622b			PARAMETERIZED_FAMILY				presentation_level_only_geometry_identity_unresolved							not_applicable_uncomputed			220	eight_plane_arrangement_family						False	The software can parse and test the symbolic family, but the local CKC payload does not include the parameter ideal/excluded loci needed to recover the classified incidence table.			ckc:220
unresolved_source_parameter_constraints_missing_from_local_payload					parameterized	YES	221	extracted	S0_UNVALIDATED_SOURCE_RECORD	SOURCE_PRESENTATION_PAIRWISE_COMPARISON_NOT_GEOMETRY_COLLAPSE		8bbf1dff732529afb634f4a24c1d250d3e7ff3a54c79cbfd9c3584e4bca1622b			PARAMETERIZED_FAMILY				presentation_level_only_geometry_identity_unresolved							not_applicable_uncomputed			221	eight_plane_arrangement_family						False	The software can parse and test the symbolic family, but the local CKC payload does not include the parameter ideal/excluded loci needed to recover the classified incidence table.			ckc:221
unresolved_source_parameter_constraints_missing_from_local_payload					parameterized	YES	222	extracted	S0_UNVALIDATED_SOURCE_RECORD	SOURCE_PRESENTATION_PAIRWISE_COMPARISON_NOT_GEOMETRY_COLLAPSE		8bbf1dff732529afb634f4a24c1d250d3e7ff3a54c79cbfd9c3584e4bca1622b			PARAMETERIZED_FAMILY				presentation_level_only_geometry_identity_unresolved							not_applicable_uncomputed			222	eight_plane_arrangement_family						False	The software can parse and test the symbolic family, but the local CKC payload does not include the parameter ideal/excluded loci needed to recover the classified incidence table.			ckc:222
unresolved_source_parameter_constraints_missing_from_local_payload					parameterized	YES	223	extracted	S0_UNVALIDATED_SOURCE_RECORD	SOURCE_PRESENTATION_PAIRWISE_COMPARISON_NOT_GEOMETRY_COLLAPSE		8bbf1dff732529afb634f4a24c1d250d3e7ff3a54c79cbfd9c3584e4bca1622b			PARAMETERIZED_FAMILY				presentation_level_only_geometry_identity_unresolved							not_applicable_uncomputed			223	eight_plane_arrangement_family						False	The software can parse and test the symbolic family, but the local CKC payload does not include the parameter ideal/excluded loci needed to recover the classified incidence table.			ckc:223
unresolved_source_parameter_constraints_missing_from_local_payload					parameterized	YES	224	extracted	S0_UNVALIDATED_SOURCE_RECORD	SOURCE_PRESENTATION_PAIRWISE_COMPARISON_NOT_GEOMETRY_COLLAPSE		8bbf1dff732529afb634f4a24c1d250d3e7ff3a54c79cbfd9c3584e4bca1622b			PARAMETERIZED_FAMILY				presentation_level_only_geometry_identity_unresolved							not_applicable_uncomputed			224	eight_plane_arrangement_family						False	The software can parse and test the symbolic family, but the local CKC payload does not include the parameter ideal/excluded loci needed to recover the classified incidence table.			ckc:224
unresolved_source_parameter_constraints_missing_from_local_payload					parameterized	YES	225	extracted	S0_UNVALIDATED_SOURCE_RECORD	SOURCE_PRESENTATION_PAIRWISE_COMPARISON_NOT_GEOMETRY_COLLAPSE		8bbf1dff732529afb634f4a24c1d250d3e7ff3a54c79cbfd9c3584e4bca1622b			PARAMETERIZED_FAMILY				presentation_level_only_geometry_identity_unresolved							not_applicable_uncomputed			225	eight_plane_arrangement_family						False	The software can parse and test the symbolic family, but the local CKC payload does not include the parameter ideal/excluded loci needed to recover the classified incidence table.			ckc:225
unresolved_source_parameter_constraints_missing_from_local_payload					parameterized	YES	226	extracted	S0_UNVALIDATED_SOURCE_RECORD	SOURCE_PRESENTATION_PAIRWISE_COMPARISON_NOT_GEOMETRY_COLLAPSE		8bbf1dff732529afb634f4a24c1d250d3e7ff3a54c79cbfd9c3584e4bca1622b			PARAMETERIZED_FAMILY				presentation_level_only_geometry_identity_unresolved							not_applicable_uncomputed			226	eight_plane_arrangement_family						False	The software can parse and test the symbolic family, but the local CKC payload does not include the parameter ideal/excluded loci needed to recover the classified incidence table.			ckc:226
unresolved_source_parameter_constraints_missing_from_local_payload					parameterized	YES	227	extracted	S0_UNVALIDATED_SOURCE_RECORD	SOURCE_PRESENTATION_PAIRWISE_COMPARISON_NOT_GEOMETRY_COLLAPSE		8bbf1dff732529afb634f4a24c1d250d3e7ff3a54c79cbfd9c3584e4bca1622b			PARAMETERIZED_FAMILY				presentation_level_only_geometry_identity_unresolved							not_applicable_uncomputed			227	eight_plane_arrangement_family						False	The software can parse and test the symbolic family, but the local CKC payload does not include the parameter ideal/excluded loci needed to recover the classified incidence table.			ckc:227
unresolved_source_parameter_constraints_missing_from_local_payload					parameterized	YES	228	extracted	S0_UNVALIDATED_SOURCE_RECORD	SOURCE_PRESENTATION_PAIRWISE_COMPARISON_NOT_GEOMETRY_COLLAPSE		8bbf1dff732529afb634f4a24c1d250d3e7ff3a54c79cbfd9c3584e4bca1622b			PARAMETERIZED_FAMILY				presentation_level_only_geometry_identity_unresolved							not_applicable_uncomputed			228	eight_plane_arrangement_family						False	The software can parse and test the symbolic family, but the local CKC payload does not include the parameter ideal/excluded loci needed to recover the classified incidence table.			ckc:228
unresolved_source_parameter_constraints_missing_from_local_payload					parameterized	YES	229	extracted	S0_UNVALIDATED_SOURCE_RECORD	SOURCE_PRESENTATION_PAIRWISE_COMPARISON_NOT_GEOMETRY_COLLAPSE		8bbf1dff732529afb634f4a24c1d250d3e7ff3a54c79cbfd9c3584e4bca1622b			PARAMETERIZED_FAMILY				presentation_level_only_geometry_identity_unresolved							not_applicable_uncomputed			229	eight_plane_arrangement_family						False	The software can parse and test the symbolic family, but the local CKC payload does not include the parameter ideal/excluded loci needed to recover the classified incidence table.			ckc:229
unresolved_source_parameter_constraints_missing_from_local_payload					parameterized	YES	230	extracted	S0_UNVALIDATED_SOURCE_RECORD	SOURCE_PRESENTATION_PAIRWISE_COMPARISON_NOT_GEOMETRY_COLLAPSE		8bbf1dff732529afb634f4a24c1d250d3e7ff3a54c79cbfd9c3584e4bca1622b			PARAMETERIZED_FAMILY				presentation_level_only_geometry_identity_unresolved							not_applicable_uncomputed			230	eight_plane_arrangement_family						False	The software can parse and test the symbolic family, but the local CKC payload does not include the parameter ideal/excluded loci needed to recover the classified incidence table.			ckc:230
unresolved_source_parameter_constraints_missing_from_local_payload					parameterized	YES	231	extracted	S0_UNVALIDATED_SOURCE_RECORD	SOURCE_PRESENTATION_PAIRWISE_COMPARISON_NOT_GEOMETRY_COLLAPSE		8bbf1dff732529afb634f4a24c1d250d3e7ff3a54c79cbfd9c3584e4bca1622b			PARAMETERIZED_FAMILY				presentation_level_only_geometry_identity_unresolved							not_applicable_uncomputed			231	eight_plane_arrangement_family						False	The software can parse and test the symbolic family, but the local CKC payload does not include the parameter ideal/excluded loci needed to recover the classified incidence table.			ckc:231
unresolved_source_parameter_constraints_missing_from_local_payload					parameterized	YES	232	extracted	S0_UNVALIDATED_SOURCE_RECORD	SOURCE_PRESENTATION_PAIRWISE_COMPARISON_NOT_GEOMETRY_COLLAPSE		8bbf1dff732529afb634f4a24c1d250d3e7ff3a54c79cbfd9c3584e4bca1622b			PARAMETERIZED_FAMILY				presentation_level_only_geometry_identity_unresolved							not_applicable_uncomputed			232	eight_plane_arrangement_family						False	The software can parse and test the symbolic family, but the local CKC payload does not include the parameter ideal/excluded loci needed to recover the classified incidence table.			ckc:232
unresolved_source_parameter_constraints_missing_from_local_payload					parameterized	YES	233	extracted	S0_UNVALIDATED_SOURCE_RECORD	SOURCE_PRESENTATION_PAIRWISE_COMPARISON_NOT_GEOMETRY_COLLAPSE		8bbf1dff732529afb634f4a24c1d250d3e7ff3a54c79cbfd9c3584e4bca1622b			PARAMETERIZED_FAMILY				presentation_level_only_geometry_identity_unresolved							not_applicable_uncomputed			233	eight_plane_arrangement_family						False	The software can parse and test the symbolic family, but the local CKC payload does not include the parameter ideal/excluded loci needed to recover the classified incidence table.			ckc:233
unresolved_source_parameter_constraints_missing_from_local_payload					parameterized	YES	234	extracted	S0_UNVALIDATED_SOURCE_RECORD	SOURCE_PRESENTATION_PAIRWISE_COMPARISON_NOT_GEOMETRY_COLLAPSE		8bbf1dff732529afb634f4a24c1d250d3e7ff3a54c79cbfd9c3584e4bca1622b			PARAMETERIZED_FAMILY				presentation_level_only_geometry_identity_unresolved							not_applicable_uncomputed			234	eight_plane_arrangement_family						False	The software can parse and test the symbolic family, but the local CKC payload does not include the parameter ideal/excluded loci needed to recover the classified incidence table.			ckc:234
unresolved_source_parameter_constraints_missing_from_local_payload					parameterized	YES	235	extracted	S0_UNVALIDATED_SOURCE_RECORD	SOURCE_PRESENTATION_PAIRWISE_COMPARISON_NOT_GEOMETRY_COLLAPSE		8bbf1dff732529afb634f4a24c1d250d3e7ff3a54c79cbfd9c3584e4bca1622b			PARAMETERIZED_FAMILY				presentation_level_only_geometry_identity_unresolved							not_applicable_uncomputed			235	eight_plane_arrangement_family						False	The software can parse and test the symbolic family, but the local CKC payload does not include the parameter ideal/excluded loci needed to recover the classified incidence table.			ckc:235
unresolved_source_parameter_constraints_missing_from_local_payload					parameterized	YES	236	extracted	S0_UNVALIDATED_SOURCE_RECORD	SOURCE_PRESENTATION_PAIRWISE_COMPARISON_NOT_GEOMETRY_COLLAPSE		8bbf1dff732529afb634f4a24c1d250d3e7ff3a54c79cbfd9c3584e4bca1622b			PARAMETERIZED_FAMILY				presentation_level_only_geometry_identity_unresolved							not_applicable_uncomputed			236	eight_plane_arrangement_family						False	The software can parse and test the symbolic family, but the local CKC payload does not include the parameter ideal/excluded loci needed to recover the classified incidence table.			ckc:236
unresolved_source_parameter_constraints_missing_from_local_payload					parameterized	YES	237	extracted	S0_UNVALIDATED_SOURCE_RECORD	SOURCE_PRESENTATION_PAIRWISE_COMPARISON_NOT_GEOMETRY_COLLAPSE		8bbf1dff732529afb634f4a24c1d250d3e7ff3a54c79cbfd9c3584e4bca1622b			PARAMETERIZED_FAMILY				presentation_level_only_geometry_identity_unresolved							not_applicable_uncomputed			237	eight_plane_arrangement_family						False	The software can parse and test the symbolic family, but the local CKC payload does not include the parameter ideal/excluded loci needed to recover the classified incidence table.			ckc:237
computed_exact_two_stratum_source_assembly	equivariant:293e7dab639ec2deeb5ea84fdc5190c1920d1931bf169fb1e8e163c50ee7db29	integral:51c7cb95decd38422c44283d0e6eb91ed616e9a348458fbd64a9bd2e0afef4b1	rational:405da6b6fa75a4fb255b0f47f73b366ab6d9c8c909e858a6f48b2786468e6a22	192	fixed_rational	NO	238	extracted	S1_SOURCE_RECOMPUTED	SOURCE_PRESENTATION_PAIRWISE_COMPARISON_NOT_GEOMETRY_COLLAPSE	0	8bbf1dff732529afb634f4a24c1d250d3e7ff3a54c79cbfd9c3584e4bca1622b		[12,16]	PRESENTATION	equivariant:a8b1461451db335606ad94e017905a6a40426a06936b771749e0f2670cfe1833			presentation_level_only_geometry_identity_unresolved	integral:302de856777e06b1742b9c8d82b0be565d186602026844a0312bda18a65639a5	8	"{""l3"":0,""p3"":8,""p4_0"":12,""p4_1"":0,""p5_0"":0,""p5_1"":0,""p5_2"":0}"	p3=8;p4_0=12;p4_1=0;p5_0=0;p5_1=0;p5_2=0;l3=0	bd2be19ea69fb59b5c36d23626f64f2b5cd4b19a9ce7a14ff18d125cb7214814	research_outputs/hodgecy_ii/source_assembly_deep_dive/all_456_source_assembly_matrices/source_assembly_matrix_238.json	stored_exact_integer_incidence_matrix	[8,12]	[8]	238	eight_plane_arrangement_fixed_candidate	16	20	rational:9b5e953420f34aba2b444b9acf1b90d38c3a5e9f1f49e7b71990a6a4043284d3	[1,1,1,1,1,1,1,1,1,1,1,1,1,1,1,1,4,4,4,12]	1^16,4^3,12	True		[4,4,4,12]	[2,3]	ckc:238
computed_exact_two_stratum_source_assembly	equivariant:0d480f7fd07bcb080743f003b1309d6316290817ea1177055ea1514979fd13df	integral:6e71b52edeb7fb43a2d3c314484508c54ae48ffb13fe4d4236e29aabbd1f003c	rational:9d168feab7fd7642ecf30d07dacb9d15e40c068b5c91076c9135e77bc9b74af3	24	fixed_rational	NO	239	extracted	S1_SOURCE_RECOMPUTED	SOURCE_PRESENTATION_PAIRWISE_COMPARISON_NOT_GEOMETRY_COLLAPSE	0	8bbf1dff732529afb634f4a24c1d250d3e7ff3a54c79cbfd9c3584e4bca1622b		[4,6,6,12]	PRESENTATION	equivariant:da791f3314b04bc7ad5ee4a57268e1aee1478097951fe42c6214fb42eafa2990			presentation_level_only_geometry_identity_unresolved	integral:15bb35006501ffbe975fa63f8653bb4ac69d51f0574a9badbfb79778e04c52f5	2	"{""l3"":0,""p3"":16,""p4_0"":10,""p4_1"":0,""p5_0"":0,""p5_1"":0,""p5_2"":0}"	p3=16;p4_0=10;p4_1=0;p5_0=0;p5_1=0;p5_2=0;l3=0	254e402e76f50ae9384f69e4215cfe9f580db0576ece6cfe57ee698cc3beb188	research_outputs/hodgecy_ii/source_assembly_deep_dive/all_456_source_assembly_matrices/source_assembly_matrix_239.json	stored_exact_integer_incidence_matrix	[4,4,6,12]	[4,4]	239	eight_plane_arrangement_fixed_candidate	21	26	rational:7fd30f3ecd2e87dc8be51f423d5c008e85920f600f819d6a6af453f0261da336	[1,1,1,1,1,1,1,1,1,1,1,1,1,1,1,1,1,1,1,1,1,2,4,4,4,12]	1^21,2,4^3,12	True		[2,4,4,4,12]	[2,3]	ckc:239
computed_exact_two_stratum_source_assembly	equivariant:1a02b414b33e84e6a398b214bc2682820f5dc5f7a593654b29418954633bf73b	integral:0f35cfa13ab162d82ff72b9eefe774ef9525849e3b621dab8bbf942c57f53985	rational:9d168feab7fd7642ecf30d07dacb9d15e40c068b5c91076c9135e77bc9b74af3	6	fixed_rational	NO	240	extracted	S1_SOURCE_RECOMPUTED	SOURCE_PRESENTATION_PAIRWISE_COMPARISON_NOT_GEOMETRY_COLLAPSE	0	8bbf1dff732529afb634f4a24c1d250d3e7ff3a54c79cbfd9c3584e4bca1622b		[1,3,3,3,3,3,3,3,6]	PRESENTATION	equivariant:487ca377cbb46ca12052bcab5a579c5161f7759b033eb50dadcac48328717778			presentation_level_only_geometry_identity_unresolved	integral:77b0dc10bbad613ebed3ee2c92525d0d49181ba614620568a0cd3ccf52a6fb14	2	"{""l3"":0,""p3"":16,""p4_0"":10,""p4_1"":0,""p5_0"":0,""p5_1"":0,""p5_2"":0}"	p3=16;p4_0=10;p4_1=0;p5_0=0;p5_1=0;p5_2=0;l3=0	142ead44cd6555dd31821dbdbb42c9fb06910ee95ae57cb6a5c1c309f3c519ba	research_outputs/hodgecy_ii/source_assembly_deep_dive/all_456_source_assembly_matrices/source_assembly_matrix_240.json	stored_exact_integer_incidence_matrix	[1,1,3,3,3,3,3,3,6]	[1,1,3,3]	240	eight_plane_arrangement_fixed_candidate	23	26	rational:7fd30f3ecd2e87dc8be51f423d5c008e85920f600f819d6a6af453f0261da336	[1,1,1,1,1,1,1,1,1,1,1,1,1,1,1,1,1,1,1,1,1,1,1,2,6,12]	1^23,2,6,12	True		[2,6,12]	[2,3]	ckc:240
computed_exact_two_stratum_source_assembly	equivariant:f308bc01d071aafc31cb16a5f5eb6dd197ac9e191ef086cdc51d7f235cde7f45	integral:6d7364b1b430714f158be54459f86f79bc76a2030464babcc8364e9ea44169f6	rational:462f2b410aba3c0f73eff388afc3cb45413ea2adfe72bcd2b7aa3687f77a4ae0	32	fixed_rational	NO	241	extracted	S1_SOURCE_RECOMPUTED	SOURCE_PRESENTATION_PAIRWISE_COMPARISON_NOT_GEOMETRY_COLLAPSE	2	8bbf1dff732529afb634f4a24c1d250d3e7ff3a54c79cbfd9c3584e4bca1622b		[4,8,16]	PRESENTATION	equivariant:b4af3409f215940d655fe7b2876b1d5074d63e34854aa8e92402d22db34dc111			presentation_level_only_geometry_identity_unresolved	integral:c401b36bf439663552e0be5faa1aae77562041b497e088ee7c32b7bec66dd958	4	"{""l3"":0,""p3"":16,""p4_0"":10,""p4_1"":0,""p5_0"":0,""p5_1"":0,""p5_2"":0}"	p3=16;p4_0=10;p4_1=0;p5_0=0;p5_1=0;p5_2=0;l3=0	7569479f7d1fcde8fd6930dbf48244f5377ae406d72eccfef45d0acf8cb313ed	research_outputs/hodgecy_ii/source_assembly_deep_dive/all_456_source_assembly_matrices/source_assembly_matrix_241.json	stored_exact_integer_incidence_matrix	[2,8,16]	[8]	241	eight_plane_arrangement_fixed_candidate	24	24	rational:65362ed7780922104a452e9ca15f617e04d5e9a9f061227f873414cada77c5d2	[1,1,1,1,1,1,1,1,1,1,1,1,1,1,1,1,1,1,1,3,3,3,3,3]	1^19,3^5	True		[3,3,3,3,3]	[3]	ckc:241
unresolved_source_parameter_constraints_missing_from_local_payload					parameterized	YES	242	extracted	S0_UNVALIDATED_SOURCE_RECORD	SOURCE_PRESENTATION_PAIRWISE_COMPARISON_NOT_GEOMETRY_COLLAPSE		8bbf1dff732529afb634f4a24c1d250d3e7ff3a54c79cbfd9c3584e4bca1622b			PARAMETERIZED_FAMILY				presentation_level_only_geometry_identity_unresolved							not_applicable_uncomputed			242	eight_plane_arrangement_family						False	The software can parse and test the symbolic family, but the local CKC payload does not include the parameter ideal/excluded loci needed to recover the classified incidence table.			ckc:242
unresolved_source_parameter_constraints_missing_from_local_payload					parameterized	YES	243	extracted	S0_UNVALIDATED_SOURCE_RECORD	SOURCE_PRESENTATION_PAIRWISE_COMPARISON_NOT_GEOMETRY_COLLAPSE		8bbf1dff732529afb634f4a24c1d250d3e7ff3a54c79cbfd9c3584e4bca1622b			PARAMETERIZED_FAMILY				presentation_level_only_geometry_identity_unresolved							not_applicable_uncomputed			243	eight_plane_arrangement_family						False	The software can parse and test the symbolic family, but the local CKC payload does not include the parameter ideal/excluded loci needed to recover the classified incidence table.			ckc:243
unresolved_source_parameter_constraints_missing_from_local_payload					parameterized	YES	244	extracted	S0_UNVALIDATED_SOURCE_RECORD	SOURCE_PRESENTATION_PAIRWISE_COMPARISON_NOT_GEOMETRY_COLLAPSE		8bbf1dff732529afb634f4a24c1d250d3e7ff3a54c79cbfd9c3584e4bca1622b			PARAMETERIZED_FAMILY				presentation_level_only_geometry_identity_unresolved							not_applicable_uncomputed			244	eight_plane_arrangement_family						False	The software can parse and test the symbolic family, but the local CKC payload does not include the parameter ideal/excluded loci needed to recover the classified incidence table.			ckc:244
computed_exact_two_stratum_source_assembly	equivariant:6dc241cbd454931756deee3847164797a7219b7f9fc02ad865bc8ed4262596f4	integral:fb764fc756f722a1b5e4f70eee790c679597e9b87c03065064b78e8c6b1d23b2	rational:84e97413f1ec74450843281a3416cdaeec8f147bd0a22079648de98ef9574d4d	2	fixed_rational	NO	245	extracted	S1_SOURCE_RECOMPUTED	SOURCE_PRESENTATION_PAIRWISE_COMPARISON_NOT_GEOMETRY_COLLAPSE	2	8bbf1dff732529afb634f4a24c1d250d3e7ff3a54c79cbfd9c3584e4bca1622b		[1,1,1,1,1,1,1,1,2,2,2,2,2,2,2,2,2,2]	PRESENTATION	equivariant:43505806722257774316c4ae2723a33fa685131ad7948cc7aa019eda4438791c			presentation_level_only_geometry_identity_unresolved	integral:e2d3d09e0d57ca26ce785f37f4670d606074766259e7aed809f1f4e1d1760988	1	"{""l3"":0,""p3"":20,""p4_0"":9,""p4_1"":0,""p5_0"":0,""p5_1"":0,""p5_2"":0}"	p3=20;p4_0=9;p4_1=0;p5_0=0;p5_1=0;p5_2=0;l3=0	ee0c82ae85802467ef2e52e176ce6b8e832cb2804bc3837b34f4acd70a35e2aa	research_outputs/hodgecy_ii/source_assembly_deep_dive/all_456_source_assembly_matrices/source_assembly_matrix_245.json	stored_exact_integer_incidence_matrix	[1,1,1,1,1,1,1,2,2,2,2,2,2,2,2,2,2,2]	[1,1,1,1,2,2]	245	eight_plane_arrangement_fixed_candidate	24	27	rational:b2d4d61e290a262226989972538a9fa6be5e0ea689b64af4fd2b00959a25a3f1	[1,1,1,1,1,1,1,1,1,1,1,1,1,1,1,1,1,1,1,1,1,1,1,1,2,2,12]	1^24,2^2,12	True		[2,2,12]	[2,3]	ckc:245
unresolved_source_parameter_constraints_missing_from_local_payload					parameterized	YES	246	extracted	S0_UNVALIDATED_SOURCE_RECORD	SOURCE_PRESENTATION_PAIRWISE_COMPARISON_NOT_GEOMETRY_COLLAPSE		8bbf1dff732529afb634f4a24c1d250d3e7ff3a54c79cbfd9c3584e4bca1622b			PARAMETERIZED_FAMILY				presentation_level_only_geometry_identity_unresolved							not_applicable_uncomputed			246	eight_plane_arrangement_family						False	The software can parse and test the symbolic family, but the local CKC payload does not include the parameter ideal/excluded loci needed to recover the classified incidence table.			ckc:246
unresolved_source_parameter_constraints_missing_from_local_payload					parameterized	YES	247	extracted	S0_UNVALIDATED_SOURCE_RECORD	SOURCE_PRESENTATION_PAIRWISE_COMPARISON_NOT_GEOMETRY_COLLAPSE		8bbf1dff732529afb634f4a24c1d250d3e7ff3a54c79cbfd9c3584e4bca1622b			PARAMETERIZED_FAMILY				presentation_level_only_geometry_identity_unresolved							not_applicable_uncomputed			247	eight_plane_arrangement_family						False	The software can parse and test the symbolic family, but the local CKC payload does not include the parameter ideal/excluded loci needed to recover the classified incidence table.			ckc:247
unresolved_source_parameter_constraints_missing_from_local_payload					parameterized	YES	248	extracted	S0_UNVALIDATED_SOURCE_RECORD	SOURCE_PRESENTATION_PAIRWISE_COMPARISON_NOT_GEOMETRY_COLLAPSE		8bbf1dff732529afb634f4a24c1d250d3e7ff3a54c79cbfd9c3584e4bca1622b			PARAMETERIZED_FAMILY				presentation_level_only_geometry_identity_unresolved							not_applicable_uncomputed			248	eight_plane_arrangement_family						False	The software can parse and test the symbolic family, but the local CKC payload does not include the parameter ideal/excluded loci needed to recover the classified incidence table.			ckc:248
unresolved_source_parameter_constraints_missing_from_local_payload					parameterized	YES	249	extracted	S0_UNVALIDATED_SOURCE_RECORD	SOURCE_PRESENTATION_PAIRWISE_COMPARISON_NOT_GEOMETRY_COLLAPSE		8bbf1dff732529afb634f4a24c1d250d3e7ff3a54c79cbfd9c3584e4bca1622b			PARAMETERIZED_FAMILY				presentation_level_only_geometry_identity_unresolved							not_applicable_uncomputed			249	eight_plane_arrangement_family						False	The software can parse and test the symbolic family, but the local CKC payload does not include the parameter ideal/excluded loci needed to recover the classified incidence table.			ckc:249
unresolved_source_parameter_constraints_missing_from_local_payload					parameterized	YES	250	extracted	S0_UNVALIDATED_SOURCE_RECORD	SOURCE_PRESENTATION_PAIRWISE_COMPARISON_NOT_GEOMETRY_COLLAPSE		8bbf1dff732529afb634f4a24c1d250d3e7ff3a54c79cbfd9c3584e4bca1622b			PARAMETERIZED_FAMILY				presentation_level_only_geometry_identity_unresolved							not_applicable_uncomputed			250	eight_plane_arrangement_family						False	The software can parse and test the symbolic family, but the local CKC payload does not include the parameter ideal/excluded loci needed to recover the classified incidence table.			ckc:250
unresolved_source_parameter_constraints_missing_from_local_payload					parameterized	YES	251	extracted	S0_UNVALIDATED_SOURCE_RECORD	SOURCE_PRESENTATION_PAIRWISE_COMPARISON_NOT_GEOMETRY_COLLAPSE		8bbf1dff732529afb634f4a24c1d250d3e7ff3a54c79cbfd9c3584e4bca1622b			PARAMETERIZED_FAMILY				presentation_level_only_geometry_identity_unresolved							not_applicable_uncomputed			251	eight_plane_arrangement_family						False	The software can parse and test the symbolic family, but the local CKC payload does not include the parameter ideal/excluded loci needed to recover the classified incidence table.			ckc:251
unresolved_source_parameter_constraints_missing_from_local_payload					parameterized	YES	252	extracted	S0_UNVALIDATED_SOURCE_RECORD	SOURCE_PRESENTATION_PAIRWISE_COMPARISON_NOT_GEOMETRY_COLLAPSE		8bbf1dff732529afb634f4a24c1d250d3e7ff3a54c79cbfd9c3584e4bca1622b			PARAMETERIZED_FAMILY				presentation_level_only_geometry_identity_unresolved							not_applicable_uncomputed			252	eight_plane_arrangement_family						False	The software can parse and test the symbolic family, but the local CKC payload does not include the parameter ideal/excluded loci needed to recover the classified incidence table.			ckc:252
unresolved_source_parameter_constraints_missing_from_local_payload					parameterized	YES	253	extracted	S0_UNVALIDATED_SOURCE_RECORD	SOURCE_PRESENTATION_PAIRWISE_COMPARISON_NOT_GEOMETRY_COLLAPSE		8bbf1dff732529afb634f4a24c1d250d3e7ff3a54c79cbfd9c3584e4bca1622b			PARAMETERIZED_FAMILY				presentation_level_only_geometry_identity_unresolved							not_applicable_uncomputed			253	eight_plane_arrangement_family						False	The software can parse and test the symbolic family, but the local CKC payload does not include the parameter ideal/excluded loci needed to recover the classified incidence table.			ckc:253
unresolved_source_parameter_constraints_missing_from_local_payload					parameterized	YES	254	extracted	S0_UNVALIDATED_SOURCE_RECORD	SOURCE_PRESENTATION_PAIRWISE_COMPARISON_NOT_GEOMETRY_COLLAPSE		8bbf1dff732529afb634f4a24c1d250d3e7ff3a54c79cbfd9c3584e4bca1622b			PARAMETERIZED_FAMILY				presentation_level_only_geometry_identity_unresolved							not_applicable_uncomputed			254	eight_plane_arrangement_family						False	The software can parse and test the symbolic family, but the local CKC payload does not include the parameter ideal/excluded loci needed to recover the classified incidence table.			ckc:254
unresolved_source_parameter_constraints_missing_from_local_payload					parameterized	YES	255	extracted	S0_UNVALIDATED_SOURCE_RECORD	SOURCE_PRESENTATION_PAIRWISE_COMPARISON_NOT_GEOMETRY_COLLAPSE		8bbf1dff732529afb634f4a24c1d250d3e7ff3a54c79cbfd9c3584e4bca1622b			PARAMETERIZED_FAMILY				presentation_level_only_geometry_identity_unresolved							not_applicable_uncomputed			255	eight_plane_arrangement_family						False	The software can parse and test the symbolic family, but the local CKC payload does not include the parameter ideal/excluded loci needed to recover the classified incidence table.			ckc:255
unresolved_source_parameter_constraints_missing_from_local_payload					parameterized	YES	256	extracted	S0_UNVALIDATED_SOURCE_RECORD	SOURCE_PRESENTATION_PAIRWISE_COMPARISON_NOT_GEOMETRY_COLLAPSE		8bbf1dff732529afb634f4a24c1d250d3e7ff3a54c79cbfd9c3584e4bca1622b			PARAMETERIZED_FAMILY				presentation_level_only_geometry_identity_unresolved							not_applicable_uncomputed			256	eight_plane_arrangement_family						False	The software can parse and test the symbolic family, but the local CKC payload does not include the parameter ideal/excluded loci needed to recover the classified incidence table.			ckc:256
unresolved_source_parameter_constraints_missing_from_local_payload					parameterized	YES	257	extracted	S0_UNVALIDATED_SOURCE_RECORD	SOURCE_PRESENTATION_PAIRWISE_COMPARISON_NOT_GEOMETRY_COLLAPSE		8bbf1dff732529afb634f4a24c1d250d3e7ff3a54c79cbfd9c3584e4bca1622b			PARAMETERIZED_FAMILY				presentation_level_only_geometry_identity_unresolved							not_applicable_uncomputed			257	eight_plane_arrangement_family						False	The software can parse and test the symbolic family, but the local CKC payload does not include the parameter ideal/excluded loci needed to recover the classified incidence table.			ckc:257
unresolved_source_parameter_constraints_missing_from_local_payload					parameterized	YES	258	extracted	S0_UNVALIDATED_SOURCE_RECORD	SOURCE_PRESENTATION_PAIRWISE_COMPARISON_NOT_GEOMETRY_COLLAPSE		8bbf1dff732529afb634f4a24c1d250d3e7ff3a54c79cbfd9c3584e4bca1622b			PARAMETERIZED_FAMILY				presentation_level_only_geometry_identity_unresolved							not_applicable_uncomputed			258	eight_plane_arrangement_family						False	The software can parse and test the symbolic family, but the local CKC payload does not include the parameter ideal/excluded loci needed to recover the classified incidence table.			ckc:258
unresolved_source_parameter_constraints_missing_from_local_payload					parameterized	YES	259	extracted	S0_UNVALIDATED_SOURCE_RECORD	SOURCE_PRESENTATION_PAIRWISE_COMPARISON_NOT_GEOMETRY_COLLAPSE		8bbf1dff732529afb634f4a24c1d250d3e7ff3a54c79cbfd9c3584e4bca1622b			PARAMETERIZED_FAMILY				presentation_level_only_geometry_identity_unresolved							not_applicable_uncomputed			259	eight_plane_arrangement_family						False	The software can parse and test the symbolic family, but the local CKC payload does not include the parameter ideal/excluded loci needed to recover the classified incidence table.			ckc:259
unresolved_source_parameter_constraints_missing_from_local_payload					parameterized	YES	260	extracted	S0_UNVALIDATED_SOURCE_RECORD	SOURCE_PRESENTATION_PAIRWISE_COMPARISON_NOT_GEOMETRY_COLLAPSE		8bbf1dff732529afb634f4a24c1d250d3e7ff3a54c79cbfd9c3584e4bca1622b			PARAMETERIZED_FAMILY				presentation_level_only_geometry_identity_unresolved							not_applicable_uncomputed			260	eight_plane_arrangement_family						False	The software can parse and test the symbolic family, but the local CKC payload does not include the parameter ideal/excluded loci needed to recover the classified incidence table.			ckc:260
unresolved_source_parameter_constraints_missing_from_local_payload					parameterized	YES	261	extracted	S0_UNVALIDATED_SOURCE_RECORD	SOURCE_PRESENTATION_PAIRWISE_COMPARISON_NOT_GEOMETRY_COLLAPSE		8bbf1dff732529afb634f4a24c1d250d3e7ff3a54c79cbfd9c3584e4bca1622b			PARAMETERIZED_FAMILY				presentation_level_only_geometry_identity_unresolved							not_applicable_uncomputed			261	eight_plane_arrangement_family						False	The software can parse and test the symbolic family, but the local CKC payload does not include the parameter ideal/excluded loci needed to recover the classified incidence table.			ckc:261
unresolved_source_parameter_constraints_missing_from_local_payload					parameterized	YES	262	extracted	S0_UNVALIDATED_SOURCE_RECORD	SOURCE_PRESENTATION_PAIRWISE_COMPARISON_NOT_GEOMETRY_COLLAPSE		8bbf1dff732529afb634f4a24c1d250d3e7ff3a54c79cbfd9c3584e4bca1622b			PARAMETERIZED_FAMILY				presentation_level_only_geometry_identity_unresolved							not_applicable_uncomputed			262	eight_plane_arrangement_family						False	The software can parse and test the symbolic family, but the local CKC payload does not include the parameter ideal/excluded loci needed to recover the classified incidence table.			ckc:262
unresolved_source_parameter_constraints_missing_from_local_payload					parameterized	YES	263	extracted	S0_UNVALIDATED_SOURCE_RECORD	SOURCE_PRESENTATION_PAIRWISE_COMPARISON_NOT_GEOMETRY_COLLAPSE		8bbf1dff732529afb634f4a24c1d250d3e7ff3a54c79cbfd9c3584e4bca1622b			PARAMETERIZED_FAMILY				presentation_level_only_geometry_identity_unresolved							not_applicable_uncomputed			263	eight_plane_arrangement_family						False	The software can parse and test the symbolic family, but the local CKC payload does not include the parameter ideal/excluded loci needed to recover the classified incidence table.			ckc:263
unresolved_source_parameter_constraints_missing_from_local_payload					parameterized	YES	264	extracted	S0_UNVALIDATED_SOURCE_RECORD	SOURCE_PRESENTATION_PAIRWISE_COMPARISON_NOT_GEOMETRY_COLLAPSE		8bbf1dff732529afb634f4a24c1d250d3e7ff3a54c79cbfd9c3584e4bca1622b			PARAMETERIZED_FAMILY				presentation_level_only_geometry_identity_unresolved							not_applicable_uncomputed			264	eight_plane_arrangement_family						False	The software can parse and test the symbolic family, but the local CKC payload does not include the parameter ideal/excluded loci needed to recover the classified incidence table.			ckc:264
unresolved_source_parameter_constraints_missing_from_local_payload					parameterized	YES	265	extracted	S0_UNVALIDATED_SOURCE_RECORD	SOURCE_PRESENTATION_PAIRWISE_COMPARISON_NOT_GEOMETRY_COLLAPSE		8bbf1dff732529afb634f4a24c1d250d3e7ff3a54c79cbfd9c3584e4bca1622b			PARAMETERIZED_FAMILY				presentation_level_only_geometry_identity_unresolved							not_applicable_uncomputed			265	eight_plane_arrangement_family						False	The software can parse and test the symbolic family, but the local CKC payload does not include the parameter ideal/excluded loci needed to recover the classified incidence table.			ckc:265
unresolved_source_parameter_constraints_missing_from_local_payload					parameterized	YES	266	extracted	S0_UNVALIDATED_SOURCE_RECORD	SOURCE_PRESENTATION_PAIRWISE_COMPARISON_NOT_GEOMETRY_COLLAPSE		8bbf1dff732529afb634f4a24c1d250d3e7ff3a54c79cbfd9c3584e4bca1622b			PARAMETERIZED_FAMILY				presentation_level_only_geometry_identity_unresolved							not_applicable_uncomputed			266	eight_plane_arrangement_family						False	The software can parse and test the symbolic family, but the local CKC payload does not include the parameter ideal/excluded loci needed to recover the classified incidence table.			ckc:266
unresolved_source_parameter_constraints_missing_from_local_payload					parameterized	YES	267	extracted	S0_UNVALIDATED_SOURCE_RECORD	SOURCE_PRESENTATION_PAIRWISE_COMPARISON_NOT_GEOMETRY_COLLAPSE		8bbf1dff732529afb634f4a24c1d250d3e7ff3a54c79cbfd9c3584e4bca1622b			PARAMETERIZED_FAMILY				presentation_level_only_geometry_identity_unresolved							not_applicable_uncomputed			267	eight_plane_arrangement_family						False	The software can parse and test the symbolic family, but the local CKC payload does not include the parameter ideal/excluded loci needed to recover the classified incidence table.			ckc:267
unresolved_source_parameter_constraints_missing_from_local_payload					parameterized	YES	268	extracted	S0_UNVALIDATED_SOURCE_RECORD	SOURCE_PRESENTATION_PAIRWISE_COMPARISON_NOT_GEOMETRY_COLLAPSE		8bbf1dff732529afb634f4a24c1d250d3e7ff3a54c79cbfd9c3584e4bca1622b			PARAMETERIZED_FAMILY				presentation_level_only_geometry_identity_unresolved							not_applicable_uncomputed			268	eight_plane_arrangement_family						False	The software can parse and test the symbolic family, but the local CKC payload does not include the parameter ideal/excluded loci needed to recover the classified incidence table.			ckc:268
unresolved_source_parameter_constraints_missing_from_local_payload					parameterized	YES	269	extracted	S0_UNVALIDATED_SOURCE_RECORD	SOURCE_PRESENTATION_PAIRWISE_COMPARISON_NOT_GEOMETRY_COLLAPSE		8bbf1dff732529afb634f4a24c1d250d3e7ff3a54c79cbfd9c3584e4bca1622b			PARAMETERIZED_FAMILY				presentation_level_only_geometry_identity_unresolved							not_applicable_uncomputed			269	eight_plane_arrangement_family						False	The software can parse and test the symbolic family, but the local CKC payload does not include the parameter ideal/excluded loci needed to recover the classified incidence table.			ckc:269
unresolved_source_parameter_constraints_missing_from_local_payload					parameterized	YES	270	extracted	S0_UNVALIDATED_SOURCE_RECORD	SOURCE_PRESENTATION_PAIRWISE_COMPARISON_NOT_GEOMETRY_COLLAPSE		8bbf1dff732529afb634f4a24c1d250d3e7ff3a54c79cbfd9c3584e4bca1622b			PARAMETERIZED_FAMILY				presentation_level_only_geometry_identity_unresolved							not_applicable_uncomputed			270	eight_plane_arrangement_family						False	The software can parse and test the symbolic family, but the local CKC payload does not include the parameter ideal/excluded loci needed to recover the classified incidence table.			ckc:270
unresolved_source_parameter_constraints_missing_from_local_payload					parameterized	YES	271	extracted	S0_UNVALIDATED_SOURCE_RECORD	SOURCE_PRESENTATION_PAIRWISE_COMPARISON_NOT_GEOMETRY_COLLAPSE		8bbf1dff732529afb634f4a24c1d250d3e7ff3a54c79cbfd9c3584e4bca1622b			PARAMETERIZED_FAMILY				presentation_level_only_geometry_identity_unresolved							not_applicable_uncomputed			271	eight_plane_arrangement_family						False	The software can parse and test the symbolic family, but the local CKC payload does not include the parameter ideal/excluded loci needed to recover the classified incidence table.			ckc:271
unresolved_source_parameter_constraints_missing_from_local_payload					parameterized	YES	272	extracted	S0_UNVALIDATED_SOURCE_RECORD	SOURCE_PRESENTATION_PAIRWISE_COMPARISON_NOT_GEOMETRY_COLLAPSE		8bbf1dff732529afb634f4a24c1d250d3e7ff3a54c79cbfd9c3584e4bca1622b			PARAMETERIZED_FAMILY				presentation_level_only_geometry_identity_unresolved							not_applicable_uncomputed			272	eight_plane_arrangement_family						False	The software can parse and test the symbolic family, but the local CKC payload does not include the parameter ideal/excluded loci needed to recover the classified incidence table.			ckc:272
unresolved_source_parameter_constraints_missing_from_local_payload					parameterized	YES	273	extracted	S0_UNVALIDATED_SOURCE_RECORD	SOURCE_PRESENTATION_PAIRWISE_COMPARISON_NOT_GEOMETRY_COLLAPSE		8bbf1dff732529afb634f4a24c1d250d3e7ff3a54c79cbfd9c3584e4bca1622b			PARAMETERIZED_FAMILY				presentation_level_only_geometry_identity_unresolved							not_applicable_uncomputed			273	eight_plane_arrangement_family						False	The software can parse and test the symbolic family, but the local CKC payload does not include the parameter ideal/excluded loci needed to recover the classified incidence table.			ckc:273
unresolved_source_parameter_constraints_missing_from_local_payload					parameterized	YES	274	extracted	S0_UNVALIDATED_SOURCE_RECORD	SOURCE_PRESENTATION_PAIRWISE_COMPARISON_NOT_GEOMETRY_COLLAPSE		8bbf1dff732529afb634f4a24c1d250d3e7ff3a54c79cbfd9c3584e4bca1622b			PARAMETERIZED_FAMILY				presentation_level_only_geometry_identity_unresolved							not_applicable_uncomputed			274	eight_plane_arrangement_family						False	The software can parse and test the symbolic family, but the local CKC payload does not include the parameter ideal/excluded loci needed to recover the classified incidence table.			ckc:274
unresolved_source_parameter_constraints_missing_from_local_payload					parameterized	YES	275	extracted	S0_UNVALIDATED_SOURCE_RECORD	SOURCE_PRESENTATION_PAIRWISE_COMPARISON_NOT_GEOMETRY_COLLAPSE		8bbf1dff732529afb634f4a24c1d250d3e7ff3a54c79cbfd9c3584e4bca1622b			PARAMETERIZED_FAMILY				presentation_level_only_geometry_identity_unresolved							not_applicable_uncomputed			275	eight_plane_arrangement_family						False	The software can parse and test the symbolic family, but the local CKC payload does not include the parameter ideal/excluded loci needed to recover the classified incidence table.			ckc:275
unresolved_source_parameter_constraints_missing_from_local_payload					parameterized	YES	276	extracted	S0_UNVALIDATED_SOURCE_RECORD	SOURCE_PRESENTATION_PAIRWISE_COMPARISON_NOT_GEOMETRY_COLLAPSE		8bbf1dff732529afb634f4a24c1d250d3e7ff3a54c79cbfd9c3584e4bca1622b			PARAMETERIZED_FAMILY				presentation_level_only_geometry_identity_unresolved							not_applicable_uncomputed			276	eight_plane_arrangement_family						False	The software can parse and test the symbolic family, but the local CKC payload does not include the parameter ideal/excluded loci needed to recover the classified incidence table.			ckc:276
unresolved_source_parameter_constraints_missing_from_local_payload					parameterized	YES	277	extracted	S0_UNVALIDATED_SOURCE_RECORD	SOURCE_PRESENTATION_PAIRWISE_COMPARISON_NOT_GEOMETRY_COLLAPSE		8bbf1dff732529afb634f4a24c1d250d3e7ff3a54c79cbfd9c3584e4bca1622b			PARAMETERIZED_FAMILY				presentation_level_only_geometry_identity_unresolved							not_applicable_uncomputed			277	eight_plane_arrangement_family						False	The software can parse and test the symbolic family, but the local CKC payload does not include the parameter ideal/excluded loci needed to recover the classified incidence table.			ckc:277
unresolved_source_parameter_constraints_missing_from_local_payload					parameterized	YES	278	extracted	S0_UNVALIDATED_SOURCE_RECORD	SOURCE_PRESENTATION_PAIRWISE_COMPARISON_NOT_GEOMETRY_COLLAPSE		8bbf1dff732529afb634f4a24c1d250d3e7ff3a54c79cbfd9c3584e4bca1622b			PARAMETERIZED_FAMILY				presentation_level_only_geometry_identity_unresolved							not_applicable_uncomputed			278	eight_plane_arrangement_family						False	The software can parse and test the symbolic family, but the local CKC payload does not include the parameter ideal/excluded loci needed to recover the classified incidence table.			ckc:278
unresolved_source_parameter_constraints_missing_from_local_payload					parameterized	YES	279	extracted	S0_UNVALIDATED_SOURCE_RECORD	SOURCE_PRESENTATION_PAIRWISE_COMPARISON_NOT_GEOMETRY_COLLAPSE		8bbf1dff732529afb634f4a24c1d250d3e7ff3a54c79cbfd9c3584e4bca1622b			PARAMETERIZED_FAMILY				presentation_level_only_geometry_identity_unresolved							not_applicable_uncomputed			279	eight_plane_arrangement_family						False	The software can parse and test the symbolic family, but the local CKC payload does not include the parameter ideal/excluded loci needed to recover the classified incidence table.			ckc:279
unresolved_source_parameter_constraints_missing_from_local_payload					parameterized	YES	280	extracted	S0_UNVALIDATED_SOURCE_RECORD	SOURCE_PRESENTATION_PAIRWISE_COMPARISON_NOT_GEOMETRY_COLLAPSE		8bbf1dff732529afb634f4a24c1d250d3e7ff3a54c79cbfd9c3584e4bca1622b			PARAMETERIZED_FAMILY				presentation_level_only_geometry_identity_unresolved							not_applicable_uncomputed			280	eight_plane_arrangement_family						False	The software can parse and test the symbolic family, but the local CKC payload does not include the parameter ideal/excluded loci needed to recover the classified incidence table.			ckc:280
unresolved_source_parameter_constraints_missing_from_local_payload					parameterized	YES	281	extracted	S0_UNVALIDATED_SOURCE_RECORD	SOURCE_PRESENTATION_PAIRWISE_COMPARISON_NOT_GEOMETRY_COLLAPSE		8bbf1dff732529afb634f4a24c1d250d3e7ff3a54c79cbfd9c3584e4bca1622b			PARAMETERIZED_FAMILY				presentation_level_only_geometry_identity_unresolved							not_applicable_uncomputed			281	eight_plane_arrangement_family						False	The software can parse and test the symbolic family, but the local CKC payload does not include the parameter ideal/excluded loci needed to recover the classified incidence table.			ckc:281
unresolved_source_parameter_constraints_missing_from_local_payload					parameterized	YES	282	extracted	S0_UNVALIDATED_SOURCE_RECORD	SOURCE_PRESENTATION_PAIRWISE_COMPARISON_NOT_GEOMETRY_COLLAPSE		8bbf1dff732529afb634f4a24c1d250d3e7ff3a54c79cbfd9c3584e4bca1622b			PARAMETERIZED_FAMILY				presentation_level_only_geometry_identity_unresolved							not_applicable_uncomputed			282	eight_plane_arrangement_family						False	The software can parse and test the symbolic family, but the local CKC payload does not include the parameter ideal/excluded loci needed to recover the classified incidence table.			ckc:282
unresolved_source_parameter_constraints_missing_from_local_payload					parameterized	YES	283	extracted	S0_UNVALIDATED_SOURCE_RECORD	SOURCE_PRESENTATION_PAIRWISE_COMPARISON_NOT_GEOMETRY_COLLAPSE		8bbf1dff732529afb634f4a24c1d250d3e7ff3a54c79cbfd9c3584e4bca1622b			PARAMETERIZED_FAMILY				presentation_level_only_geometry_identity_unresolved							not_applicable_uncomputed			283	eight_plane_arrangement_family						False	The software can parse and test the symbolic family, but the local CKC payload does not include the parameter ideal/excluded loci needed to recover the classified incidence table.			ckc:283
unresolved_source_parameter_constraints_missing_from_local_payload					parameterized	YES	284	extracted	S0_UNVALIDATED_SOURCE_RECORD	SOURCE_PRESENTATION_PAIRWISE_COMPARISON_NOT_GEOMETRY_COLLAPSE		8bbf1dff732529afb634f4a24c1d250d3e7ff3a54c79cbfd9c3584e4bca1622b			PARAMETERIZED_FAMILY				presentation_level_only_geometry_identity_unresolved							not_applicable_uncomputed			284	eight_plane_arrangement_family						False	The software can parse and test the symbolic family, but the local CKC payload does not include the parameter ideal/excluded loci needed to recover the classified incidence table.			ckc:284
unresolved_source_parameter_constraints_missing_from_local_payload					parameterized	YES	285	extracted	S0_UNVALIDATED_SOURCE_RECORD	SOURCE_PRESENTATION_PAIRWISE_COMPARISON_NOT_GEOMETRY_COLLAPSE		8bbf1dff732529afb634f4a24c1d250d3e7ff3a54c79cbfd9c3584e4bca1622b			PARAMETERIZED_FAMILY				presentation_level_only_geometry_identity_unresolved							not_applicable_uncomputed			285	eight_plane_arrangement_family						False	The software can parse and test the symbolic family, but the local CKC payload does not include the parameter ideal/excluded loci needed to recover the classified incidence table.			ckc:285
unresolved_source_parameter_constraints_missing_from_local_payload					parameterized	YES	286	extracted	S0_UNVALIDATED_SOURCE_RECORD	SOURCE_PRESENTATION_PAIRWISE_COMPARISON_NOT_GEOMETRY_COLLAPSE		8bbf1dff732529afb634f4a24c1d250d3e7ff3a54c79cbfd9c3584e4bca1622b			PARAMETERIZED_FAMILY				presentation_level_only_geometry_identity_unresolved							not_applicable_uncomputed			286	eight_plane_arrangement_family						False	The software can parse and test the symbolic family, but the local CKC payload does not include the parameter ideal/excluded loci needed to recover the classified incidence table.			ckc:286
unresolved_source_parameter_constraints_missing_from_local_payload					parameterized	YES	287	extracted	S0_UNVALIDATED_SOURCE_RECORD	SOURCE_PRESENTATION_PAIRWISE_COMPARISON_NOT_GEOMETRY_COLLAPSE		8bbf1dff732529afb634f4a24c1d250d3e7ff3a54c79cbfd9c3584e4bca1622b			PARAMETERIZED_FAMILY				presentation_level_only_geometry_identity_unresolved							not_applicable_uncomputed			287	eight_plane_arrangement_family						False	The software can parse and test the symbolic family, but the local CKC payload does not include the parameter ideal/excluded loci needed to recover the classified incidence table.			ckc:287
unresolved_source_parameter_constraints_missing_from_local_payload					parameterized	YES	288	extracted	S0_UNVALIDATED_SOURCE_RECORD	SOURCE_PRESENTATION_PAIRWISE_COMPARISON_NOT_GEOMETRY_COLLAPSE		8bbf1dff732529afb634f4a24c1d250d3e7ff3a54c79cbfd9c3584e4bca1622b			PARAMETERIZED_FAMILY				presentation_level_only_geometry_identity_unresolved							not_applicable_uncomputed			288	eight_plane_arrangement_family						False	The software can parse and test the symbolic family, but the local CKC payload does not include the parameter ideal/excluded loci needed to recover the classified incidence table.			ckc:288
unresolved_source_parameter_constraints_missing_from_local_payload					parameterized	YES	289	extracted	S0_UNVALIDATED_SOURCE_RECORD	SOURCE_PRESENTATION_PAIRWISE_COMPARISON_NOT_GEOMETRY_COLLAPSE		8bbf1dff732529afb634f4a24c1d250d3e7ff3a54c79cbfd9c3584e4bca1622b			PARAMETERIZED_FAMILY				presentation_level_only_geometry_identity_unresolved							not_applicable_uncomputed			289	eight_plane_arrangement_family						False	The software can parse and test the symbolic family, but the local CKC payload does not include the parameter ideal/excluded loci needed to recover the classified incidence table.			ckc:289
unresolved_source_parameter_constraints_missing_from_local_payload					parameterized	YES	290	extracted	S0_UNVALIDATED_SOURCE_RECORD	SOURCE_PRESENTATION_PAIRWISE_COMPARISON_NOT_GEOMETRY_COLLAPSE		8bbf1dff732529afb634f4a24c1d250d3e7ff3a54c79cbfd9c3584e4bca1622b			PARAMETERIZED_FAMILY				presentation_level_only_geometry_identity_unresolved							not_applicable_uncomputed			290	eight_plane_arrangement_family						False	The software can parse and test the symbolic family, but the local CKC payload does not include the parameter ideal/excluded loci needed to recover the classified incidence table.			ckc:290
unresolved_source_parameter_constraints_missing_from_local_payload					parameterized	YES	291	extracted	S0_UNVALIDATED_SOURCE_RECORD	SOURCE_PRESENTATION_PAIRWISE_COMPARISON_NOT_GEOMETRY_COLLAPSE		8bbf1dff732529afb634f4a24c1d250d3e7ff3a54c79cbfd9c3584e4bca1622b			PARAMETERIZED_FAMILY				presentation_level_only_geometry_identity_unresolved							not_applicable_uncomputed			291	eight_plane_arrangement_family						False	The software can parse and test the symbolic family, but the local CKC payload does not include the parameter ideal/excluded loci needed to recover the classified incidence table.			ckc:291
unresolved_source_parameter_constraints_missing_from_local_payload					parameterized	YES	292	extracted	S0_UNVALIDATED_SOURCE_RECORD	SOURCE_PRESENTATION_PAIRWISE_COMPARISON_NOT_GEOMETRY_COLLAPSE		8bbf1dff732529afb634f4a24c1d250d3e7ff3a54c79cbfd9c3584e4bca1622b			PARAMETERIZED_FAMILY				presentation_level_only_geometry_identity_unresolved							not_applicable_uncomputed			292	eight_plane_arrangement_family						False	The software can parse and test the symbolic family, but the local CKC payload does not include the parameter ideal/excluded loci needed to recover the classified incidence table.			ckc:292
unresolved_source_parameter_constraints_missing_from_local_payload					parameterized	YES	293	extracted	S0_UNVALIDATED_SOURCE_RECORD	SOURCE_PRESENTATION_PAIRWISE_COMPARISON_NOT_GEOMETRY_COLLAPSE		8bbf1dff732529afb634f4a24c1d250d3e7ff3a54c79cbfd9c3584e4bca1622b			PARAMETERIZED_FAMILY				presentation_level_only_geometry_identity_unresolved							not_applicable_uncomputed			293	eight_plane_arrangement_family						False	The software can parse and test the symbolic family, but the local CKC payload does not include the parameter ideal/excluded loci needed to recover the classified incidence table.			ckc:293
unresolved_source_parameter_constraints_missing_from_local_payload					parameterized	YES	294	extracted	S0_UNVALIDATED_SOURCE_RECORD	SOURCE_PRESENTATION_PAIRWISE_COMPARISON_NOT_GEOMETRY_COLLAPSE		8bbf1dff732529afb634f4a24c1d250d3e7ff3a54c79cbfd9c3584e4bca1622b			PARAMETERIZED_FAMILY				presentation_level_only_geometry_identity_unresolved							not_applicable_uncomputed			294	eight_plane_arrangement_family						False	The software can parse and test the symbolic family, but the local CKC payload does not include the parameter ideal/excluded loci needed to recover the classified incidence table.			ckc:294
unresolved_source_parameter_constraints_missing_from_local_payload					parameterized	YES	295	extracted	S0_UNVALIDATED_SOURCE_RECORD	SOURCE_PRESENTATION_PAIRWISE_COMPARISON_NOT_GEOMETRY_COLLAPSE		8bbf1dff732529afb634f4a24c1d250d3e7ff3a54c79cbfd9c3584e4bca1622b			PARAMETERIZED_FAMILY				presentation_level_only_geometry_identity_unresolved							not_applicable_uncomputed			295	eight_plane_arrangement_family						False	The software can parse and test the symbolic family, but the local CKC payload does not include the parameter ideal/excluded loci needed to recover the classified incidence table.			ckc:295
unresolved_source_parameter_constraints_missing_from_local_payload					parameterized	YES	296	extracted	S0_UNVALIDATED_SOURCE_RECORD	SOURCE_PRESENTATION_PAIRWISE_COMPARISON_NOT_GEOMETRY_COLLAPSE		8bbf1dff732529afb634f4a24c1d250d3e7ff3a54c79cbfd9c3584e4bca1622b			PARAMETERIZED_FAMILY				presentation_level_only_geometry_identity_unresolved							not_applicable_uncomputed			296	eight_plane_arrangement_family						False	The software can parse and test the symbolic family, but the local CKC payload does not include the parameter ideal/excluded loci needed to recover the classified incidence table.			ckc:296
unresolved_source_parameter_constraints_missing_from_local_payload					parameterized	YES	297	extracted	S0_UNVALIDATED_SOURCE_RECORD	SOURCE_PRESENTATION_PAIRWISE_COMPARISON_NOT_GEOMETRY_COLLAPSE		8bbf1dff732529afb634f4a24c1d250d3e7ff3a54c79cbfd9c3584e4bca1622b			PARAMETERIZED_FAMILY				presentation_level_only_geometry_identity_unresolved							not_applicable_uncomputed			297	eight_plane_arrangement_family						False	The software can parse and test the symbolic family, but the local CKC payload does not include the parameter ideal/excluded loci needed to recover the classified incidence table.			ckc:297
unresolved_source_parameter_constraints_missing_from_local_payload					parameterized	YES	298	extracted	S0_UNVALIDATED_SOURCE_RECORD	SOURCE_PRESENTATION_PAIRWISE_COMPARISON_NOT_GEOMETRY_COLLAPSE		8bbf1dff732529afb634f4a24c1d250d3e7ff3a54c79cbfd9c3584e4bca1622b			PARAMETERIZED_FAMILY				presentation_level_only_geometry_identity_unresolved							not_applicable_uncomputed			298	eight_plane_arrangement_family						False	The software can parse and test the symbolic family, but the local CKC payload does not include the parameter ideal/excluded loci needed to recover the classified incidence table.			ckc:298
unresolved_source_parameter_constraints_missing_from_local_payload					parameterized	YES	299	extracted	S0_UNVALIDATED_SOURCE_RECORD	SOURCE_PRESENTATION_PAIRWISE_COMPARISON_NOT_GEOMETRY_COLLAPSE		8bbf1dff732529afb634f4a24c1d250d3e7ff3a54c79cbfd9c3584e4bca1622b			PARAMETERIZED_FAMILY				presentation_level_only_geometry_identity_unresolved							not_applicable_uncomputed			299	eight_plane_arrangement_family						False	The software can parse and test the symbolic family, but the local CKC payload does not include the parameter ideal/excluded loci needed to recover the classified incidence table.			ckc:299
unresolved_source_parameter_constraints_missing_from_local_payload					parameterized	YES	300	extracted	S0_UNVALIDATED_SOURCE_RECORD	SOURCE_PRESENTATION_PAIRWISE_COMPARISON_NOT_GEOMETRY_COLLAPSE		8bbf1dff732529afb634f4a24c1d250d3e7ff3a54c79cbfd9c3584e4bca1622b			PARAMETERIZED_FAMILY				presentation_level_only_geometry_identity_unresolved							not_applicable_uncomputed			300	eight_plane_arrangement_family						False	The software can parse and test the symbolic family, but the local CKC payload does not include the parameter ideal/excluded loci needed to recover the classified incidence table.			ckc:300
unresolved_source_parameter_constraints_missing_from_local_payload					parameterized	YES	301	extracted	S0_UNVALIDATED_SOURCE_RECORD	SOURCE_PRESENTATION_PAIRWISE_COMPARISON_NOT_GEOMETRY_COLLAPSE		8bbf1dff732529afb634f4a24c1d250d3e7ff3a54c79cbfd9c3584e4bca1622b			PARAMETERIZED_FAMILY				presentation_level_only_geometry_identity_unresolved							not_applicable_uncomputed			301	eight_plane_arrangement_family						False	The software can parse and test the symbolic family, but the local CKC payload does not include the parameter ideal/excluded loci needed to recover the classified incidence table.			ckc:301
unresolved_source_parameter_constraints_missing_from_local_payload					parameterized	YES	302	extracted	S0_UNVALIDATED_SOURCE_RECORD	SOURCE_PRESENTATION_PAIRWISE_COMPARISON_NOT_GEOMETRY_COLLAPSE		8bbf1dff732529afb634f4a24c1d250d3e7ff3a54c79cbfd9c3584e4bca1622b			PARAMETERIZED_FAMILY				presentation_level_only_geometry_identity_unresolved							not_applicable_uncomputed			302	eight_plane_arrangement_family						False	The software can parse and test the symbolic family, but the local CKC payload does not include the parameter ideal/excluded loci needed to recover the classified incidence table.			ckc:302
unresolved_source_parameter_constraints_missing_from_local_payload					parameterized	YES	303	extracted	S0_UNVALIDATED_SOURCE_RECORD	SOURCE_PRESENTATION_PAIRWISE_COMPARISON_NOT_GEOMETRY_COLLAPSE		8bbf1dff732529afb634f4a24c1d250d3e7ff3a54c79cbfd9c3584e4bca1622b			PARAMETERIZED_FAMILY				presentation_level_only_geometry_identity_unresolved							not_applicable_uncomputed			303	eight_plane_arrangement_family						False	The software can parse and test the symbolic family, but the local CKC payload does not include the parameter ideal/excluded loci needed to recover the classified incidence table.			ckc:303
unresolved_source_parameter_constraints_missing_from_local_payload					parameterized	YES	304	extracted	S0_UNVALIDATED_SOURCE_RECORD	SOURCE_PRESENTATION_PAIRWISE_COMPARISON_NOT_GEOMETRY_COLLAPSE		8bbf1dff732529afb634f4a24c1d250d3e7ff3a54c79cbfd9c3584e4bca1622b			PARAMETERIZED_FAMILY				presentation_level_only_geometry_identity_unresolved							not_applicable_uncomputed			304	eight_plane_arrangement_family						False	The software can parse and test the symbolic family, but the local CKC payload does not include the parameter ideal/excluded loci needed to recover the classified incidence table.			ckc:304
unresolved_source_parameter_constraints_missing_from_local_payload					parameterized	YES	305	extracted	S0_UNVALIDATED_SOURCE_RECORD	SOURCE_PRESENTATION_PAIRWISE_COMPARISON_NOT_GEOMETRY_COLLAPSE		8bbf1dff732529afb634f4a24c1d250d3e7ff3a54c79cbfd9c3584e4bca1622b			PARAMETERIZED_FAMILY				presentation_level_only_geometry_identity_unresolved							not_applicable_uncomputed			305	eight_plane_arrangement_family						False	The software can parse and test the symbolic family, but the local CKC payload does not include the parameter ideal/excluded loci needed to recover the classified incidence table.			ckc:305
unresolved_source_parameter_constraints_missing_from_local_payload					parameterized	YES	306	extracted	S0_UNVALIDATED_SOURCE_RECORD	SOURCE_PRESENTATION_PAIRWISE_COMPARISON_NOT_GEOMETRY_COLLAPSE		8bbf1dff732529afb634f4a24c1d250d3e7ff3a54c79cbfd9c3584e4bca1622b			PARAMETERIZED_FAMILY				presentation_level_only_geometry_identity_unresolved							not_applicable_uncomputed			306	eight_plane_arrangement_family						False	The software can parse and test the symbolic family, but the local CKC payload does not include the parameter ideal/excluded loci needed to recover the classified incidence table.			ckc:306
unresolved_source_parameter_constraints_missing_from_local_payload					parameterized	YES	307	extracted	S0_UNVALIDATED_SOURCE_RECORD	SOURCE_PRESENTATION_PAIRWISE_COMPARISON_NOT_GEOMETRY_COLLAPSE		8bbf1dff732529afb634f4a24c1d250d3e7ff3a54c79cbfd9c3584e4bca1622b			PARAMETERIZED_FAMILY				presentation_level_only_geometry_identity_unresolved							not_applicable_uncomputed			307	eight_plane_arrangement_family						False	The software can parse and test the symbolic family, but the local CKC payload does not include the parameter ideal/excluded loci needed to recover the classified incidence table.			ckc:307
unresolved_source_parameter_constraints_missing_from_local_payload					parameterized	YES	308	extracted	S0_UNVALIDATED_SOURCE_RECORD	SOURCE_PRESENTATION_PAIRWISE_COMPARISON_NOT_GEOMETRY_COLLAPSE		8bbf1dff732529afb634f4a24c1d250d3e7ff3a54c79cbfd9c3584e4bca1622b			PARAMETERIZED_FAMILY				presentation_level_only_geometry_identity_unresolved							not_applicable_uncomputed			308	eight_plane_arrangement_family						False	The software can parse and test the symbolic family, but the local CKC payload does not include the parameter ideal/excluded loci needed to recover the classified incidence table.			ckc:308
unresolved_source_parameter_constraints_missing_from_local_payload					parameterized	YES	309	extracted	S0_UNVALIDATED_SOURCE_RECORD	SOURCE_PRESENTATION_PAIRWISE_COMPARISON_NOT_GEOMETRY_COLLAPSE		8bbf1dff732529afb634f4a24c1d250d3e7ff3a54c79cbfd9c3584e4bca1622b			PARAMETERIZED_FAMILY				presentation_level_only_geometry_identity_unresolved							not_applicable_uncomputed			309	eight_plane_arrangement_family						False	The software can parse and test the symbolic family, but the local CKC payload does not include the parameter ideal/excluded loci needed to recover the classified incidence table.			ckc:309
unresolved_source_parameter_constraints_missing_from_local_payload					parameterized	YES	310	extracted	S0_UNVALIDATED_SOURCE_RECORD	SOURCE_PRESENTATION_PAIRWISE_COMPARISON_NOT_GEOMETRY_COLLAPSE		8bbf1dff732529afb634f4a24c1d250d3e7ff3a54c79cbfd9c3584e4bca1622b			PARAMETERIZED_FAMILY				presentation_level_only_geometry_identity_unresolved							not_applicable_uncomputed			310	eight_plane_arrangement_family						False	The software can parse and test the symbolic family, but the local CKC payload does not include the parameter ideal/excluded loci needed to recover the classified incidence table.			ckc:310
unresolved_source_parameter_constraints_missing_from_local_payload					parameterized	YES	311	extracted	S0_UNVALIDATED_SOURCE_RECORD	SOURCE_PRESENTATION_PAIRWISE_COMPARISON_NOT_GEOMETRY_COLLAPSE		8bbf1dff732529afb634f4a24c1d250d3e7ff3a54c79cbfd9c3584e4bca1622b			PARAMETERIZED_FAMILY				presentation_level_only_geometry_identity_unresolved							not_applicable_uncomputed			311	eight_plane_arrangement_family						False	The software can parse and test the symbolic family, but the local CKC payload does not include the parameter ideal/excluded loci needed to recover the classified incidence table.			ckc:311
unresolved_source_parameter_constraints_missing_from_local_payload					parameterized	YES	312	extracted	S0_UNVALIDATED_SOURCE_RECORD	SOURCE_PRESENTATION_PAIRWISE_COMPARISON_NOT_GEOMETRY_COLLAPSE		8bbf1dff732529afb634f4a24c1d250d3e7ff3a54c79cbfd9c3584e4bca1622b			PARAMETERIZED_FAMILY				presentation_level_only_geometry_identity_unresolved							not_applicable_uncomputed			312	eight_plane_arrangement_family						False	The software can parse and test the symbolic family, but the local CKC payload does not include the parameter ideal/excluded loci needed to recover the classified incidence table.			ckc:312
unresolved_source_parameter_constraints_missing_from_local_payload					parameterized	YES	313	extracted	S0_UNVALIDATED_SOURCE_RECORD	SOURCE_PRESENTATION_PAIRWISE_COMPARISON_NOT_GEOMETRY_COLLAPSE		8bbf1dff732529afb634f4a24c1d250d3e7ff3a54c79cbfd9c3584e4bca1622b			PARAMETERIZED_FAMILY				presentation_level_only_geometry_identity_unresolved							not_applicable_uncomputed			313	eight_plane_arrangement_family						False	The software can parse and test the symbolic family, but the local CKC payload does not include the parameter ideal/excluded loci needed to recover the classified incidence table.			ckc:313
unresolved_source_parameter_constraints_missing_from_local_payload					parameterized	YES	314	extracted	S0_UNVALIDATED_SOURCE_RECORD	SOURCE_PRESENTATION_PAIRWISE_COMPARISON_NOT_GEOMETRY_COLLAPSE		8bbf1dff732529afb634f4a24c1d250d3e7ff3a54c79cbfd9c3584e4bca1622b			PARAMETERIZED_FAMILY				presentation_level_only_geometry_identity_unresolved							not_applicable_uncomputed			314	eight_plane_arrangement_family						False	The software can parse and test the symbolic family, but the local CKC payload does not include the parameter ideal/excluded loci needed to recover the classified incidence table.			ckc:314
unresolved_source_parameter_constraints_missing_from_local_payload					parameterized	YES	315	extracted	S0_UNVALIDATED_SOURCE_RECORD	SOURCE_PRESENTATION_PAIRWISE_COMPARISON_NOT_GEOMETRY_COLLAPSE		8bbf1dff732529afb634f4a24c1d250d3e7ff3a54c79cbfd9c3584e4bca1622b			PARAMETERIZED_FAMILY				presentation_level_only_geometry_identity_unresolved							not_applicable_uncomputed			315	eight_plane_arrangement_family						False	The software can parse and test the symbolic family, but the local CKC payload does not include the parameter ideal/excluded loci needed to recover the classified incidence table.			ckc:315
unresolved_source_parameter_constraints_missing_from_local_payload					parameterized	YES	316	extracted	S0_UNVALIDATED_SOURCE_RECORD	SOURCE_PRESENTATION_PAIRWISE_COMPARISON_NOT_GEOMETRY_COLLAPSE		8bbf1dff732529afb634f4a24c1d250d3e7ff3a54c79cbfd9c3584e4bca1622b			PARAMETERIZED_FAMILY				presentation_level_only_geometry_identity_unresolved							not_applicable_uncomputed			316	eight_plane_arrangement_family						False	The software can parse and test the symbolic family, but the local CKC payload does not include the parameter ideal/excluded loci needed to recover the classified incidence table.			ckc:316
unresolved_source_parameter_constraints_missing_from_local_payload					parameterized	YES	317	extracted	S0_UNVALIDATED_SOURCE_RECORD	SOURCE_PRESENTATION_PAIRWISE_COMPARISON_NOT_GEOMETRY_COLLAPSE		8bbf1dff732529afb634f4a24c1d250d3e7ff3a54c79cbfd9c3584e4bca1622b			PARAMETERIZED_FAMILY				presentation_level_only_geometry_identity_unresolved							not_applicable_uncomputed			317	eight_plane_arrangement_family						False	The software can parse and test the symbolic family, but the local CKC payload does not include the parameter ideal/excluded loci needed to recover the classified incidence table.			ckc:317
unresolved_source_parameter_constraints_missing_from_local_payload					parameterized	YES	318	extracted	S0_UNVALIDATED_SOURCE_RECORD	SOURCE_PRESENTATION_PAIRWISE_COMPARISON_NOT_GEOMETRY_COLLAPSE		8bbf1dff732529afb634f4a24c1d250d3e7ff3a54c79cbfd9c3584e4bca1622b			PARAMETERIZED_FAMILY				presentation_level_only_geometry_identity_unresolved							not_applicable_uncomputed			318	eight_plane_arrangement_family						False	The software can parse and test the symbolic family, but the local CKC payload does not include the parameter ideal/excluded loci needed to recover the classified incidence table.			ckc:318
unresolved_source_parameter_constraints_missing_from_local_payload					parameterized	YES	319	extracted	S0_UNVALIDATED_SOURCE_RECORD	SOURCE_PRESENTATION_PAIRWISE_COMPARISON_NOT_GEOMETRY_COLLAPSE		8bbf1dff732529afb634f4a24c1d250d3e7ff3a54c79cbfd9c3584e4bca1622b			PARAMETERIZED_FAMILY				presentation_level_only_geometry_identity_unresolved							not_applicable_uncomputed			319	eight_plane_arrangement_family						False	The software can parse and test the symbolic family, but the local CKC payload does not include the parameter ideal/excluded loci needed to recover the classified incidence table.			ckc:319
unresolved_source_parameter_constraints_missing_from_local_payload					parameterized	YES	320	extracted	S0_UNVALIDATED_SOURCE_RECORD	SOURCE_PRESENTATION_PAIRWISE_COMPARISON_NOT_GEOMETRY_COLLAPSE		8bbf1dff732529afb634f4a24c1d250d3e7ff3a54c79cbfd9c3584e4bca1622b			PARAMETERIZED_FAMILY				presentation_level_only_geometry_identity_unresolved							not_applicable_uncomputed			320	eight_plane_arrangement_family						False	The software can parse and test the symbolic family, but the local CKC payload does not include the parameter ideal/excluded loci needed to recover the classified incidence table.			ckc:320
unresolved_source_parameter_constraints_missing_from_local_payload					parameterized	YES	321	extracted	S0_UNVALIDATED_SOURCE_RECORD	SOURCE_PRESENTATION_PAIRWISE_COMPARISON_NOT_GEOMETRY_COLLAPSE		8bbf1dff732529afb634f4a24c1d250d3e7ff3a54c79cbfd9c3584e4bca1622b			PARAMETERIZED_FAMILY				presentation_level_only_geometry_identity_unresolved							not_applicable_uncomputed			321	eight_plane_arrangement_family						False	The software can parse and test the symbolic family, but the local CKC payload does not include the parameter ideal/excluded loci needed to recover the classified incidence table.			ckc:321
unresolved_source_parameter_constraints_missing_from_local_payload					parameterized	YES	322	extracted	S0_UNVALIDATED_SOURCE_RECORD	SOURCE_PRESENTATION_PAIRWISE_COMPARISON_NOT_GEOMETRY_COLLAPSE		8bbf1dff732529afb634f4a24c1d250d3e7ff3a54c79cbfd9c3584e4bca1622b			PARAMETERIZED_FAMILY				presentation_level_only_geometry_identity_unresolved							not_applicable_uncomputed			322	eight_plane_arrangement_family						False	The software can parse and test the symbolic family, but the local CKC payload does not include the parameter ideal/excluded loci needed to recover the classified incidence table.			ckc:322
unresolved_source_parameter_constraints_missing_from_local_payload					parameterized	YES	323	extracted	S0_UNVALIDATED_SOURCE_RECORD	SOURCE_PRESENTATION_PAIRWISE_COMPARISON_NOT_GEOMETRY_COLLAPSE		8bbf1dff732529afb634f4a24c1d250d3e7ff3a54c79cbfd9c3584e4bca1622b			PARAMETERIZED_FAMILY				presentation_level_only_geometry_identity_unresolved							not_applicable_uncomputed			323	eight_plane_arrangement_family						False	The software can parse and test the symbolic family, but the local CKC payload does not include the parameter ideal/excluded loci needed to recover the classified incidence table.			ckc:323
unresolved_source_parameter_constraints_missing_from_local_payload					parameterized	YES	324	extracted	S0_UNVALIDATED_SOURCE_RECORD	SOURCE_PRESENTATION_PAIRWISE_COMPARISON_NOT_GEOMETRY_COLLAPSE		8bbf1dff732529afb634f4a24c1d250d3e7ff3a54c79cbfd9c3584e4bca1622b			PARAMETERIZED_FAMILY				presentation_level_only_geometry_identity_unresolved							not_applicable_uncomputed			324	eight_plane_arrangement_family						False	The software can parse and test the symbolic family, but the local CKC payload does not include the parameter ideal/excluded loci needed to recover the classified incidence table.			ckc:324
unresolved_source_parameter_constraints_missing_from_local_payload					parameterized	YES	325	extracted	S0_UNVALIDATED_SOURCE_RECORD	SOURCE_PRESENTATION_PAIRWISE_COMPARISON_NOT_GEOMETRY_COLLAPSE		8bbf1dff732529afb634f4a24c1d250d3e7ff3a54c79cbfd9c3584e4bca1622b			PARAMETERIZED_FAMILY				presentation_level_only_geometry_identity_unresolved							not_applicable_uncomputed			325	eight_plane_arrangement_family						False	The software can parse and test the symbolic family, but the local CKC payload does not include the parameter ideal/excluded loci needed to recover the classified incidence table.			ckc:325
unresolved_source_parameter_constraints_missing_from_local_payload					parameterized	YES	326	extracted	S0_UNVALIDATED_SOURCE_RECORD	SOURCE_PRESENTATION_PAIRWISE_COMPARISON_NOT_GEOMETRY_COLLAPSE		8bbf1dff732529afb634f4a24c1d250d3e7ff3a54c79cbfd9c3584e4bca1622b			PARAMETERIZED_FAMILY				presentation_level_only_geometry_identity_unresolved							not_applicable_uncomputed			326	eight_plane_arrangement_family						False	The software can parse and test the symbolic family, but the local CKC payload does not include the parameter ideal/excluded loci needed to recover the classified incidence table.			ckc:326
unresolved_source_parameter_constraints_missing_from_local_payload					parameterized	YES	327	extracted	S0_UNVALIDATED_SOURCE_RECORD	SOURCE_PRESENTATION_PAIRWISE_COMPARISON_NOT_GEOMETRY_COLLAPSE		8bbf1dff732529afb634f4a24c1d250d3e7ff3a54c79cbfd9c3584e4bca1622b			PARAMETERIZED_FAMILY				presentation_level_only_geometry_identity_unresolved							not_applicable_uncomputed			327	eight_plane_arrangement_family						False	The software can parse and test the symbolic family, but the local CKC payload does not include the parameter ideal/excluded loci needed to recover the classified incidence table.			ckc:327
unresolved_source_parameter_constraints_missing_from_local_payload					parameterized	YES	328	extracted	S0_UNVALIDATED_SOURCE_RECORD	SOURCE_PRESENTATION_PAIRWISE_COMPARISON_NOT_GEOMETRY_COLLAPSE		8bbf1dff732529afb634f4a24c1d250d3e7ff3a54c79cbfd9c3584e4bca1622b			PARAMETERIZED_FAMILY				presentation_level_only_geometry_identity_unresolved							not_applicable_uncomputed			328	eight_plane_arrangement_family						False	The software can parse and test the symbolic family, but the local CKC payload does not include the parameter ideal/excluded loci needed to recover the classified incidence table.			ckc:328
unresolved_source_parameter_constraints_missing_from_local_payload					parameterized	YES	329	extracted	S0_UNVALIDATED_SOURCE_RECORD	SOURCE_PRESENTATION_PAIRWISE_COMPARISON_NOT_GEOMETRY_COLLAPSE		8bbf1dff732529afb634f4a24c1d250d3e7ff3a54c79cbfd9c3584e4bca1622b			PARAMETERIZED_FAMILY				presentation_level_only_geometry_identity_unresolved							not_applicable_uncomputed			329	eight_plane_arrangement_family						False	The software can parse and test the symbolic family, but the local CKC payload does not include the parameter ideal/excluded loci needed to recover the classified incidence table.			ckc:329
unresolved_source_parameter_constraints_missing_from_local_payload					parameterized	YES	330	extracted	S0_UNVALIDATED_SOURCE_RECORD	SOURCE_PRESENTATION_PAIRWISE_COMPARISON_NOT_GEOMETRY_COLLAPSE		8bbf1dff732529afb634f4a24c1d250d3e7ff3a54c79cbfd9c3584e4bca1622b			PARAMETERIZED_FAMILY				presentation_level_only_geometry_identity_unresolved							not_applicable_uncomputed			330	eight_plane_arrangement_family						False	The software can parse and test the symbolic family, but the local CKC payload does not include the parameter ideal/excluded loci needed to recover the classified incidence table.			ckc:330
unresolved_source_parameter_constraints_missing_from_local_payload					parameterized	YES	331	extracted	S0_UNVALIDATED_SOURCE_RECORD	SOURCE_PRESENTATION_PAIRWISE_COMPARISON_NOT_GEOMETRY_COLLAPSE		8bbf1dff732529afb634f4a24c1d250d3e7ff3a54c79cbfd9c3584e4bca1622b			PARAMETERIZED_FAMILY				presentation_level_only_geometry_identity_unresolved							not_applicable_uncomputed			331	eight_plane_arrangement_family						False	The software can parse and test the symbolic family, but the local CKC payload does not include the parameter ideal/excluded loci needed to recover the classified incidence table.			ckc:331
unresolved_source_parameter_constraints_missing_from_local_payload					parameterized	YES	332	extracted	S0_UNVALIDATED_SOURCE_RECORD	SOURCE_PRESENTATION_PAIRWISE_COMPARISON_NOT_GEOMETRY_COLLAPSE		8bbf1dff732529afb634f4a24c1d250d3e7ff3a54c79cbfd9c3584e4bca1622b			PARAMETERIZED_FAMILY				presentation_level_only_geometry_identity_unresolved							not_applicable_uncomputed			332	eight_plane_arrangement_family						False	The software can parse and test the symbolic family, but the local CKC payload does not include the parameter ideal/excluded loci needed to recover the classified incidence table.			ckc:332
unresolved_source_parameter_constraints_missing_from_local_payload					parameterized	YES	333	extracted	S0_UNVALIDATED_SOURCE_RECORD	SOURCE_PRESENTATION_PAIRWISE_COMPARISON_NOT_GEOMETRY_COLLAPSE		8bbf1dff732529afb634f4a24c1d250d3e7ff3a54c79cbfd9c3584e4bca1622b			PARAMETERIZED_FAMILY				presentation_level_only_geometry_identity_unresolved							not_applicable_uncomputed			333	eight_plane_arrangement_family						False	The software can parse and test the symbolic family, but the local CKC payload does not include the parameter ideal/excluded loci needed to recover the classified incidence table.			ckc:333
unresolved_source_parameter_constraints_missing_from_local_payload					parameterized	YES	334	extracted	S0_UNVALIDATED_SOURCE_RECORD	SOURCE_PRESENTATION_PAIRWISE_COMPARISON_NOT_GEOMETRY_COLLAPSE		8bbf1dff732529afb634f4a24c1d250d3e7ff3a54c79cbfd9c3584e4bca1622b			PARAMETERIZED_FAMILY				presentation_level_only_geometry_identity_unresolved							not_applicable_uncomputed			334	eight_plane_arrangement_family						False	The software can parse and test the symbolic family, but the local CKC payload does not include the parameter ideal/excluded loci needed to recover the classified incidence table.			ckc:334
unresolved_source_parameter_constraints_missing_from_local_payload					parameterized	YES	335	extracted	S0_UNVALIDATED_SOURCE_RECORD	SOURCE_PRESENTATION_PAIRWISE_COMPARISON_NOT_GEOMETRY_COLLAPSE		8bbf1dff732529afb634f4a24c1d250d3e7ff3a54c79cbfd9c3584e4bca1622b			PARAMETERIZED_FAMILY				presentation_level_only_geometry_identity_unresolved							not_applicable_uncomputed			335	eight_plane_arrangement_family						False	The software can parse and test the symbolic family, but the local CKC payload does not include the parameter ideal/excluded loci needed to recover the classified incidence table.			ckc:335
unresolved_source_parameter_constraints_missing_from_local_payload					parameterized	YES	336	extracted	S0_UNVALIDATED_SOURCE_RECORD	SOURCE_PRESENTATION_PAIRWISE_COMPARISON_NOT_GEOMETRY_COLLAPSE		8bbf1dff732529afb634f4a24c1d250d3e7ff3a54c79cbfd9c3584e4bca1622b			PARAMETERIZED_FAMILY				presentation_level_only_geometry_identity_unresolved							not_applicable_uncomputed			336	eight_plane_arrangement_family						False	The software can parse and test the symbolic family, but the local CKC payload does not include the parameter ideal/excluded loci needed to recover the classified incidence table.			ckc:336
unresolved_source_parameter_constraints_missing_from_local_payload					parameterized	YES	337	extracted	S0_UNVALIDATED_SOURCE_RECORD	SOURCE_PRESENTATION_PAIRWISE_COMPARISON_NOT_GEOMETRY_COLLAPSE		8bbf1dff732529afb634f4a24c1d250d3e7ff3a54c79cbfd9c3584e4bca1622b			PARAMETERIZED_FAMILY				presentation_level_only_geometry_identity_unresolved							not_applicable_uncomputed			337	eight_plane_arrangement_family						False	The software can parse and test the symbolic family, but the local CKC payload does not include the parameter ideal/excluded loci needed to recover the classified incidence table.			ckc:337
unresolved_source_parameter_constraints_missing_from_local_payload					parameterized	YES	338	extracted	S0_UNVALIDATED_SOURCE_RECORD	SOURCE_PRESENTATION_PAIRWISE_COMPARISON_NOT_GEOMETRY_COLLAPSE		8bbf1dff732529afb634f4a24c1d250d3e7ff3a54c79cbfd9c3584e4bca1622b			PARAMETERIZED_FAMILY				presentation_level_only_geometry_identity_unresolved							not_applicable_uncomputed			338	eight_plane_arrangement_family						False	The software can parse and test the symbolic family, but the local CKC payload does not include the parameter ideal/excluded loci needed to recover the classified incidence table.			ckc:338
unresolved_source_parameter_constraints_missing_from_local_payload					parameterized	YES	339	extracted	S0_UNVALIDATED_SOURCE_RECORD	SOURCE_PRESENTATION_PAIRWISE_COMPARISON_NOT_GEOMETRY_COLLAPSE		8bbf1dff732529afb634f4a24c1d250d3e7ff3a54c79cbfd9c3584e4bca1622b			PARAMETERIZED_FAMILY				presentation_level_only_geometry_identity_unresolved							not_applicable_uncomputed			339	eight_plane_arrangement_family						False	The software can parse and test the symbolic family, but the local CKC payload does not include the parameter ideal/excluded loci needed to recover the classified incidence table.			ckc:339
unresolved_source_parameter_constraints_missing_from_local_payload					parameterized	YES	340	extracted	S0_UNVALIDATED_SOURCE_RECORD	SOURCE_PRESENTATION_PAIRWISE_COMPARISON_NOT_GEOMETRY_COLLAPSE		8bbf1dff732529afb634f4a24c1d250d3e7ff3a54c79cbfd9c3584e4bca1622b			PARAMETERIZED_FAMILY				presentation_level_only_geometry_identity_unresolved							not_applicable_uncomputed			340	eight_plane_arrangement_family						False	The software can parse and test the symbolic family, but the local CKC payload does not include the parameter ideal/excluded loci needed to recover the classified incidence table.			ckc:340
unresolved_source_parameter_constraints_missing_from_local_payload					parameterized	YES	341	extracted	S0_UNVALIDATED_SOURCE_RECORD	SOURCE_PRESENTATION_PAIRWISE_COMPARISON_NOT_GEOMETRY_COLLAPSE		8bbf1dff732529afb634f4a24c1d250d3e7ff3a54c79cbfd9c3584e4bca1622b			PARAMETERIZED_FAMILY				presentation_level_only_geometry_identity_unresolved							not_applicable_uncomputed			341	eight_plane_arrangement_family						False	The software can parse and test the symbolic family, but the local CKC payload does not include the parameter ideal/excluded loci needed to recover the classified incidence table.			ckc:341
unresolved_source_parameter_constraints_missing_from_local_payload					parameterized	YES	342	extracted	S0_UNVALIDATED_SOURCE_RECORD	SOURCE_PRESENTATION_PAIRWISE_COMPARISON_NOT_GEOMETRY_COLLAPSE		8bbf1dff732529afb634f4a24c1d250d3e7ff3a54c79cbfd9c3584e4bca1622b			PARAMETERIZED_FAMILY				presentation_level_only_geometry_identity_unresolved							not_applicable_uncomputed			342	eight_plane_arrangement_family						False	The software can parse and test the symbolic family, but the local CKC payload does not include the parameter ideal/excluded loci needed to recover the classified incidence table.			ckc:342
unresolved_source_parameter_constraints_missing_from_local_payload					parameterized	YES	343	extracted	S0_UNVALIDATED_SOURCE_RECORD	SOURCE_PRESENTATION_PAIRWISE_COMPARISON_NOT_GEOMETRY_COLLAPSE		8bbf1dff732529afb634f4a24c1d250d3e7ff3a54c79cbfd9c3584e4bca1622b			PARAMETERIZED_FAMILY				presentation_level_only_geometry_identity_unresolved							not_applicable_uncomputed			343	eight_plane_arrangement_family						False	The software can parse and test the symbolic family, but the local CKC payload does not include the parameter ideal/excluded loci needed to recover the classified incidence table.			ckc:343
unresolved_source_parameter_constraints_missing_from_local_payload					parameterized	YES	344	extracted	S0_UNVALIDATED_SOURCE_RECORD	SOURCE_PRESENTATION_PAIRWISE_COMPARISON_NOT_GEOMETRY_COLLAPSE		8bbf1dff732529afb634f4a24c1d250d3e7ff3a54c79cbfd9c3584e4bca1622b			PARAMETERIZED_FAMILY				presentation_level_only_geometry_identity_unresolved							not_applicable_uncomputed			344	eight_plane_arrangement_family						False	The software can parse and test the symbolic family, but the local CKC payload does not include the parameter ideal/excluded loci needed to recover the classified incidence table.			ckc:344
unresolved_source_parameter_constraints_missing_from_local_payload					parameterized	YES	345	extracted	S0_UNVALIDATED_SOURCE_RECORD	SOURCE_PRESENTATION_PAIRWISE_COMPARISON_NOT_GEOMETRY_COLLAPSE		8bbf1dff732529afb634f4a24c1d250d3e7ff3a54c79cbfd9c3584e4bca1622b			PARAMETERIZED_FAMILY				presentation_level_only_geometry_identity_unresolved							not_applicable_uncomputed			345	eight_plane_arrangement_family						False	The software can parse and test the symbolic family, but the local CKC payload does not include the parameter ideal/excluded loci needed to recover the classified incidence table.			ckc:345
unresolved_source_parameter_constraints_missing_from_local_payload					parameterized	YES	346	extracted	S0_UNVALIDATED_SOURCE_RECORD	SOURCE_PRESENTATION_PAIRWISE_COMPARISON_NOT_GEOMETRY_COLLAPSE		8bbf1dff732529afb634f4a24c1d250d3e7ff3a54c79cbfd9c3584e4bca1622b			PARAMETERIZED_FAMILY				presentation_level_only_geometry_identity_unresolved							not_applicable_uncomputed			346	eight_plane_arrangement_family						False	The software can parse and test the symbolic family, but the local CKC payload does not include the parameter ideal/excluded loci needed to recover the classified incidence table.			ckc:346
unresolved_source_parameter_constraints_missing_from_local_payload					parameterized	YES	347	extracted	S0_UNVALIDATED_SOURCE_RECORD	SOURCE_PRESENTATION_PAIRWISE_COMPARISON_NOT_GEOMETRY_COLLAPSE		8bbf1dff732529afb634f4a24c1d250d3e7ff3a54c79cbfd9c3584e4bca1622b			PARAMETERIZED_FAMILY				presentation_level_only_geometry_identity_unresolved							not_applicable_uncomputed			347	eight_plane_arrangement_family						False	The software can parse and test the symbolic family, but the local CKC payload does not include the parameter ideal/excluded loci needed to recover the classified incidence table.			ckc:347
unresolved_source_parameter_constraints_missing_from_local_payload					parameterized	YES	348	extracted	S0_UNVALIDATED_SOURCE_RECORD	SOURCE_PRESENTATION_PAIRWISE_COMPARISON_NOT_GEOMETRY_COLLAPSE		8bbf1dff732529afb634f4a24c1d250d3e7ff3a54c79cbfd9c3584e4bca1622b			PARAMETERIZED_FAMILY				presentation_level_only_geometry_identity_unresolved							not_applicable_uncomputed			348	eight_plane_arrangement_family						False	The software can parse and test the symbolic family, but the local CKC payload does not include the parameter ideal/excluded loci needed to recover the classified incidence table.			ckc:348
unresolved_source_parameter_constraints_missing_from_local_payload					parameterized	YES	349	extracted	S0_UNVALIDATED_SOURCE_RECORD	SOURCE_PRESENTATION_PAIRWISE_COMPARISON_NOT_GEOMETRY_COLLAPSE		8bbf1dff732529afb634f4a24c1d250d3e7ff3a54c79cbfd9c3584e4bca1622b			PARAMETERIZED_FAMILY				presentation_level_only_geometry_identity_unresolved							not_applicable_uncomputed			349	eight_plane_arrangement_family						False	The software can parse and test the symbolic family, but the local CKC payload does not include the parameter ideal/excluded loci needed to recover the classified incidence table.			ckc:349
unresolved_source_parameter_constraints_missing_from_local_payload					parameterized	YES	350	extracted	S0_UNVALIDATED_SOURCE_RECORD	SOURCE_PRESENTATION_PAIRWISE_COMPARISON_NOT_GEOMETRY_COLLAPSE		8bbf1dff732529afb634f4a24c1d250d3e7ff3a54c79cbfd9c3584e4bca1622b			PARAMETERIZED_FAMILY				presentation_level_only_geometry_identity_unresolved							not_applicable_uncomputed			350	eight_plane_arrangement_family						False	The software can parse and test the symbolic family, but the local CKC payload does not include the parameter ideal/excluded loci needed to recover the classified incidence table.			ckc:350
unresolved_source_parameter_constraints_missing_from_local_payload					parameterized	YES	351	extracted	S0_UNVALIDATED_SOURCE_RECORD	SOURCE_PRESENTATION_PAIRWISE_COMPARISON_NOT_GEOMETRY_COLLAPSE		8bbf1dff732529afb634f4a24c1d250d3e7ff3a54c79cbfd9c3584e4bca1622b			PARAMETERIZED_FAMILY				presentation_level_only_geometry_identity_unresolved							not_applicable_uncomputed			351	eight_plane_arrangement_family						False	The software can parse and test the symbolic family, but the local CKC payload does not include the parameter ideal/excluded loci needed to recover the classified incidence table.			ckc:351
unresolved_source_parameter_constraints_missing_from_local_payload					parameterized	YES	352	extracted	S0_UNVALIDATED_SOURCE_RECORD	SOURCE_PRESENTATION_PAIRWISE_COMPARISON_NOT_GEOMETRY_COLLAPSE		8bbf1dff732529afb634f4a24c1d250d3e7ff3a54c79cbfd9c3584e4bca1622b			PARAMETERIZED_FAMILY				presentation_level_only_geometry_identity_unresolved							not_applicable_uncomputed			352	eight_plane_arrangement_family						False	The software can parse and test the symbolic family, but the local CKC payload does not include the parameter ideal/excluded loci needed to recover the classified incidence table.			ckc:352
unresolved_source_parameter_constraints_missing_from_local_payload					parameterized	YES	353	extracted	S0_UNVALIDATED_SOURCE_RECORD	SOURCE_PRESENTATION_PAIRWISE_COMPARISON_NOT_GEOMETRY_COLLAPSE		8bbf1dff732529afb634f4a24c1d250d3e7ff3a54c79cbfd9c3584e4bca1622b			PARAMETERIZED_FAMILY				presentation_level_only_geometry_identity_unresolved							not_applicable_uncomputed			353	eight_plane_arrangement_family						False	The software can parse and test the symbolic family, but the local CKC payload does not include the parameter ideal/excluded loci needed to recover the classified incidence table.			ckc:353
unresolved_source_parameter_constraints_missing_from_local_payload					parameterized	YES	354	extracted	S0_UNVALIDATED_SOURCE_RECORD	SOURCE_PRESENTATION_PAIRWISE_COMPARISON_NOT_GEOMETRY_COLLAPSE		8bbf1dff732529afb634f4a24c1d250d3e7ff3a54c79cbfd9c3584e4bca1622b			PARAMETERIZED_FAMILY				presentation_level_only_geometry_identity_unresolved							not_applicable_uncomputed			354	eight_plane_arrangement_family						False	The software can parse and test the symbolic family, but the local CKC payload does not include the parameter ideal/excluded loci needed to recover the classified incidence table.			ckc:354
unresolved_source_parameter_constraints_missing_from_local_payload					parameterized	YES	355	extracted	S0_UNVALIDATED_SOURCE_RECORD	SOURCE_PRESENTATION_PAIRWISE_COMPARISON_NOT_GEOMETRY_COLLAPSE		8bbf1dff732529afb634f4a24c1d250d3e7ff3a54c79cbfd9c3584e4bca1622b			PARAMETERIZED_FAMILY				presentation_level_only_geometry_identity_unresolved							not_applicable_uncomputed			355	eight_plane_arrangement_family						False	The software can parse and test the symbolic family, but the local CKC payload does not include the parameter ideal/excluded loci needed to recover the classified incidence table.			ckc:355
unresolved_source_parameter_constraints_missing_from_local_payload					parameterized	YES	356	extracted	S0_UNVALIDATED_SOURCE_RECORD	SOURCE_PRESENTATION_PAIRWISE_COMPARISON_NOT_GEOMETRY_COLLAPSE		8bbf1dff732529afb634f4a24c1d250d3e7ff3a54c79cbfd9c3584e4bca1622b			PARAMETERIZED_FAMILY				presentation_level_only_geometry_identity_unresolved							not_applicable_uncomputed			356	eight_plane_arrangement_family						False	The software can parse and test the symbolic family, but the local CKC payload does not include the parameter ideal/excluded loci needed to recover the classified incidence table.			ckc:356
unresolved_source_parameter_constraints_missing_from_local_payload					parameterized	YES	357	extracted	S0_UNVALIDATED_SOURCE_RECORD	SOURCE_PRESENTATION_PAIRWISE_COMPARISON_NOT_GEOMETRY_COLLAPSE		8bbf1dff732529afb634f4a24c1d250d3e7ff3a54c79cbfd9c3584e4bca1622b			PARAMETERIZED_FAMILY				presentation_level_only_geometry_identity_unresolved							not_applicable_uncomputed			357	eight_plane_arrangement_family						False	The software can parse and test the symbolic family, but the local CKC payload does not include the parameter ideal/excluded loci needed to recover the classified incidence table.			ckc:357
unresolved_source_parameter_constraints_missing_from_local_payload					parameterized	YES	358	extracted	S0_UNVALIDATED_SOURCE_RECORD	SOURCE_PRESENTATION_PAIRWISE_COMPARISON_NOT_GEOMETRY_COLLAPSE		8bbf1dff732529afb634f4a24c1d250d3e7ff3a54c79cbfd9c3584e4bca1622b			PARAMETERIZED_FAMILY				presentation_level_only_geometry_identity_unresolved							not_applicable_uncomputed			358	eight_plane_arrangement_family						False	The software can parse and test the symbolic family, but the local CKC payload does not include the parameter ideal/excluded loci needed to recover the classified incidence table.			ckc:358
unresolved_source_parameter_constraints_missing_from_local_payload					parameterized	YES	359	extracted	S0_UNVALIDATED_SOURCE_RECORD	SOURCE_PRESENTATION_PAIRWISE_COMPARISON_NOT_GEOMETRY_COLLAPSE		8bbf1dff732529afb634f4a24c1d250d3e7ff3a54c79cbfd9c3584e4bca1622b			PARAMETERIZED_FAMILY				presentation_level_only_geometry_identity_unresolved							not_applicable_uncomputed			359	eight_plane_arrangement_family						False	The software can parse and test the symbolic family, but the local CKC payload does not include the parameter ideal/excluded loci needed to recover the classified incidence table.			ckc:359
unresolved_source_parameter_constraints_missing_from_local_payload					parameterized	YES	360	extracted	S0_UNVALIDATED_SOURCE_RECORD	SOURCE_PRESENTATION_PAIRWISE_COMPARISON_NOT_GEOMETRY_COLLAPSE		8bbf1dff732529afb634f4a24c1d250d3e7ff3a54c79cbfd9c3584e4bca1622b			PARAMETERIZED_FAMILY				presentation_level_only_geometry_identity_unresolved							not_applicable_uncomputed			360	eight_plane_arrangement_family						False	The software can parse and test the symbolic family, but the local CKC payload does not include the parameter ideal/excluded loci needed to recover the classified incidence table.			ckc:360
unresolved_source_parameter_constraints_missing_from_local_payload					parameterized	YES	361	extracted	S0_UNVALIDATED_SOURCE_RECORD	SOURCE_PRESENTATION_PAIRWISE_COMPARISON_NOT_GEOMETRY_COLLAPSE		8bbf1dff732529afb634f4a24c1d250d3e7ff3a54c79cbfd9c3584e4bca1622b			PARAMETERIZED_FAMILY				presentation_level_only_geometry_identity_unresolved							not_applicable_uncomputed			361	eight_plane_arrangement_family						False	The software can parse and test the symbolic family, but the local CKC payload does not include the parameter ideal/excluded loci needed to recover the classified incidence table.			ckc:361
unresolved_source_parameter_constraints_missing_from_local_payload					parameterized	YES	362	extracted	S0_UNVALIDATED_SOURCE_RECORD	SOURCE_PRESENTATION_PAIRWISE_COMPARISON_NOT_GEOMETRY_COLLAPSE		8bbf1dff732529afb634f4a24c1d250d3e7ff3a54c79cbfd9c3584e4bca1622b			PARAMETERIZED_FAMILY				presentation_level_only_geometry_identity_unresolved							not_applicable_uncomputed			362	eight_plane_arrangement_family						False	The software can parse and test the symbolic family, but the local CKC payload does not include the parameter ideal/excluded loci needed to recover the classified incidence table.			ckc:362
unresolved_source_parameter_constraints_missing_from_local_payload					parameterized	YES	363	extracted	S0_UNVALIDATED_SOURCE_RECORD	SOURCE_PRESENTATION_PAIRWISE_COMPARISON_NOT_GEOMETRY_COLLAPSE		8bbf1dff732529afb634f4a24c1d250d3e7ff3a54c79cbfd9c3584e4bca1622b			PARAMETERIZED_FAMILY				presentation_level_only_geometry_identity_unresolved							not_applicable_uncomputed			363	eight_plane_arrangement_family						False	The software can parse and test the symbolic family, but the local CKC payload does not include the parameter ideal/excluded loci needed to recover the classified incidence table.			ckc:363
unresolved_source_parameter_constraints_missing_from_local_payload					parameterized	YES	364	extracted	S0_UNVALIDATED_SOURCE_RECORD	SOURCE_PRESENTATION_PAIRWISE_COMPARISON_NOT_GEOMETRY_COLLAPSE		8bbf1dff732529afb634f4a24c1d250d3e7ff3a54c79cbfd9c3584e4bca1622b			PARAMETERIZED_FAMILY				presentation_level_only_geometry_identity_unresolved							not_applicable_uncomputed			364	eight_plane_arrangement_family						False	The software can parse and test the symbolic family, but the local CKC payload does not include the parameter ideal/excluded loci needed to recover the classified incidence table.			ckc:364
unresolved_source_parameter_constraints_missing_from_local_payload					parameterized	YES	365	extracted	S0_UNVALIDATED_SOURCE_RECORD	SOURCE_PRESENTATION_PAIRWISE_COMPARISON_NOT_GEOMETRY_COLLAPSE		8bbf1dff732529afb634f4a24c1d250d3e7ff3a54c79cbfd9c3584e4bca1622b			PARAMETERIZED_FAMILY				presentation_level_only_geometry_identity_unresolved							not_applicable_uncomputed			365	eight_plane_arrangement_family						False	The software can parse and test the symbolic family, but the local CKC payload does not include the parameter ideal/excluded loci needed to recover the classified incidence table.			ckc:365
unresolved_source_parameter_constraints_missing_from_local_payload					parameterized	YES	366	extracted	S0_UNVALIDATED_SOURCE_RECORD	SOURCE_PRESENTATION_PAIRWISE_COMPARISON_NOT_GEOMETRY_COLLAPSE		8bbf1dff732529afb634f4a24c1d250d3e7ff3a54c79cbfd9c3584e4bca1622b			PARAMETERIZED_FAMILY				presentation_level_only_geometry_identity_unresolved							not_applicable_uncomputed			366	eight_plane_arrangement_family						False	The software can parse and test the symbolic family, but the local CKC payload does not include the parameter ideal/excluded loci needed to recover the classified incidence table.			ckc:366
unresolved_source_parameter_constraints_missing_from_local_payload					parameterized	YES	367	extracted	S0_UNVALIDATED_SOURCE_RECORD	SOURCE_PRESENTATION_PAIRWISE_COMPARISON_NOT_GEOMETRY_COLLAPSE		8bbf1dff732529afb634f4a24c1d250d3e7ff3a54c79cbfd9c3584e4bca1622b			PARAMETERIZED_FAMILY				presentation_level_only_geometry_identity_unresolved							not_applicable_uncomputed			367	eight_plane_arrangement_family						False	The software can parse and test the symbolic family, but the local CKC payload does not include the parameter ideal/excluded loci needed to recover the classified incidence table.			ckc:367
unresolved_source_parameter_constraints_missing_from_local_payload					parameterized	YES	368	extracted	S0_UNVALIDATED_SOURCE_RECORD	SOURCE_PRESENTATION_PAIRWISE_COMPARISON_NOT_GEOMETRY_COLLAPSE		8bbf1dff732529afb634f4a24c1d250d3e7ff3a54c79cbfd9c3584e4bca1622b			PARAMETERIZED_FAMILY				presentation_level_only_geometry_identity_unresolved							not_applicable_uncomputed			368	eight_plane_arrangement_family						False	The software can parse and test the symbolic family, but the local CKC payload does not include the parameter ideal/excluded loci needed to recover the classified incidence table.			ckc:368
unresolved_source_parameter_constraints_missing_from_local_payload					parameterized	YES	369	extracted	S0_UNVALIDATED_SOURCE_RECORD	SOURCE_PRESENTATION_PAIRWISE_COMPARISON_NOT_GEOMETRY_COLLAPSE		8bbf1dff732529afb634f4a24c1d250d3e7ff3a54c79cbfd9c3584e4bca1622b			PARAMETERIZED_FAMILY				presentation_level_only_geometry_identity_unresolved							not_applicable_uncomputed			369	eight_plane_arrangement_family						False	The software can parse and test the symbolic family, but the local CKC payload does not include the parameter ideal/excluded loci needed to recover the classified incidence table.			ckc:369
unresolved_source_parameter_constraints_missing_from_local_payload					parameterized	YES	370	extracted	S0_UNVALIDATED_SOURCE_RECORD	SOURCE_PRESENTATION_PAIRWISE_COMPARISON_NOT_GEOMETRY_COLLAPSE		8bbf1dff732529afb634f4a24c1d250d3e7ff3a54c79cbfd9c3584e4bca1622b			PARAMETERIZED_FAMILY				presentation_level_only_geometry_identity_unresolved							not_applicable_uncomputed			370	eight_plane_arrangement_family						False	The software can parse and test the symbolic family, but the local CKC payload does not include the parameter ideal/excluded loci needed to recover the classified incidence table.			ckc:370
unresolved_source_parameter_constraints_missing_from_local_payload					parameterized	YES	371	extracted	S0_UNVALIDATED_SOURCE_RECORD	SOURCE_PRESENTATION_PAIRWISE_COMPARISON_NOT_GEOMETRY_COLLAPSE		8bbf1dff732529afb634f4a24c1d250d3e7ff3a54c79cbfd9c3584e4bca1622b			PARAMETERIZED_FAMILY				presentation_level_only_geometry_identity_unresolved							not_applicable_uncomputed			371	eight_plane_arrangement_family						False	The software can parse and test the symbolic family, but the local CKC payload does not include the parameter ideal/excluded loci needed to recover the classified incidence table.			ckc:371
unresolved_source_parameter_constraints_missing_from_local_payload					parameterized	YES	372	extracted	S0_UNVALIDATED_SOURCE_RECORD	SOURCE_PRESENTATION_PAIRWISE_COMPARISON_NOT_GEOMETRY_COLLAPSE		8bbf1dff732529afb634f4a24c1d250d3e7ff3a54c79cbfd9c3584e4bca1622b			PARAMETERIZED_FAMILY				presentation_level_only_geometry_identity_unresolved							not_applicable_uncomputed			372	eight_plane_arrangement_family						False	The software can parse and test the symbolic family, but the local CKC payload does not include the parameter ideal/excluded loci needed to recover the classified incidence table.			ckc:372
unresolved_source_parameter_constraints_missing_from_local_payload					parameterized	YES	373	extracted	S0_UNVALIDATED_SOURCE_RECORD	SOURCE_PRESENTATION_PAIRWISE_COMPARISON_NOT_GEOMETRY_COLLAPSE		8bbf1dff732529afb634f4a24c1d250d3e7ff3a54c79cbfd9c3584e4bca1622b			PARAMETERIZED_FAMILY				presentation_level_only_geometry_identity_unresolved							not_applicable_uncomputed			373	eight_plane_arrangement_family						False	The software can parse and test the symbolic family, but the local CKC payload does not include the parameter ideal/excluded loci needed to recover the classified incidence table.			ckc:373
unresolved_source_parameter_constraints_missing_from_local_payload					parameterized	YES	374	extracted	S0_UNVALIDATED_SOURCE_RECORD	SOURCE_PRESENTATION_PAIRWISE_COMPARISON_NOT_GEOMETRY_COLLAPSE		8bbf1dff732529afb634f4a24c1d250d3e7ff3a54c79cbfd9c3584e4bca1622b			PARAMETERIZED_FAMILY				presentation_level_only_geometry_identity_unresolved							not_applicable_uncomputed			374	eight_plane_arrangement_family						False	The software can parse and test the symbolic family, but the local CKC payload does not include the parameter ideal/excluded loci needed to recover the classified incidence table.			ckc:374
unresolved_source_parameter_constraints_missing_from_local_payload					parameterized	YES	375	extracted	S0_UNVALIDATED_SOURCE_RECORD	SOURCE_PRESENTATION_PAIRWISE_COMPARISON_NOT_GEOMETRY_COLLAPSE		8bbf1dff732529afb634f4a24c1d250d3e7ff3a54c79cbfd9c3584e4bca1622b			PARAMETERIZED_FAMILY				presentation_level_only_geometry_identity_unresolved							not_applicable_uncomputed			375	eight_plane_arrangement_family						False	The software can parse and test the symbolic family, but the local CKC payload does not include the parameter ideal/excluded loci needed to recover the classified incidence table.			ckc:375
unresolved_source_parameter_constraints_missing_from_local_payload					parameterized	YES	376	extracted	S0_UNVALIDATED_SOURCE_RECORD	SOURCE_PRESENTATION_PAIRWISE_COMPARISON_NOT_GEOMETRY_COLLAPSE		8bbf1dff732529afb634f4a24c1d250d3e7ff3a54c79cbfd9c3584e4bca1622b			PARAMETERIZED_FAMILY				presentation_level_only_geometry_identity_unresolved							not_applicable_uncomputed			376	eight_plane_arrangement_family						False	The software can parse and test the symbolic family, but the local CKC payload does not include the parameter ideal/excluded loci needed to recover the classified incidence table.			ckc:376
unresolved_source_parameter_constraints_missing_from_local_payload					parameterized	YES	377	extracted	S0_UNVALIDATED_SOURCE_RECORD	SOURCE_PRESENTATION_PAIRWISE_COMPARISON_NOT_GEOMETRY_COLLAPSE		8bbf1dff732529afb634f4a24c1d250d3e7ff3a54c79cbfd9c3584e4bca1622b			PARAMETERIZED_FAMILY				presentation_level_only_geometry_identity_unresolved							not_applicable_uncomputed			377	eight_plane_arrangement_family						False	The software can parse and test the symbolic family, but the local CKC payload does not include the parameter ideal/excluded loci needed to recover the classified incidence table.			ckc:377
unresolved_source_parameter_constraints_missing_from_local_payload					parameterized	YES	378	extracted	S0_UNVALIDATED_SOURCE_RECORD	SOURCE_PRESENTATION_PAIRWISE_COMPARISON_NOT_GEOMETRY_COLLAPSE		8bbf1dff732529afb634f4a24c1d250d3e7ff3a54c79cbfd9c3584e4bca1622b			PARAMETERIZED_FAMILY				presentation_level_only_geometry_identity_unresolved							not_applicable_uncomputed			378	eight_plane_arrangement_family						False	The software can parse and test the symbolic family, but the local CKC payload does not include the parameter ideal/excluded loci needed to recover the classified incidence table.			ckc:378
unresolved_source_parameter_constraints_missing_from_local_payload					parameterized	YES	379	extracted	S0_UNVALIDATED_SOURCE_RECORD	SOURCE_PRESENTATION_PAIRWISE_COMPARISON_NOT_GEOMETRY_COLLAPSE		8bbf1dff732529afb634f4a24c1d250d3e7ff3a54c79cbfd9c3584e4bca1622b			PARAMETERIZED_FAMILY				presentation_level_only_geometry_identity_unresolved							not_applicable_uncomputed			379	eight_plane_arrangement_family						False	The software can parse and test the symbolic family, but the local CKC payload does not include the parameter ideal/excluded loci needed to recover the classified incidence table.			ckc:379
unresolved_source_parameter_constraints_missing_from_local_payload					parameterized	YES	380	extracted	S0_UNVALIDATED_SOURCE_RECORD	SOURCE_PRESENTATION_PAIRWISE_COMPARISON_NOT_GEOMETRY_COLLAPSE		8bbf1dff732529afb634f4a24c1d250d3e7ff3a54c79cbfd9c3584e4bca1622b			PARAMETERIZED_FAMILY				presentation_level_only_geometry_identity_unresolved							not_applicable_uncomputed			380	eight_plane_arrangement_family						False	The software can parse and test the symbolic family, but the local CKC payload does not include the parameter ideal/excluded loci needed to recover the classified incidence table.			ckc:380
unresolved_source_parameter_constraints_missing_from_local_payload					parameterized	YES	381	extracted	S0_UNVALIDATED_SOURCE_RECORD	SOURCE_PRESENTATION_PAIRWISE_COMPARISON_NOT_GEOMETRY_COLLAPSE		8bbf1dff732529afb634f4a24c1d250d3e7ff3a54c79cbfd9c3584e4bca1622b			PARAMETERIZED_FAMILY				presentation_level_only_geometry_identity_unresolved							not_applicable_uncomputed			381	eight_plane_arrangement_family						False	The software can parse and test the symbolic family, but the local CKC payload does not include the parameter ideal/excluded loci needed to recover the classified incidence table.			ckc:381
unresolved_source_parameter_constraints_missing_from_local_payload					parameterized	YES	382	extracted	S0_UNVALIDATED_SOURCE_RECORD	SOURCE_PRESENTATION_PAIRWISE_COMPARISON_NOT_GEOMETRY_COLLAPSE		8bbf1dff732529afb634f4a24c1d250d3e7ff3a54c79cbfd9c3584e4bca1622b			PARAMETERIZED_FAMILY				presentation_level_only_geometry_identity_unresolved							not_applicable_uncomputed			382	eight_plane_arrangement_family						False	The software can parse and test the symbolic family, but the local CKC payload does not include the parameter ideal/excluded loci needed to recover the classified incidence table.			ckc:382
unresolved_source_parameter_constraints_missing_from_local_payload					parameterized	YES	383	extracted	S0_UNVALIDATED_SOURCE_RECORD	SOURCE_PRESENTATION_PAIRWISE_COMPARISON_NOT_GEOMETRY_COLLAPSE		8bbf1dff732529afb634f4a24c1d250d3e7ff3a54c79cbfd9c3584e4bca1622b			PARAMETERIZED_FAMILY				presentation_level_only_geometry_identity_unresolved							not_applicable_uncomputed			383	eight_plane_arrangement_family						False	The software can parse and test the symbolic family, but the local CKC payload does not include the parameter ideal/excluded loci needed to recover the classified incidence table.			ckc:383
unresolved_source_parameter_constraints_missing_from_local_payload					parameterized	YES	384	extracted	S0_UNVALIDATED_SOURCE_RECORD	SOURCE_PRESENTATION_PAIRWISE_COMPARISON_NOT_GEOMETRY_COLLAPSE		8bbf1dff732529afb634f4a24c1d250d3e7ff3a54c79cbfd9c3584e4bca1622b			PARAMETERIZED_FAMILY				presentation_level_only_geometry_identity_unresolved							not_applicable_uncomputed			384	eight_plane_arrangement_family						False	The software can parse and test the symbolic family, but the local CKC payload does not include the parameter ideal/excluded loci needed to recover the classified incidence table.			ckc:384
unresolved_source_parameter_constraints_missing_from_local_payload					parameterized	YES	385	extracted	S0_UNVALIDATED_SOURCE_RECORD	SOURCE_PRESENTATION_PAIRWISE_COMPARISON_NOT_GEOMETRY_COLLAPSE		8bbf1dff732529afb634f4a24c1d250d3e7ff3a54c79cbfd9c3584e4bca1622b			PARAMETERIZED_FAMILY				presentation_level_only_geometry_identity_unresolved							not_applicable_uncomputed			385	eight_plane_arrangement_family						False	The software can parse and test the symbolic family, but the local CKC payload does not include the parameter ideal/excluded loci needed to recover the classified incidence table.			ckc:385
unresolved_source_parameter_constraints_missing_from_local_payload					parameterized	YES	386	extracted	S0_UNVALIDATED_SOURCE_RECORD	SOURCE_PRESENTATION_PAIRWISE_COMPARISON_NOT_GEOMETRY_COLLAPSE		8bbf1dff732529afb634f4a24c1d250d3e7ff3a54c79cbfd9c3584e4bca1622b			PARAMETERIZED_FAMILY				presentation_level_only_geometry_identity_unresolved							not_applicable_uncomputed			386	eight_plane_arrangement_family						False	The software can parse and test the symbolic family, but the local CKC payload does not include the parameter ideal/excluded loci needed to recover the classified incidence table.			ckc:386
unresolved_source_parameter_constraints_missing_from_local_payload					parameterized	YES	387	extracted	S0_UNVALIDATED_SOURCE_RECORD	SOURCE_PRESENTATION_PAIRWISE_COMPARISON_NOT_GEOMETRY_COLLAPSE		8bbf1dff732529afb634f4a24c1d250d3e7ff3a54c79cbfd9c3584e4bca1622b			PARAMETERIZED_FAMILY				presentation_level_only_geometry_identity_unresolved							not_applicable_uncomputed			387	eight_plane_arrangement_family						False	The software can parse and test the symbolic family, but the local CKC payload does not include the parameter ideal/excluded loci needed to recover the classified incidence table.			ckc:387
unresolved_source_parameter_constraints_missing_from_local_payload					parameterized	YES	388	extracted	S0_UNVALIDATED_SOURCE_RECORD	SOURCE_PRESENTATION_PAIRWISE_COMPARISON_NOT_GEOMETRY_COLLAPSE		8bbf1dff732529afb634f4a24c1d250d3e7ff3a54c79cbfd9c3584e4bca1622b			PARAMETERIZED_FAMILY				presentation_level_only_geometry_identity_unresolved							not_applicable_uncomputed			388	eight_plane_arrangement_family						False	The software can parse and test the symbolic family, but the local CKC payload does not include the parameter ideal/excluded loci needed to recover the classified incidence table.			ckc:388
unresolved_source_parameter_constraints_missing_from_local_payload					parameterized	YES	389	extracted	S0_UNVALIDATED_SOURCE_RECORD	SOURCE_PRESENTATION_PAIRWISE_COMPARISON_NOT_GEOMETRY_COLLAPSE		8bbf1dff732529afb634f4a24c1d250d3e7ff3a54c79cbfd9c3584e4bca1622b			PARAMETERIZED_FAMILY				presentation_level_only_geometry_identity_unresolved							not_applicable_uncomputed			389	eight_plane_arrangement_family						False	The software can parse and test the symbolic family, but the local CKC payload does not include the parameter ideal/excluded loci needed to recover the classified incidence table.			ckc:389
unresolved_source_parameter_constraints_missing_from_local_payload					parameterized	YES	390	extracted	S0_UNVALIDATED_SOURCE_RECORD	SOURCE_PRESENTATION_PAIRWISE_COMPARISON_NOT_GEOMETRY_COLLAPSE		8bbf1dff732529afb634f4a24c1d250d3e7ff3a54c79cbfd9c3584e4bca1622b			PARAMETERIZED_FAMILY				presentation_level_only_geometry_identity_unresolved							not_applicable_uncomputed			390	eight_plane_arrangement_family						False	The software can parse and test the symbolic family, but the local CKC payload does not include the parameter ideal/excluded loci needed to recover the classified incidence table.			ckc:390
unresolved_source_parameter_constraints_missing_from_local_payload					parameterized	YES	391	extracted	S0_UNVALIDATED_SOURCE_RECORD	SOURCE_PRESENTATION_PAIRWISE_COMPARISON_NOT_GEOMETRY_COLLAPSE		8bbf1dff732529afb634f4a24c1d250d3e7ff3a54c79cbfd9c3584e4bca1622b			PARAMETERIZED_FAMILY				presentation_level_only_geometry_identity_unresolved							not_applicable_uncomputed			391	eight_plane_arrangement_family						False	The software can parse and test the symbolic family, but the local CKC payload does not include the parameter ideal/excluded loci needed to recover the classified incidence table.			ckc:391
unresolved_source_parameter_constraints_missing_from_local_payload					parameterized	YES	392	extracted	S0_UNVALIDATED_SOURCE_RECORD	SOURCE_PRESENTATION_PAIRWISE_COMPARISON_NOT_GEOMETRY_COLLAPSE		8bbf1dff732529afb634f4a24c1d250d3e7ff3a54c79cbfd9c3584e4bca1622b			PARAMETERIZED_FAMILY				presentation_level_only_geometry_identity_unresolved							not_applicable_uncomputed			392	eight_plane_arrangement_family						False	The software can parse and test the symbolic family, but the local CKC payload does not include the parameter ideal/excluded loci needed to recover the classified incidence table.			ckc:392
unresolved_source_parameter_constraints_missing_from_local_payload					parameterized	YES	393	extracted	S0_UNVALIDATED_SOURCE_RECORD	SOURCE_PRESENTATION_PAIRWISE_COMPARISON_NOT_GEOMETRY_COLLAPSE		8bbf1dff732529afb634f4a24c1d250d3e7ff3a54c79cbfd9c3584e4bca1622b			PARAMETERIZED_FAMILY				presentation_level_only_geometry_identity_unresolved							not_applicable_uncomputed			393	eight_plane_arrangement_family						False	The software can parse and test the symbolic family, but the local CKC payload does not include the parameter ideal/excluded loci needed to recover the classified incidence table.			ckc:393
unresolved_source_parameter_constraints_missing_from_local_payload					parameterized	YES	394	extracted	S0_UNVALIDATED_SOURCE_RECORD	SOURCE_PRESENTATION_PAIRWISE_COMPARISON_NOT_GEOMETRY_COLLAPSE		8bbf1dff732529afb634f4a24c1d250d3e7ff3a54c79cbfd9c3584e4bca1622b			PARAMETERIZED_FAMILY				presentation_level_only_geometry_identity_unresolved							not_applicable_uncomputed			394	eight_plane_arrangement_family						False	The software can parse and test the symbolic family, but the local CKC payload does not include the parameter ideal/excluded loci needed to recover the classified incidence table.			ckc:394
unresolved_source_parameter_constraints_missing_from_local_payload					parameterized	YES	395	extracted	S0_UNVALIDATED_SOURCE_RECORD	SOURCE_PRESENTATION_PAIRWISE_COMPARISON_NOT_GEOMETRY_COLLAPSE		8bbf1dff732529afb634f4a24c1d250d3e7ff3a54c79cbfd9c3584e4bca1622b			PARAMETERIZED_FAMILY				presentation_level_only_geometry_identity_unresolved							not_applicable_uncomputed			395	eight_plane_arrangement_family						False	The software can parse and test the symbolic family, but the local CKC payload does not include the parameter ideal/excluded loci needed to recover the classified incidence table.			ckc:395
unresolved_source_parameter_constraints_missing_from_local_payload					parameterized	YES	396	extracted	S0_UNVALIDATED_SOURCE_RECORD	SOURCE_PRESENTATION_PAIRWISE_COMPARISON_NOT_GEOMETRY_COLLAPSE		8bbf1dff732529afb634f4a24c1d250d3e7ff3a54c79cbfd9c3584e4bca1622b			PARAMETERIZED_FAMILY				presentation_level_only_geometry_identity_unresolved							not_applicable_uncomputed			396	eight_plane_arrangement_family						False	The software can parse and test the symbolic family, but the local CKC payload does not include the parameter ideal/excluded loci needed to recover the classified incidence table.			ckc:396
unresolved_source_parameter_constraints_missing_from_local_payload					parameterized	YES	397	extracted	S0_UNVALIDATED_SOURCE_RECORD	SOURCE_PRESENTATION_PAIRWISE_COMPARISON_NOT_GEOMETRY_COLLAPSE		8bbf1dff732529afb634f4a24c1d250d3e7ff3a54c79cbfd9c3584e4bca1622b			PARAMETERIZED_FAMILY				presentation_level_only_geometry_identity_unresolved							not_applicable_uncomputed			397	eight_plane_arrangement_family						False	The software can parse and test the symbolic family, but the local CKC payload does not include the parameter ideal/excluded loci needed to recover the classified incidence table.			ckc:397
unresolved_source_parameter_constraints_missing_from_local_payload					parameterized	YES	398	extracted	S0_UNVALIDATED_SOURCE_RECORD	SOURCE_PRESENTATION_PAIRWISE_COMPARISON_NOT_GEOMETRY_COLLAPSE		8bbf1dff732529afb634f4a24c1d250d3e7ff3a54c79cbfd9c3584e4bca1622b			PARAMETERIZED_FAMILY				presentation_level_only_geometry_identity_unresolved							not_applicable_uncomputed			398	eight_plane_arrangement_family						False	The software can parse and test the symbolic family, but the local CKC payload does not include the parameter ideal/excluded loci needed to recover the classified incidence table.			ckc:398
unresolved_source_parameter_constraints_missing_from_local_payload					parameterized	YES	399	extracted	S0_UNVALIDATED_SOURCE_RECORD	SOURCE_PRESENTATION_PAIRWISE_COMPARISON_NOT_GEOMETRY_COLLAPSE		8bbf1dff732529afb634f4a24c1d250d3e7ff3a54c79cbfd9c3584e4bca1622b			PARAMETERIZED_FAMILY				presentation_level_only_geometry_identity_unresolved							not_applicable_uncomputed			399	eight_plane_arrangement_family						False	The software can parse and test the symbolic family, but the local CKC payload does not include the parameter ideal/excluded loci needed to recover the classified incidence table.			ckc:399
unresolved_source_parameter_constraints_missing_from_local_payload					parameterized	YES	400	extracted	S0_UNVALIDATED_SOURCE_RECORD	SOURCE_PRESENTATION_PAIRWISE_COMPARISON_NOT_GEOMETRY_COLLAPSE		8bbf1dff732529afb634f4a24c1d250d3e7ff3a54c79cbfd9c3584e4bca1622b			PARAMETERIZED_FAMILY				presentation_level_only_geometry_identity_unresolved							not_applicable_uncomputed			400	eight_plane_arrangement_family						False	The software can parse and test the symbolic family, but the local CKC payload does not include the parameter ideal/excluded loci needed to recover the classified incidence table.			ckc:400
unresolved_source_parameter_constraints_missing_from_local_payload					parameterized	YES	401	extracted	S0_UNVALIDATED_SOURCE_RECORD	SOURCE_PRESENTATION_PAIRWISE_COMPARISON_NOT_GEOMETRY_COLLAPSE		8bbf1dff732529afb634f4a24c1d250d3e7ff3a54c79cbfd9c3584e4bca1622b			PARAMETERIZED_FAMILY				presentation_level_only_geometry_identity_unresolved							not_applicable_uncomputed			401	eight_plane_arrangement_family						False	The software can parse and test the symbolic family, but the local CKC payload does not include the parameter ideal/excluded loci needed to recover the classified incidence table.			ckc:401
unresolved_source_parameter_constraints_missing_from_local_payload					parameterized	YES	402	extracted	S0_UNVALIDATED_SOURCE_RECORD	SOURCE_PRESENTATION_PAIRWISE_COMPARISON_NOT_GEOMETRY_COLLAPSE		8bbf1dff732529afb634f4a24c1d250d3e7ff3a54c79cbfd9c3584e4bca1622b			PARAMETERIZED_FAMILY				presentation_level_only_geometry_identity_unresolved							not_applicable_uncomputed			402	eight_plane_arrangement_family						False	The software can parse and test the symbolic family, but the local CKC payload does not include the parameter ideal/excluded loci needed to recover the classified incidence table.			ckc:402
unresolved_source_parameter_constraints_missing_from_local_payload					parameterized	YES	403	extracted	S0_UNVALIDATED_SOURCE_RECORD	SOURCE_PRESENTATION_PAIRWISE_COMPARISON_NOT_GEOMETRY_COLLAPSE		8bbf1dff732529afb634f4a24c1d250d3e7ff3a54c79cbfd9c3584e4bca1622b			PARAMETERIZED_FAMILY				presentation_level_only_geometry_identity_unresolved							not_applicable_uncomputed			403	eight_plane_arrangement_family						False	The software can parse and test the symbolic family, but the local CKC payload does not include the parameter ideal/excluded loci needed to recover the classified incidence table.			ckc:403
unresolved_source_parameter_constraints_missing_from_local_payload					parameterized	YES	404	extracted	S0_UNVALIDATED_SOURCE_RECORD	SOURCE_PRESENTATION_PAIRWISE_COMPARISON_NOT_GEOMETRY_COLLAPSE		8bbf1dff732529afb634f4a24c1d250d3e7ff3a54c79cbfd9c3584e4bca1622b			PARAMETERIZED_FAMILY				presentation_level_only_geometry_identity_unresolved							not_applicable_uncomputed			404	eight_plane_arrangement_family						False	The software can parse and test the symbolic family, but the local CKC payload does not include the parameter ideal/excluded loci needed to recover the classified incidence table.			ckc:404
unresolved_source_parameter_constraints_missing_from_local_payload					parameterized	YES	405	extracted	S0_UNVALIDATED_SOURCE_RECORD	SOURCE_PRESENTATION_PAIRWISE_COMPARISON_NOT_GEOMETRY_COLLAPSE		8bbf1dff732529afb634f4a24c1d250d3e7ff3a54c79cbfd9c3584e4bca1622b			PARAMETERIZED_FAMILY				presentation_level_only_geometry_identity_unresolved							not_applicable_uncomputed			405	eight_plane_arrangement_family						False	The software can parse and test the symbolic family, but the local CKC payload does not include the parameter ideal/excluded loci needed to recover the classified incidence table.			ckc:405
unresolved_source_parameter_constraints_missing_from_local_payload					parameterized	YES	406	extracted	S0_UNVALIDATED_SOURCE_RECORD	SOURCE_PRESENTATION_PAIRWISE_COMPARISON_NOT_GEOMETRY_COLLAPSE		8bbf1dff732529afb634f4a24c1d250d3e7ff3a54c79cbfd9c3584e4bca1622b			PARAMETERIZED_FAMILY				presentation_level_only_geometry_identity_unresolved							not_applicable_uncomputed			406	eight_plane_arrangement_family						False	The software can parse and test the symbolic family, but the local CKC payload does not include the parameter ideal/excluded loci needed to recover the classified incidence table.			ckc:406
unresolved_source_parameter_constraints_missing_from_local_payload					parameterized	YES	407	extracted	S0_UNVALIDATED_SOURCE_RECORD	SOURCE_PRESENTATION_PAIRWISE_COMPARISON_NOT_GEOMETRY_COLLAPSE		8bbf1dff732529afb634f4a24c1d250d3e7ff3a54c79cbfd9c3584e4bca1622b			PARAMETERIZED_FAMILY				presentation_level_only_geometry_identity_unresolved							not_applicable_uncomputed			407	eight_plane_arrangement_family						False	The software can parse and test the symbolic family, but the local CKC payload does not include the parameter ideal/excluded loci needed to recover the classified incidence table.			ckc:407
unresolved_source_parameter_constraints_missing_from_local_payload					parameterized	YES	408	extracted	S0_UNVALIDATED_SOURCE_RECORD	SOURCE_PRESENTATION_PAIRWISE_COMPARISON_NOT_GEOMETRY_COLLAPSE		8bbf1dff732529afb634f4a24c1d250d3e7ff3a54c79cbfd9c3584e4bca1622b			PARAMETERIZED_FAMILY				presentation_level_only_geometry_identity_unresolved							not_applicable_uncomputed			408	eight_plane_arrangement_family						False	The software can parse and test the symbolic family, but the local CKC payload does not include the parameter ideal/excluded loci needed to recover the classified incidence table.			ckc:408
unresolved_source_parameter_constraints_missing_from_local_payload					parameterized	YES	409	extracted	S0_UNVALIDATED_SOURCE_RECORD	SOURCE_PRESENTATION_PAIRWISE_COMPARISON_NOT_GEOMETRY_COLLAPSE		8bbf1dff732529afb634f4a24c1d250d3e7ff3a54c79cbfd9c3584e4bca1622b			PARAMETERIZED_FAMILY				presentation_level_only_geometry_identity_unresolved							not_applicable_uncomputed			409	eight_plane_arrangement_family						False	The software can parse and test the symbolic family, but the local CKC payload does not include the parameter ideal/excluded loci needed to recover the classified incidence table.			ckc:409
unresolved_source_parameter_constraints_missing_from_local_payload					parameterized	YES	410	extracted	S0_UNVALIDATED_SOURCE_RECORD	SOURCE_PRESENTATION_PAIRWISE_COMPARISON_NOT_GEOMETRY_COLLAPSE		8bbf1dff732529afb634f4a24c1d250d3e7ff3a54c79cbfd9c3584e4bca1622b			PARAMETERIZED_FAMILY				presentation_level_only_geometry_identity_unresolved							not_applicable_uncomputed			410	eight_plane_arrangement_family						False	The software can parse and test the symbolic family, but the local CKC payload does not include the parameter ideal/excluded loci needed to recover the classified incidence table.			ckc:410
unresolved_source_parameter_constraints_missing_from_local_payload					parameterized	YES	411	extracted	S0_UNVALIDATED_SOURCE_RECORD	SOURCE_PRESENTATION_PAIRWISE_COMPARISON_NOT_GEOMETRY_COLLAPSE		8bbf1dff732529afb634f4a24c1d250d3e7ff3a54c79cbfd9c3584e4bca1622b			PARAMETERIZED_FAMILY				presentation_level_only_geometry_identity_unresolved							not_applicable_uncomputed			411	eight_plane_arrangement_family						False	The software can parse and test the symbolic family, but the local CKC payload does not include the parameter ideal/excluded loci needed to recover the classified incidence table.			ckc:411
unresolved_source_parameter_constraints_missing_from_local_payload					parameterized	YES	412	extracted	S0_UNVALIDATED_SOURCE_RECORD	SOURCE_PRESENTATION_PAIRWISE_COMPARISON_NOT_GEOMETRY_COLLAPSE		8bbf1dff732529afb634f4a24c1d250d3e7ff3a54c79cbfd9c3584e4bca1622b			PARAMETERIZED_FAMILY				presentation_level_only_geometry_identity_unresolved							not_applicable_uncomputed			412	eight_plane_arrangement_family						False	The software can parse and test the symbolic family, but the local CKC payload does not include the parameter ideal/excluded loci needed to recover the classified incidence table.			ckc:412
unresolved_source_parameter_constraints_missing_from_local_payload					parameterized	YES	413	extracted	S0_UNVALIDATED_SOURCE_RECORD	SOURCE_PRESENTATION_PAIRWISE_COMPARISON_NOT_GEOMETRY_COLLAPSE		8bbf1dff732529afb634f4a24c1d250d3e7ff3a54c79cbfd9c3584e4bca1622b			PARAMETERIZED_FAMILY				presentation_level_only_geometry_identity_unresolved							not_applicable_uncomputed			413	eight_plane_arrangement_family						False	The software can parse and test the symbolic family, but the local CKC payload does not include the parameter ideal/excluded loci needed to recover the classified incidence table.			ckc:413
unresolved_source_parameter_constraints_missing_from_local_payload					parameterized	YES	414	extracted	S0_UNVALIDATED_SOURCE_RECORD	SOURCE_PRESENTATION_PAIRWISE_COMPARISON_NOT_GEOMETRY_COLLAPSE		8bbf1dff732529afb634f4a24c1d250d3e7ff3a54c79cbfd9c3584e4bca1622b			PARAMETERIZED_FAMILY				presentation_level_only_geometry_identity_unresolved							not_applicable_uncomputed			414	eight_plane_arrangement_family						False	The software can parse and test the symbolic family, but the local CKC payload does not include the parameter ideal/excluded loci needed to recover the classified incidence table.			ckc:414
unresolved_source_parameter_constraints_missing_from_local_payload					parameterized	YES	415	extracted	S0_UNVALIDATED_SOURCE_RECORD	SOURCE_PRESENTATION_PAIRWISE_COMPARISON_NOT_GEOMETRY_COLLAPSE		8bbf1dff732529afb634f4a24c1d250d3e7ff3a54c79cbfd9c3584e4bca1622b			PARAMETERIZED_FAMILY				presentation_level_only_geometry_identity_unresolved							not_applicable_uncomputed			415	eight_plane_arrangement_family						False	The software can parse and test the symbolic family, but the local CKC payload does not include the parameter ideal/excluded loci needed to recover the classified incidence table.			ckc:415
unresolved_source_parameter_constraints_missing_from_local_payload					parameterized	YES	416	extracted	S0_UNVALIDATED_SOURCE_RECORD	SOURCE_PRESENTATION_PAIRWISE_COMPARISON_NOT_GEOMETRY_COLLAPSE		8bbf1dff732529afb634f4a24c1d250d3e7ff3a54c79cbfd9c3584e4bca1622b			PARAMETERIZED_FAMILY				presentation_level_only_geometry_identity_unresolved							not_applicable_uncomputed			416	eight_plane_arrangement_family						False	The software can parse and test the symbolic family, but the local CKC payload does not include the parameter ideal/excluded loci needed to recover the classified incidence table.			ckc:416
unresolved_source_parameter_constraints_missing_from_local_payload					parameterized	YES	417	extracted	S0_UNVALIDATED_SOURCE_RECORD	SOURCE_PRESENTATION_PAIRWISE_COMPARISON_NOT_GEOMETRY_COLLAPSE		8bbf1dff732529afb634f4a24c1d250d3e7ff3a54c79cbfd9c3584e4bca1622b			PARAMETERIZED_FAMILY				presentation_level_only_geometry_identity_unresolved							not_applicable_uncomputed			417	eight_plane_arrangement_family						False	The software can parse and test the symbolic family, but the local CKC payload does not include the parameter ideal/excluded loci needed to recover the classified incidence table.			ckc:417
unresolved_source_parameter_constraints_missing_from_local_payload					parameterized	YES	418	extracted	S0_UNVALIDATED_SOURCE_RECORD	SOURCE_PRESENTATION_PAIRWISE_COMPARISON_NOT_GEOMETRY_COLLAPSE		8bbf1dff732529afb634f4a24c1d250d3e7ff3a54c79cbfd9c3584e4bca1622b			PARAMETERIZED_FAMILY				presentation_level_only_geometry_identity_unresolved							not_applicable_uncomputed			418	eight_plane_arrangement_family						False	The software can parse and test the symbolic family, but the local CKC payload does not include the parameter ideal/excluded loci needed to recover the classified incidence table.			ckc:418
unresolved_source_parameter_constraints_missing_from_local_payload					parameterized	YES	419	extracted	S0_UNVALIDATED_SOURCE_RECORD	SOURCE_PRESENTATION_PAIRWISE_COMPARISON_NOT_GEOMETRY_COLLAPSE		8bbf1dff732529afb634f4a24c1d250d3e7ff3a54c79cbfd9c3584e4bca1622b			PARAMETERIZED_FAMILY				presentation_level_only_geometry_identity_unresolved							not_applicable_uncomputed			419	eight_plane_arrangement_family						False	The software can parse and test the symbolic family, but the local CKC payload does not include the parameter ideal/excluded loci needed to recover the classified incidence table.			ckc:419
unresolved_source_parameter_constraints_missing_from_local_payload					parameterized	YES	420	extracted	S0_UNVALIDATED_SOURCE_RECORD	SOURCE_PRESENTATION_PAIRWISE_COMPARISON_NOT_GEOMETRY_COLLAPSE		8bbf1dff732529afb634f4a24c1d250d3e7ff3a54c79cbfd9c3584e4bca1622b			PARAMETERIZED_FAMILY				presentation_level_only_geometry_identity_unresolved							not_applicable_uncomputed			420	eight_plane_arrangement_family						False	The software can parse and test the symbolic family, but the local CKC payload does not include the parameter ideal/excluded loci needed to recover the classified incidence table.			ckc:420
unresolved_source_parameter_constraints_missing_from_local_payload					parameterized	YES	421	extracted	S0_UNVALIDATED_SOURCE_RECORD	SOURCE_PRESENTATION_PAIRWISE_COMPARISON_NOT_GEOMETRY_COLLAPSE		8bbf1dff732529afb634f4a24c1d250d3e7ff3a54c79cbfd9c3584e4bca1622b			PARAMETERIZED_FAMILY				presentation_level_only_geometry_identity_unresolved							not_applicable_uncomputed			421	eight_plane_arrangement_family						False	The software can parse and test the symbolic family, but the local CKC payload does not include the parameter ideal/excluded loci needed to recover the classified incidence table.			ckc:421
unresolved_source_parameter_constraints_missing_from_local_payload					parameterized	YES	422	extracted	S0_UNVALIDATED_SOURCE_RECORD	SOURCE_PRESENTATION_PAIRWISE_COMPARISON_NOT_GEOMETRY_COLLAPSE		8bbf1dff732529afb634f4a24c1d250d3e7ff3a54c79cbfd9c3584e4bca1622b			PARAMETERIZED_FAMILY				presentation_level_only_geometry_identity_unresolved							not_applicable_uncomputed			422	eight_plane_arrangement_family						False	The software can parse and test the symbolic family, but the local CKC payload does not include the parameter ideal/excluded loci needed to recover the classified incidence table.			ckc:422
unresolved_source_parameter_constraints_missing_from_local_payload					parameterized	YES	423	extracted	S0_UNVALIDATED_SOURCE_RECORD	SOURCE_PRESENTATION_PAIRWISE_COMPARISON_NOT_GEOMETRY_COLLAPSE		8bbf1dff732529afb634f4a24c1d250d3e7ff3a54c79cbfd9c3584e4bca1622b			PARAMETERIZED_FAMILY				presentation_level_only_geometry_identity_unresolved							not_applicable_uncomputed			423	eight_plane_arrangement_family						False	The software can parse and test the symbolic family, but the local CKC payload does not include the parameter ideal/excluded loci needed to recover the classified incidence table.			ckc:423
unresolved_source_parameter_constraints_missing_from_local_payload					parameterized	YES	424	extracted	S0_UNVALIDATED_SOURCE_RECORD	SOURCE_PRESENTATION_PAIRWISE_COMPARISON_NOT_GEOMETRY_COLLAPSE		8bbf1dff732529afb634f4a24c1d250d3e7ff3a54c79cbfd9c3584e4bca1622b			PARAMETERIZED_FAMILY				presentation_level_only_geometry_identity_unresolved							not_applicable_uncomputed			424	eight_plane_arrangement_family						False	The software can parse and test the symbolic family, but the local CKC payload does not include the parameter ideal/excluded loci needed to recover the classified incidence table.			ckc:424
unresolved_source_parameter_constraints_missing_from_local_payload					parameterized	YES	425	extracted	S0_UNVALIDATED_SOURCE_RECORD	SOURCE_PRESENTATION_PAIRWISE_COMPARISON_NOT_GEOMETRY_COLLAPSE		8bbf1dff732529afb634f4a24c1d250d3e7ff3a54c79cbfd9c3584e4bca1622b			PARAMETERIZED_FAMILY				presentation_level_only_geometry_identity_unresolved							not_applicable_uncomputed			425	eight_plane_arrangement_family						False	The software can parse and test the symbolic family, but the local CKC payload does not include the parameter ideal/excluded loci needed to recover the classified incidence table.			ckc:425
unresolved_source_parameter_constraints_missing_from_local_payload					parameterized	YES	426	extracted	S0_UNVALIDATED_SOURCE_RECORD	SOURCE_PRESENTATION_PAIRWISE_COMPARISON_NOT_GEOMETRY_COLLAPSE		8bbf1dff732529afb634f4a24c1d250d3e7ff3a54c79cbfd9c3584e4bca1622b			PARAMETERIZED_FAMILY				presentation_level_only_geometry_identity_unresolved							not_applicable_uncomputed			426	eight_plane_arrangement_family						False	The software can parse and test the symbolic family, but the local CKC payload does not include the parameter ideal/excluded loci needed to recover the classified incidence table.			ckc:426
unresolved_source_parameter_constraints_missing_from_local_payload					parameterized	YES	427	extracted	S0_UNVALIDATED_SOURCE_RECORD	SOURCE_PRESENTATION_PAIRWISE_COMPARISON_NOT_GEOMETRY_COLLAPSE		8bbf1dff732529afb634f4a24c1d250d3e7ff3a54c79cbfd9c3584e4bca1622b			PARAMETERIZED_FAMILY				presentation_level_only_geometry_identity_unresolved							not_applicable_uncomputed			427	eight_plane_arrangement_family						False	The software can parse and test the symbolic family, but the local CKC payload does not include the parameter ideal/excluded loci needed to recover the classified incidence table.			ckc:427
unresolved_source_parameter_constraints_missing_from_local_payload					parameterized	YES	428	extracted	S0_UNVALIDATED_SOURCE_RECORD	SOURCE_PRESENTATION_PAIRWISE_COMPARISON_NOT_GEOMETRY_COLLAPSE		8bbf1dff732529afb634f4a24c1d250d3e7ff3a54c79cbfd9c3584e4bca1622b			PARAMETERIZED_FAMILY				presentation_level_only_geometry_identity_unresolved							not_applicable_uncomputed			428	eight_plane_arrangement_family						False	The software can parse and test the symbolic family, but the local CKC payload does not include the parameter ideal/excluded loci needed to recover the classified incidence table.			ckc:428
unresolved_source_parameter_constraints_missing_from_local_payload					parameterized	YES	429	extracted	S0_UNVALIDATED_SOURCE_RECORD	SOURCE_PRESENTATION_PAIRWISE_COMPARISON_NOT_GEOMETRY_COLLAPSE		8bbf1dff732529afb634f4a24c1d250d3e7ff3a54c79cbfd9c3584e4bca1622b			PARAMETERIZED_FAMILY				presentation_level_only_geometry_identity_unresolved							not_applicable_uncomputed			429	eight_plane_arrangement_family						False	The software can parse and test the symbolic family, but the local CKC payload does not include the parameter ideal/excluded loci needed to recover the classified incidence table.			ckc:429
unresolved_source_parameter_constraints_missing_from_local_payload					parameterized	YES	430	extracted	S0_UNVALIDATED_SOURCE_RECORD	SOURCE_PRESENTATION_PAIRWISE_COMPARISON_NOT_GEOMETRY_COLLAPSE		8bbf1dff732529afb634f4a24c1d250d3e7ff3a54c79cbfd9c3584e4bca1622b			PARAMETERIZED_FAMILY				presentation_level_only_geometry_identity_unresolved							not_applicable_uncomputed			430	eight_plane_arrangement_family						False	The software can parse and test the symbolic family, but the local CKC payload does not include the parameter ideal/excluded loci needed to recover the classified incidence table.			ckc:430
unresolved_source_parameter_constraints_missing_from_local_payload					parameterized	YES	431	extracted	S0_UNVALIDATED_SOURCE_RECORD	SOURCE_PRESENTATION_PAIRWISE_COMPARISON_NOT_GEOMETRY_COLLAPSE		8bbf1dff732529afb634f4a24c1d250d3e7ff3a54c79cbfd9c3584e4bca1622b			PARAMETERIZED_FAMILY				presentation_level_only_geometry_identity_unresolved							not_applicable_uncomputed			431	eight_plane_arrangement_family						False	The software can parse and test the symbolic family, but the local CKC payload does not include the parameter ideal/excluded loci needed to recover the classified incidence table.			ckc:431
unresolved_source_parameter_constraints_missing_from_local_payload					parameterized	YES	432	extracted	S0_UNVALIDATED_SOURCE_RECORD	SOURCE_PRESENTATION_PAIRWISE_COMPARISON_NOT_GEOMETRY_COLLAPSE		8bbf1dff732529afb634f4a24c1d250d3e7ff3a54c79cbfd9c3584e4bca1622b			PARAMETERIZED_FAMILY				presentation_level_only_geometry_identity_unresolved							not_applicable_uncomputed			432	eight_plane_arrangement_family						False	The software can parse and test the symbolic family, but the local CKC payload does not include the parameter ideal/excluded loci needed to recover the classified incidence table.			ckc:432
unresolved_source_parameter_constraints_missing_from_local_payload					parameterized	YES	433	extracted	S0_UNVALIDATED_SOURCE_RECORD	SOURCE_PRESENTATION_PAIRWISE_COMPARISON_NOT_GEOMETRY_COLLAPSE		8bbf1dff732529afb634f4a24c1d250d3e7ff3a54c79cbfd9c3584e4bca1622b			PARAMETERIZED_FAMILY				presentation_level_only_geometry_identity_unresolved							not_applicable_uncomputed			433	eight_plane_arrangement_family						False	The software can parse and test the symbolic family, but the local CKC payload does not include the parameter ideal/excluded loci needed to recover the classified incidence table.			ckc:433
unresolved_source_parameter_constraints_missing_from_local_payload					parameterized	YES	434	extracted	S0_UNVALIDATED_SOURCE_RECORD	SOURCE_PRESENTATION_PAIRWISE_COMPARISON_NOT_GEOMETRY_COLLAPSE		8bbf1dff732529afb634f4a24c1d250d3e7ff3a54c79cbfd9c3584e4bca1622b			PARAMETERIZED_FAMILY				presentation_level_only_geometry_identity_unresolved							not_applicable_uncomputed			434	eight_plane_arrangement_family						False	The software can parse and test the symbolic family, but the local CKC payload does not include the parameter ideal/excluded loci needed to recover the classified incidence table.			ckc:434
unresolved_source_parameter_constraints_missing_from_local_payload					parameterized	YES	435	extracted	S0_UNVALIDATED_SOURCE_RECORD	SOURCE_PRESENTATION_PAIRWISE_COMPARISON_NOT_GEOMETRY_COLLAPSE		8bbf1dff732529afb634f4a24c1d250d3e7ff3a54c79cbfd9c3584e4bca1622b			PARAMETERIZED_FAMILY				presentation_level_only_geometry_identity_unresolved							not_applicable_uncomputed			435	eight_plane_arrangement_family						False	The software can parse and test the symbolic family, but the local CKC payload does not include the parameter ideal/excluded loci needed to recover the classified incidence table.			ckc:435
unresolved_source_parameter_constraints_missing_from_local_payload					parameterized	YES	436	extracted	S0_UNVALIDATED_SOURCE_RECORD	SOURCE_PRESENTATION_PAIRWISE_COMPARISON_NOT_GEOMETRY_COLLAPSE		8bbf1dff732529afb634f4a24c1d250d3e7ff3a54c79cbfd9c3584e4bca1622b			PARAMETERIZED_FAMILY				presentation_level_only_geometry_identity_unresolved							not_applicable_uncomputed			436	eight_plane_arrangement_family						False	The software can parse and test the symbolic family, but the local CKC payload does not include the parameter ideal/excluded loci needed to recover the classified incidence table.			ckc:436
unresolved_source_parameter_constraints_missing_from_local_payload					parameterized	YES	437	extracted	S0_UNVALIDATED_SOURCE_RECORD	SOURCE_PRESENTATION_PAIRWISE_COMPARISON_NOT_GEOMETRY_COLLAPSE		8bbf1dff732529afb634f4a24c1d250d3e7ff3a54c79cbfd9c3584e4bca1622b			PARAMETERIZED_FAMILY				presentation_level_only_geometry_identity_unresolved							not_applicable_uncomputed			437	eight_plane_arrangement_family						False	The software can parse and test the symbolic family, but the local CKC payload does not include the parameter ideal/excluded loci needed to recover the classified incidence table.			ckc:437
unresolved_source_parameter_constraints_missing_from_local_payload					parameterized	YES	438	extracted	S0_UNVALIDATED_SOURCE_RECORD	SOURCE_PRESENTATION_PAIRWISE_COMPARISON_NOT_GEOMETRY_COLLAPSE		8bbf1dff732529afb634f4a24c1d250d3e7ff3a54c79cbfd9c3584e4bca1622b			PARAMETERIZED_FAMILY				presentation_level_only_geometry_identity_unresolved							not_applicable_uncomputed			438	eight_plane_arrangement_family						False	The software can parse and test the symbolic family, but the local CKC payload does not include the parameter ideal/excluded loci needed to recover the classified incidence table.			ckc:438
unresolved_source_parameter_constraints_missing_from_local_payload					parameterized	YES	439	extracted	S0_UNVALIDATED_SOURCE_RECORD	SOURCE_PRESENTATION_PAIRWISE_COMPARISON_NOT_GEOMETRY_COLLAPSE		8bbf1dff732529afb634f4a24c1d250d3e7ff3a54c79cbfd9c3584e4bca1622b			PARAMETERIZED_FAMILY				presentation_level_only_geometry_identity_unresolved							not_applicable_uncomputed			439	eight_plane_arrangement_family						False	The software can parse and test the symbolic family, but the local CKC payload does not include the parameter ideal/excluded loci needed to recover the classified incidence table.			ckc:439
unresolved_source_parameter_constraints_missing_from_local_payload					parameterized	YES	440	extracted	S0_UNVALIDATED_SOURCE_RECORD	SOURCE_PRESENTATION_PAIRWISE_COMPARISON_NOT_GEOMETRY_COLLAPSE		8bbf1dff732529afb634f4a24c1d250d3e7ff3a54c79cbfd9c3584e4bca1622b			PARAMETERIZED_FAMILY				presentation_level_only_geometry_identity_unresolved							not_applicable_uncomputed			440	eight_plane_arrangement_family						False	The software can parse and test the symbolic family, but the local CKC payload does not include the parameter ideal/excluded loci needed to recover the classified incidence table.			ckc:440
unresolved_source_parameter_constraints_missing_from_local_payload					parameterized	YES	441	extracted	S0_UNVALIDATED_SOURCE_RECORD	SOURCE_PRESENTATION_PAIRWISE_COMPARISON_NOT_GEOMETRY_COLLAPSE		8bbf1dff732529afb634f4a24c1d250d3e7ff3a54c79cbfd9c3584e4bca1622b			PARAMETERIZED_FAMILY				presentation_level_only_geometry_identity_unresolved							not_applicable_uncomputed			441	eight_plane_arrangement_family						False	The software can parse and test the symbolic family, but the local CKC payload does not include the parameter ideal/excluded loci needed to recover the classified incidence table.			ckc:441
unresolved_source_parameter_constraints_missing_from_local_payload					parameterized	YES	442	extracted	S0_UNVALIDATED_SOURCE_RECORD	SOURCE_PRESENTATION_PAIRWISE_COMPARISON_NOT_GEOMETRY_COLLAPSE		8bbf1dff732529afb634f4a24c1d250d3e7ff3a54c79cbfd9c3584e4bca1622b			PARAMETERIZED_FAMILY				presentation_level_only_geometry_identity_unresolved							not_applicable_uncomputed			442	eight_plane_arrangement_family						False	The software can parse and test the symbolic family, but the local CKC payload does not include the parameter ideal/excluded loci needed to recover the classified incidence table.			ckc:442
unresolved_source_parameter_constraints_missing_from_local_payload					parameterized	YES	443	extracted	S0_UNVALIDATED_SOURCE_RECORD	SOURCE_PRESENTATION_PAIRWISE_COMPARISON_NOT_GEOMETRY_COLLAPSE		8bbf1dff732529afb634f4a24c1d250d3e7ff3a54c79cbfd9c3584e4bca1622b			PARAMETERIZED_FAMILY				presentation_level_only_geometry_identity_unresolved							not_applicable_uncomputed			443	eight_plane_arrangement_family						False	The software can parse and test the symbolic family, but the local CKC payload does not include the parameter ideal/excluded loci needed to recover the classified incidence table.			ckc:443
unresolved_source_parameter_constraints_missing_from_local_payload					parameterized	YES	444	extracted	S0_UNVALIDATED_SOURCE_RECORD	SOURCE_PRESENTATION_PAIRWISE_COMPARISON_NOT_GEOMETRY_COLLAPSE		8bbf1dff732529afb634f4a24c1d250d3e7ff3a54c79cbfd9c3584e4bca1622b			PARAMETERIZED_FAMILY				presentation_level_only_geometry_identity_unresolved							not_applicable_uncomputed			444	eight_plane_arrangement_family						False	The software can parse and test the symbolic family, but the local CKC payload does not include the parameter ideal/excluded loci needed to recover the classified incidence table.			ckc:444
unresolved_source_parameter_constraints_missing_from_local_payload					parameterized	YES	445	extracted	S0_UNVALIDATED_SOURCE_RECORD	SOURCE_PRESENTATION_PAIRWISE_COMPARISON_NOT_GEOMETRY_COLLAPSE		8bbf1dff732529afb634f4a24c1d250d3e7ff3a54c79cbfd9c3584e4bca1622b			PARAMETERIZED_FAMILY				presentation_level_only_geometry_identity_unresolved							not_applicable_uncomputed			445	eight_plane_arrangement_family						False	The software can parse and test the symbolic family, but the local CKC payload does not include the parameter ideal/excluded loci needed to recover the classified incidence table.			ckc:445
unresolved_source_parameter_constraints_missing_from_local_payload					parameterized	YES	446	extracted	S0_UNVALIDATED_SOURCE_RECORD	SOURCE_PRESENTATION_PAIRWISE_COMPARISON_NOT_GEOMETRY_COLLAPSE		8bbf1dff732529afb634f4a24c1d250d3e7ff3a54c79cbfd9c3584e4bca1622b			PARAMETERIZED_FAMILY				presentation_level_only_geometry_identity_unresolved							not_applicable_uncomputed			446	eight_plane_arrangement_family						False	The software can parse and test the symbolic family, but the local CKC payload does not include the parameter ideal/excluded loci needed to recover the classified incidence table.			ckc:446
unresolved_source_parameter_constraints_missing_from_local_payload					parameterized	YES	447	extracted	S0_UNVALIDATED_SOURCE_RECORD	SOURCE_PRESENTATION_PAIRWISE_COMPARISON_NOT_GEOMETRY_COLLAPSE		8bbf1dff732529afb634f4a24c1d250d3e7ff3a54c79cbfd9c3584e4bca1622b			PARAMETERIZED_FAMILY				presentation_level_only_geometry_identity_unresolved							not_applicable_uncomputed			447	eight_plane_arrangement_family						False	The software can parse and test the symbolic family, but the local CKC payload does not include the parameter ideal/excluded loci needed to recover the classified incidence table.			ckc:447
unresolved_source_parameter_constraints_missing_from_local_payload					parameterized	YES	448	extracted	S0_UNVALIDATED_SOURCE_RECORD	SOURCE_PRESENTATION_PAIRWISE_COMPARISON_NOT_GEOMETRY_COLLAPSE		8bbf1dff732529afb634f4a24c1d250d3e7ff3a54c79cbfd9c3584e4bca1622b			PARAMETERIZED_FAMILY				presentation_level_only_geometry_identity_unresolved							not_applicable_uncomputed			448	eight_plane_arrangement_family						False	The software can parse and test the symbolic family, but the local CKC payload does not include the parameter ideal/excluded loci needed to recover the classified incidence table.			ckc:448
unresolved_source_parameter_constraints_missing_from_local_payload					parameterized	YES	449	extracted	S0_UNVALIDATED_SOURCE_RECORD	SOURCE_PRESENTATION_PAIRWISE_COMPARISON_NOT_GEOMETRY_COLLAPSE		8bbf1dff732529afb634f4a24c1d250d3e7ff3a54c79cbfd9c3584e4bca1622b			PARAMETERIZED_FAMILY				presentation_level_only_geometry_identity_unresolved							not_applicable_uncomputed			449	eight_plane_arrangement_family						False	The software can parse and test the symbolic family, but the local CKC payload does not include the parameter ideal/excluded loci needed to recover the classified incidence table.			ckc:449
unresolved_source_parameter_constraints_missing_from_local_payload					parameterized	YES	450	extracted	S0_UNVALIDATED_SOURCE_RECORD	SOURCE_PRESENTATION_PAIRWISE_COMPARISON_NOT_GEOMETRY_COLLAPSE		8bbf1dff732529afb634f4a24c1d250d3e7ff3a54c79cbfd9c3584e4bca1622b			PARAMETERIZED_FAMILY				presentation_level_only_geometry_identity_unresolved							not_applicable_uncomputed			450	eight_plane_arrangement_family						False	The software can parse and test the symbolic family, but the local CKC payload does not include the parameter ideal/excluded loci needed to recover the classified incidence table.			ckc:450
unresolved_repaired_equation_inventory_mismatch					partial_or_problematic_extraction	NO	451	partial	S0_UNVALIDATED_SOURCE_RECORD	SOURCE_PRESENTATION_PAIRWISE_COMPARISON_NOT_GEOMETRY_COLLAPSE		8bbf1dff732529afb634f4a24c1d250d3e7ff3a54c79cbfd9c3584e4bca1622b			SOURCE_RECORD		"{""euler"":92,""h11"":46,""h12"":0}"	h12=0;h11=46;euler=92	presentation_level_only_geometry_identity_unresolved			"{""l3"":1,""p3"":13,""p4_0"":6,""p4_1"":3,""p5_0"":0,""p5_1"":1,""p5_2"":0}"	p3=13;p4_0=6;p4_1=3;p5_0=0;p5_1=1;p5_2=0;l3=1			not_applicable_uncomputed			451	eight_plane_arrangement_source_record						False	The local PDF equation repair for 451 does not reproduce the source-table local inventory; this is a source/transcription ambiguity, not a coefficient-domain software blocker.			ckc:451
computed_exact_repaired_quadratic_source_assembly	equivariant:a804c0dc6842e698068c8cda4e22f3969c04b29fe2222880fbfd18e392c6616d	integral:0070cd115e57a3128ea1d39ad8e133e60c77b0140e435200de9ab76fd88e7369	rational:b2d4d61e290a262226989972538a9fa6be5e0ea689b64af4fd2b00959a25a3f1	8	fixed_algebraic	NO	452	pdf_repaired	S1_SOURCE_RECOMPUTED	SOURCE_PRESENTATION_PAIRWISE_COMPARISON_NOT_GEOMETRY_COLLAPSE	2	8bbf1dff732529afb634f4a24c1d250d3e7ff3a54c79cbfd9c3584e4bca1622b		[2,2,4,4,4,4,8]	PRESENTATION		"{""euler"":76,""h11"":38,""h12"":0}"	h12=0;h11=38;euler=76	presentation_level_only_geometry_identity_unresolved		1	"{""l3"":0,""p3"":20,""p4_0"":9,""p4_1"":0,""p5_0"":0,""p5_1"":0,""p5_2"":0}"	p3=20;p4_0=9;p4_1=0;p5_0=0;p5_1=0;p5_2=0;l3=0	df16f3068c6c40a928309eccedf6318d611e3aaec6ae1779092640712c52624b	research_outputs/hodgecy_ii/source_assembly_blocker_elimination/all_456_source_assembly_matrices/source_assembly_matrix_452.json	stored_exact_integer_incidence_matrix	[1,4,4,4,4,4,8]	[4,4]	452	eight_plane_arrangement_fixed_candidate	26	27		[1,1,1,1,1,1,1,1,1,1,1,1,1,1,1,1,1,1,1,1,1,1,1,1,1,1,480]	1^26,480	True		[480]	[2,3,5]	ckc:452
computed_exact_repaired_quadratic_source_assembly	equivariant:8838e6d5aa665b46e0063ff60dfa254ffd30d17124f984e24e285a618062a464	integral:6c6ec868305437a9e3497b869036075633805d5255459917b75b9ae1c825c3cf	rational:b2d4d61e290a262226989972538a9fa6be5e0ea689b64af4fd2b00959a25a3f1	2	fixed_algebraic	NO	453	pdf_repaired	S1_SOURCE_RECOMPUTED	SOURCE_PRESENTATION_PAIRWISE_COMPARISON_NOT_GEOMETRY_COLLAPSE	2	8bbf1dff732529afb634f4a24c1d250d3e7ff3a54c79cbfd9c3584e4bca1622b		[1,1,1,1,2,2,2,2,2,2,2,2,2,2,2,2]	PRESENTATION		"{""euler"":76,""h11"":38,""h12"":0}"	h12=0;h11=38;euler=76	presentation_level_only_geometry_identity_unresolved		1	"{""l3"":0,""p3"":20,""p4_0"":9,""p4_1"":0,""p5_0"":0,""p5_1"":0,""p5_2"":0}"	p3=20;p4_0=9;p4_1=0;p5_0=0;p5_1=0;p5_2=0;l3=0	87c4e5bae7ef9aafdc1e00fbc8ed2387068b281504a01f75184d6f5122d24275	research_outputs/hodgecy_ii/source_assembly_blocker_elimination/all_456_source_assembly_matrices/source_assembly_matrix_453.json	stored_exact_integer_incidence_matrix	[1,2,2,2,2,2,2,2,2,2,2,2,2,2,2]	[2,2,2,2]	453	eight_plane_arrangement_fixed_candidate	27	27		[1,1,1,1,1,1,1,1,1,1,1,1,1,1,1,1,1,1,1,1,1,1,1,1,3,3,3]	1^24,3^3	True		[3,3,3]	[3]	ckc:453
unresolved_source_parameter_constraints_missing_from_local_payload					parameterized	YES	454	extracted	S0_UNVALIDATED_SOURCE_RECORD	SOURCE_PRESENTATION_PAIRWISE_COMPARISON_NOT_GEOMETRY_COLLAPSE		8bbf1dff732529afb634f4a24c1d250d3e7ff3a54c79cbfd9c3584e4bca1622b			PARAMETERIZED_FAMILY		"{""euler"":72,""h11"":37,""h12"":1}"	h12=1;h11=37;euler=72	presentation_level_only_geometry_identity_unresolved			"{""l3"":0,""p3"":24,""p4_0"":8,""p4_1"":0,""p5_0"":0,""p5_1"":0,""p5_2"":0}"	p3=24;p4_0=8;p4_1=0;p5_0=0;p5_1=0;p5_2=0;l3=0			not_applicable_uncomputed			454	eight_plane_arrangement_family						False	The software can parse and test the symbolic family, but the local CKC payload does not include the parameter ideal/excluded loci needed to recover the classified incidence table.			ckc:454
unresolved_source_parameter_constraints_missing_from_local_payload					parameterized	YES	455	extracted	S0_UNVALIDATED_SOURCE_RECORD	SOURCE_PRESENTATION_PAIRWISE_COMPARISON_NOT_GEOMETRY_COLLAPSE		8bbf1dff732529afb634f4a24c1d250d3e7ff3a54c79cbfd9c3584e4bca1622b			PARAMETERIZED_FAMILY		"{""euler"":68,""h11"":36,""h12"":2}"	h12=2;h11=36;euler=68	presentation_level_only_geometry_identity_unresolved			"{""l3"":0,""p3"":28,""p4_0"":7,""p4_1"":0,""p5_0"":0,""p5_1"":0,""p5_2"":0}"	p3=28;p4_0=7;p4_1=0;p5_0=0;p5_1=0;p5_2=0;l3=0			not_applicable_uncomputed			455	eight_plane_arrangement_family						False	The software can parse and test the symbolic family, but the local CKC payload does not include the parameter ideal/excluded loci needed to recover the classified incidence table.			ckc:455
