arrangement_id	ast_status	canonical_eight_factors	coefficient_domain	parse_warnings	raw_equation	top_level_factor_count
1	parsed	"[""(x-y)"", ""x"", ""y"", ""(x+t)"", ""(y+t)"", ""(x-z)"", ""z"", ""(z+t)""]"	Q		(x - y)xy(x + t)(y + t)(x - z)z(z + t)	8
2	parsed	"[""x"", ""y"", ""(A0*x+A1*y)"", ""(x+z)"", ""z"", ""(y+t)"", ""t"", ""(x+y+z+t)""]"	Q(parameters)		xy(A_{0}x + A_{1}y)(x + z)z(y + t)t(x + y + z + t)	8
3	parsed	"[""t"", ""x"", ""(x+t)"", ""y"", ""(y+t)"", ""z"", ""(z+t)"", ""(x+y-z)""]"	Q		tx(x + t)y(y + t)z(z + t)(x + y - z)	8
4	parsed	"[""t"", ""x"", ""(x+t)"", ""y"", ""(y+t)"", ""z"", ""(z+t)"", ""(A0*x+A1*y+(-A0-A1)*z)""]"	Q(parameters)		tx(x + t)y(y + t)z(z + t)(A_{0}x + A_{1}y + (-A_{0} - A_{1})z)	8
5	parsed	"[""t"", ""x"", ""(x+t)"", ""y"", ""(y+t)"", ""z"", ""(z+t)"", ""(A0*x+A1*y-A1*z)""]"	Q(parameters)		tx(x + t)y(y + t)z(z + t)(A_{0}x + A_{1}y - A_{1}z)	8
6	parsed	"[""t"", ""x"", ""(x+t)"", ""y"", ""(y+t)"", ""z"", ""(z+t)"", ""(A0*x+A1*y+A2*z)""]"	Q(parameters)		tx(x + t)y(y + t)z(z + t)(A_{0}x + A_{1}y + A_{2}z)	8
7	parsed	"[""x"", ""y"", ""(A0*x+A1*y)"", ""(A0*x+A2*z)"", ""z"", ""t"", ""(A0*x+A3*t)"", ""(x+y+z+t)""]"	Q(parameters)		xy(A_{0}x + A_{1}y)(A_{0}x + A_{2}z)zt(A_{0}x + A_{3}t)(x + y + z + t)	8
8	parsed	"[""x"", ""(x-y)"", ""y"", ""z"", ""(A0*x+A1*z)"", ""(x+t)"", ""(y+t)"", ""(z+t)""]"	Q(parameters)		x(x - y)yz(A_{0}x + A_{1}z)(x + t)(y + t)(z + t)	8
9	parsed	"[""x"", ""y"", ""(A0*x+A1*y)"", ""z"", ""(A0*x+A2*z)"", ""(y+t)"", ""t"", ""(x+y+z+t)""]"	Q(parameters)		xy(A_{0}x + A_{1}y)z(A_{0}x + A_{2}z)(y + t)t(x + y + z + t)	8
10	parsed	"[""x"", ""y"", ""(x+y)"", ""z"", ""(A0*x+A1*z)"", ""t"", ""(A0*y+A1*t)"", ""(x+y+z+t)""]"	Q(parameters)		xy(x + y)z(A_{0}x + A_{1}z)t(A_{0}y + A_{1}t)(x + y + z + t)	8
11	parsed	"[""x"", ""y"", ""(x+y)"", ""z"", ""(A0*x+A1*z)"", ""t"", ""(A0*y+A2*t)"", ""(x+y+z+t)""]"	Q(parameters)		xy(x + y)z(A_{0}x + A_{1}z)t(A_{0}y + A_{2}t)(x + y + z + t)	8
12	parsed	"[""x"", ""y"", ""(A0*x+A1*y)"", ""(A0*x+A2*z)"", ""z"", ""t"", ""(A1*y+A3*t)"", ""(x+y+z+t)""]"	Q(parameters)		xy(A_{0}x + A_{1}y)(A_{0}x + A_{2}z)zt(A_{1}y + A_{3}t)(x + y + z + t)	8
13	parsed	"[""x"", ""(A0*x+A1*t)"", ""(x+t)"", ""y"", ""(y+t)"", ""z"", ""(z+t)"", ""(y-z)""]"	Q(parameters)		x(A_{0}x + A_{1}t)(x + t)y(y + t)z(z + t)(y - z)	8
14	parsed	"[""x"", ""y"", ""(A0*x+A1*y)"", ""(x+z)"", ""z"", ""t"", ""(x+y+z+t)"", ""(A0*x+A0*y+A0*z+A2*t)""]"	Q(parameters)		xy(A_{0}x + A_{1}y)(x + z)zt(x + y + z + t)(A_{0}x + A_{0}y + A_{0}z + A_{2}t)	8
15	parsed	"[""x"", ""y"", ""(A0*x+A1*y)"", ""z"", ""(A0*x+A2*z)"", ""(A0*x+A0*y+A0*z+A3*t)"", ""t"", ""(x+y+z+t)""]"	Q(parameters)		xy(A_{0}x + A_{1}y)z(A_{0}x + A_{2}z)(A_{0}x + A_{0}y + A_{0}z + A_{3}t)t(x + y + z + t)	8
16	parsed	"[""(x-y)"", ""x"", ""y"", ""(x+t)"", ""(y+t)"", ""(A0*x+A1*y+(-A0-A1)*z)"", ""z"", ""(z+t)""]"	Q(parameters)		(x - y)xy(x + t)(y + t)(A_{0}x + A_{1}y + (-A_{0} - A_{1})z)z(z + t)	8
17	parsed	"[""x"", ""y"", ""(A0*x+A1*y)"", ""z"", ""(A0*x+A2*z)"", ""(x+t)"", ""(y+t)"", ""(z+t)""]"	Q(parameters)		xy(A_{0}x + A_{1}y)z(A_{0}x + A_{2}z)(x + t)(y + t)(z + t)	8
18	parsed	"[""x"", ""(A0*x+A1*y)"", ""y"", ""z"", ""(A0*x+A2*z)"", ""(A0*x+A3*y+A3*t)"", ""t"", ""(x+y+z+t)""]"	Q(parameters)		x(A_{0}x + A_{1}y)yz(A_{0}x + A_{2}z)(A_{0}x + A_{3}y + A_{3}t)t(x + y + z + t)	8
19	parsed	"[""(x-y)"", ""x"", ""y"", ""(x+t)"", ""(y+t)"", ""z"", ""(x+y-z)"", ""(z+t)""]"	Q		(x - y)xy(x + t)(y + t)z(x + y - z)(z + t)	8
20	parsed	"[""(x-y)"", ""x"", ""y"", ""(y+t)"", ""(x+t)"", ""(A0*x+A1*y-A1*z)"", ""z"", ""(z+t)""]"	Q(parameters)		(x - y)xy(y + t)(x + t)(A_{0}x + A_{1}y - A_{1}z)z(z + t)	8
21	parsed	"[""x"", ""y"", ""(x+y)"", ""z"", ""(A0*x+A1*z)"", ""((-A0+A1)*x+A1*y+(-A0+A1)*t)"", ""t"", ""(x+y+z+t)""]"	Q(parameters)		xy(x + y)z(A_{0}x + A_{1}z)((-A_{0} + A_{1})x + A_{1}y + (-A_{0} + A_{1})t)t(x + y + z + t)	8
22	parsed	"[""(A0*x+A1*y)"", ""x"", ""y"", ""z"", ""(A0*x+A1*y+A2*z)"", ""(x+t)"", ""(y+t)"", ""(z+t)""]"	Q(parameters)		(A_{0}x + A_{1}y)xyz(A_{0}x + A_{1}y + A_{2}z)(x + t)(y + t)(z + t)	8
23	parsed	"[""x"", ""y"", ""(A0*x+A1*y)"", ""(x+z)"", ""z"", ""t"", ""(A0*x+A0*y+A2*t)"", ""(x+y+z+t)""]"	Q(parameters)		xy(A_{0}x + A_{1}y)(x + z)zt(A_{0}x + A_{0}y + A_{2}t)(x + y + z + t)	8
24	parsed	"[""x"", ""y"", ""(A0*x+A1*y)"", ""z"", ""(x+z)"", ""(A0*x+A2*y+A0*t)"", ""t"", ""(x+y+z+t)""]"	Q(parameters)		xy(A_{0}x + A_{1}y)z(x + z)(A_{0}x + A_{2}y + A_{0}t)t(x + y + z + t)	8
25	parsed	"[""(x-y)"", ""x"", ""y"", ""(x+t)"", ""(y+t)"", ""z"", ""(A0*x+A1*y+A2*z)"", ""(z+t)""]"	Q(parameters)		(x - y)xy(x + t)(y + t)z(A_{0}x + A_{1}y + A_{2}z)(z + t)	8
26	parsed	"[""x"", ""y"", ""(A0*x+A1*y)"", ""z"", ""((-A0+A1)*x+A1*z)"", ""(A0*x+A2*y+A0*t)"", ""t"", ""(x+y+z+t)""]"	Q(parameters)		xy(A_{0}x + A_{1}y)z((-A_{0} + A_{1})x + A_{1}z)(A_{0}x + A_{2}y + A_{0}t)t(x + y + z + t)	8
27	parsed	"[""x"", ""y"", ""(A0*x+A1*y)"", ""((-A0+A2)*x+A2*z)"", ""z"", ""t"", ""(A0*x+A2*y+A3*t)"", ""(x+y+z+t)""]"	Q(parameters)		xy(A_{0}x + A_{1}y)((-A_{0} + A_{2})x + A_{2}z)zt(A_{0}x + A_{2}y + A_{3}t)(x + y + z + t)	8
28	parsed	"[""x"", ""y"", ""(A0*x+A1*y)"", ""((-A2+A3)*x+A3*z)"", ""z"", ""(A2*x+A1*y+A3*t)"", ""t"", ""(x+y+z+t)""]"	Q(parameters)		xy(A_{0}x + A_{1}y)((-A_{2} + A_{3})x + A_{3}z)z(A_{2}x + A_{1}y + A_{3}t)t(x + y + z + t)	8
29	parsed	"[""x"", ""y"", ""(A0*x+A1*y)"", ""(A0*x+A2*z)"", ""z"", ""t"", ""(A0*x+A3*y+A4*t)"", ""(x+y+z+t)""]"	Q(parameters)		xy(A_{0}x + A_{1}y)(A_{0}x + A_{2}z)zt(A_{0}x + A_{3}y + A_{4}t)(x + y + z + t)	8
30	parsed	"[""(x-y)"", ""x"", ""y"", ""(x+t)"", ""(y+t)"", ""z"", ""(z+t)"", ""(A0*x+A1*z+A2*t)""]"	Q(parameters)		(x - y)xy(x + t)(y + t)z(z + t)(A_{0}x + A_{1}z + A_{2}t)	8
31	parsed	"[""x"", ""y"", ""(A0*x+A1*y)"", ""(x+z)"", ""z"", ""(A0*x+A2*y+A0*z+A3*t)"", ""t"", ""(x+y+z+t)""]"	Q(parameters)		xy(A_{0}x + A_{1}y)(x + z)z(A_{0}x + A_{2}y + A_{0}z + A_{3}t)t(x + y + z + t)	8
32	parsed	"[""(x-y)"", ""x"", ""y"", ""(y+t)"", ""(x+t)"", ""z"", ""(x-y-2*z-t)"", ""(z+t)""]"	Q		(x - y)xy(y + t)(x + t)z(x - y - 2z - t)(z + t)	8
33	parsed	"[""(x-y)"", ""x"", ""y"", ""(y+t)"", ""(x+t)"", ""z"", ""(A0*x-A0*y+A1*z-A0*t)"", ""(z+t)""]"	Q(parameters)		(x - y)xy(y + t)(x + t)z(A_{0}x - A_{0}y + A_{1}z - A_{0}t)(z + t)	8
34	parsed	"[""(x-y)"", ""x"", ""y"", ""(y+t)"", ""(x+t)"", ""z"", ""(A0*x+A0*y+A1*z+A0*t)"", ""(z+t)""]"	Q(parameters)		(x - y)xy(y + t)(x + t)z(A_{0}x + A_{0}y + A_{1}z + A_{0}t)(z + t)	8
35	parsed	"[""(x-y)"", ""x"", ""y"", ""(y+t)"", ""(x+t)"", ""z"", ""(A0*x+A1*y+(-A0+A1)*z+A1*t)"", ""(z+t)""]"	Q(parameters)		(x - y)xy(y + t)(x + t)z(A_{0}x + A_{1}y + (-A_{0} + A_{1})z + A_{1}t)(z + t)	8
36	parsed	"[""x"", ""y"", ""(A0*x+A1*y)"", ""z"", ""(x+z)"", ""t"", ""((A0-A1)*y+(A0-A1)*z+A0*t)"", ""(x+y+z+t)""]"	Q(parameters)		xy(A_{0}x + A_{1}y)z(x + z)t((A_{0} - A_{1})y + (A_{0} - A_{1})z + A_{0}t)(x + y + z + t)	8
37	parsed	"[""x"", ""y"", ""(A0*x+(A0+A1)*y)"", ""z"", ""(x+z)"", ""t"", ""(A1*y+A2*z-A0*t)"", ""(x+y+z+t)""]"	Q(parameters)		xy(A_{0}x + (A_{0} + A_{1})y)z(x + z)t(A_{1}y + A_{2}z - A_{0}t)(x + y + z + t)	8
38	parsed	"[""x"", ""y"", ""(A0*x+A1*y)"", ""z"", ""(x+z)"", ""t"", ""((A0-A1)*y+A0*z+A2*t)"", ""(x+y+z+t)""]"	Q(parameters)		xy(A_{0}x + A_{1}y)z(x + z)t((A_{0} - A_{1})y + A_{0}z + A_{2}t)(x + y + z + t)	8
39	parsed	"[""x"", ""y"", ""(A0*x+A1*y)"", ""z"", ""(x+z)"", ""t"", ""(A0*y+A0*z+A2*t)"", ""(x+y+z+t)""]"	Q(parameters)		xy(A_{0}x + A_{1}y)z(x + z)t(A_{0}y + A_{0}z + A_{2}t)(x + y + z + t)	8
40	parsed	"[""(x-y)"", ""x"", ""y"", ""(y+t)"", ""(x+t)"", ""z"", ""(A0*x+A1*y+A2*z+A1*t)"", ""(z+t)""]"	Q(parameters)		(x - y)xy(y + t)(x + t)z(A_{0}x + A_{1}y + A_{2}z + A_{1}t)(z + t)	8
41	parsed	"[""x"", ""y"", ""(A0*x+A1*y)"", ""(x+z)"", ""z"", ""t"", ""(x+y+z+t)"", ""(A0*x+A1*y+A1*z+A2*t)""]"	Q(parameters)		xy(A_{0}x + A_{1}y)(x + z)zt(x + y + z + t)(A_{0}x + A_{1}y + A_{1}z + A_{2}t)	8
42	parsed	"[""(x-y)"", ""x"", ""y"", ""(x+t)"", ""(y+t)"", ""z"", ""(z+t)"", ""(A0*x-A0*y+A1*z+A2*t)""]"	Q(parameters)		(x - y)xy(x + t)(y + t)z(z + t)(A_{0}x - A_{0}y + A_{1}z + A_{2}t)	8
43	parsed	"[""x"", ""y"", ""(A0*x+A1*y)"", ""(x+z)"", ""z"", ""t"", ""(x+y+z+t)"", ""(A0*x+A2*y+A2*z+A3*t)""]"	Q(parameters)		xy(A_{0}x + A_{1}y)(x + z)zt(x + y + z + t)(A_{0}x + A_{2}y + A_{2}z + A_{3}t)	8
44	parsed	"[""x"", ""y"", ""((A0-A2)*x+(A1-A2)*y)"", ""(x+z)"", ""z"", ""t"", ""(x+y+z+t)"", ""(A0*x+A1*y+A2*z+A3*t)""]"	Q(parameters)		xy((A_{0} - A_{2})x + (A_{1} - A_{2})y)(x + z)zt(x + y + z + t)(A_{0}x + A_{1}y + A_{2}z + A_{3}t)	8
45	parsed	"[""x"", ""y"", ""(x+y)"", ""(x+z)"", ""z"", ""t"", ""(x+y+z+t)"", ""(A0*x+A1*y+A2*z+A3*t)""]"	Q(parameters)		xy(x + y)(x + z)zt(x + y + z + t)(A_{0}x + A_{1}y + A_{2}z + A_{3}t)	8
46	parsed	"[""x"", ""y"", ""(A0*x+A1*y)"", ""(x+z)"", ""z"", ""t"", ""(x+y+z+t)"", ""(A1*y+A2*z+A3*t)""]"	Q(parameters)		xy(A_{0}x + A_{1}y)(x + z)zt(x + y + z + t)(A_{1}y + A_{2}z + A_{3}t)	8
47	parsed	"[""x"", ""y"", ""(A0*x+A1*y)"", ""(x+z)"", ""z"", ""t"", ""(x+y+z+t)"", ""(A0*x+A1*y+A2*z+A3*t)""]"	Q(parameters)		xy(A_{0}x + A_{1}y)(x + z)zt(x + y + z + t)(A_{0}x + A_{1}y + A_{2}z + A_{3}t)	8
48	parsed	"[""x"", ""y"", ""(A0*x+A1*y)"", ""(x+z)"", ""z"", ""t"", ""(x+y+z+t)"", ""(A0*x+A2*y+A3*z+A4*t)""]"	Q(parameters)		xy(A_{0}x + A_{1}y)(x + z)zt(x + y + z + t)(A_{0}x + A_{2}y + A_{3}z + A_{4}t)	8
49	parsed	"[""x"", ""y"", ""(A0*x+A1*y)"", ""z"", ""(A0*x+A2*z)"", ""(A0*x+A3*y+A0*z+A4*t)"", ""t"", ""(x+y+z+t)""]"	Q(parameters)		xy(A_{0}x + A_{1}y)z(A_{0}x + A_{2}z)(A_{0}x + A_{3}y + A_{0}z + A_{4}t)t(x + y + z + t)	8
50	parsed	"[""x"", ""y"", ""(A0*x+A1*y)"", ""z"", ""(A0*x+A2*z)"", ""(A0*x+A3*y+A3*z+A4*t)"", ""t"", ""(x+y+z+t)""]"	Q(parameters)		xy(A_{0}x + A_{1}y)z(A_{0}x + A_{2}z)(A_{0}x + A_{3}y + A_{3}z + A_{4}t)t(x + y + z + t)	8
51	parsed	"[""x"", ""y"", ""(A0*x+A1*y)"", ""z"", ""(A0*x+A2*z)"", ""(A0*x+A3*y+A4*z+A5*t)"", ""t"", ""(x+y+z+t)""]"	Q(parameters)		xy(A_{0}x + A_{1}y)z(A_{0}x + A_{2}z)(A_{0}x + A_{3}y + A_{4}z + A_{5}t)t(x + y + z + t)	8
52	parsed	"[""(A0*x+A1*t)"", ""x"", ""(x+t)"", ""y"", ""(y+t)"", ""z"", ""(z+t)"", ""(A0*y+A2*z)""]"	Q(parameters)		(A_{0}x + A_{1}t)x(x + t)y(y + t)z(z + t)(A_{0}y + A_{2}z)	8
53	parsed	"[""x"", ""y"", ""(x+y)"", ""(A0*x+A1*y+A1*z)"", ""z"", ""(A0*x+A1*y+A1*z+A0*t)"", ""t"", ""(x+y+z+t)""]"	Q(parameters)		xy(x + y)(A_{0}x + A_{1}y + A_{1}z)z(A_{0}x + A_{1}y + A_{1}z + A_{0}t)t(x + y + z + t)	8
54	parsed	"[""x"", ""y"", ""(A0*x+A1*y)"", ""(x+t)"", ""(y+t)"", ""z"", ""(A0*x+A2*z+A0*t)"", ""(z+t)""]"	Q(parameters)		xy(A_{0}x + A_{1}y)(x + t)(y + t)z(A_{0}x + A_{2}z + A_{0}t)(z + t)	8
55	parsed	"[""x"", ""y"", ""(A0*x+A1*y)"", ""z"", ""(A0*x+A2*y+A2*z)"", ""(x+y+t)"", ""t"", ""(x+y+z+t)""]"	Q(parameters)		xy(A_{0}x + A_{1}y)z(A_{0}x + A_{2}y + A_{2}z)(x + y + t)t(x + y + z + t)	8
56	parsed	"[""x"", ""y"", ""(A0*x+A1*y)"", ""(A0*x+A2*y+A2*z)"", ""z"", ""(A0*x+A2*y+A2*z+A3*t)"", ""t"", ""(x+y+z+t)""]"	Q(parameters)		xy(A_{0}x + A_{1}y)(A_{0}x + A_{2}y + A_{2}z)z(A_{0}x + A_{2}y + A_{2}z + A_{3}t)t(x + y + z + t)	8
57	parsed	"[""x"", ""y"", ""(A0*x+A1*y)"", ""(A0*x+A2*y+A2*z)"", ""z"", ""(A0*x+A0*y+A0*z+A3*t)"", ""t"", ""(x+y+z+t)""]"	Q(parameters)		xy(A_{0}x + A_{1}y)(A_{0}x + A_{2}y + A_{2}z)z(A_{0}x + A_{0}y + A_{0}z + A_{3}t)t(x + y + z + t)	8
58	parsed	"[""x"", ""y"", ""(A0*x+A1*y)"", ""z"", ""(A0*x+A0*y+A2*z)"", ""(A0*x+A0*y+A0*z+A3*t)"", ""t"", ""(x+y+z+t)""]"	Q(parameters)		xy(A_{0}x + A_{1}y)z(A_{0}x + A_{0}y + A_{2}z)(A_{0}x + A_{0}y + A_{0}z + A_{3}t)t(x + y + z + t)	8
59	parsed	"[""x"", ""y"", ""(A0*x+A1*y)"", ""(A0*x+A3*y+A2*z)"", ""z"", ""((-A0+A2)*x+(A2-A3)*y+A2*t)"", ""t"", ""(x+y+z+t)""]"	Q(parameters)		xy(A_{0}x + A_{1}y)(A_{0}x + A_{3}y + A_{2}z)z((-A_{0} + A_{2})x + (A_{2} - A_{3})y + A_{2}t)t(x + y + z + t)	8
60	parsed	"[""x"", ""y"", ""(A0*x+A1*y)"", ""z"", ""(A0*x+A2*y+A2*z)"", ""t"", ""((A0-A2)*z+A0*t)"", ""(x+y+z+t)""]"	Q(parameters)		xy(A_{0}x + A_{1}y)z(A_{0}x + A_{2}y + A_{2}z)t((A_{0} - A_{2})z + A_{0}t)(x + y + z + t)	8
61	parsed	"[""x"", ""y"", ""(A0*x+A1*y)"", ""(x+y+z)"", ""z"", ""t"", ""(x+y+z+t)"", ""(A0*x+A2*z+A3*t)""]"	Q(parameters)		xy(A_{0}x + A_{1}y)(x + y + z)zt(x + y + z + t)(A_{0}x + A_{2}z + A_{3}t)	8
62	parsed	"[""x"", ""y"", ""(A0*x+A1*y)"", ""(x+y+z)"", ""z"", ""t"", ""(x+y+z+t)"", ""(A0*x+A2*y+A3*z+A4*t)""]"	Q(parameters)		xy(A_{0}x + A_{1}y)(x + y + z)zt(x + y + z + t)(A_{0}x + A_{2}y + A_{3}z + A_{4}t)	8
63	parsed	"[""x"", ""y"", ""(A0*x+A1*y)"", ""z"", ""(A0*x+A2*y+A3*z)"", ""(A0*x+A0*y+A0*z+A4*t)"", ""t"", ""(x+y+z+t)""]"	Q(parameters)		xy(A_{0}x + A_{1}y)z(A_{0}x + A_{2}y + A_{3}z)(A_{0}x + A_{0}y + A_{0}z + A_{4}t)t(x + y + z + t)	8
64	parsed	"[""x"", ""y"", ""(A0*x+A1*y)"", ""z"", ""t"", ""(A0*z+A1*t)"", ""(x+y+z+t)"", ""(A0*x+A2*y+A0*z+A2*t)""]"	Q(parameters)		xy(A_{0}x + A_{1}y)zt(A_{0}z + A_{1}t)(x + y + z + t)(A_{0}x + A_{2}y + A_{0}z + A_{2}t)	8
65	parsed	"[""x"", ""y"", ""(A0*x+A1*y)"", ""z"", ""t"", ""(A0*z+A2*t)"", ""(x+y+z+t)"", ""(A0*x+A3*y+A0*z+A3*t)""]"	Q(parameters)		xy(A_{0}x + A_{1}y)zt(A_{0}z + A_{2}t)(x + y + z + t)(A_{0}x + A_{3}y + A_{0}z + A_{3}t)	8
66	parsed	"[""x"", ""y"", ""(A0*x+A1*y)"", ""z"", ""(A2*z+A3*t)"", ""t"", ""(x+y+z+t)"", ""(A0*x+A4*y+A2*z+A4*t)""]"	Q(parameters)		xy(A_{0}x + A_{1}y)z(A_{2}z + A_{3}t)t(x + y + z + t)(A_{0}x + A_{4}y + A_{2}z + A_{4}t)	8
67	parsed	"[""x"", ""y"", ""(A0*x+A1*y)"", ""z"", ""(A2*z+A3*t)"", ""t"", ""(x+y+z+t)"", ""(A0*x+A4*y+A2*z+A5*t)""]"	Q(parameters)		xy(A_{0}x + A_{1}y)z(A_{2}z + A_{3}t)t(x + y + z + t)(A_{0}x + A_{4}y + A_{2}z + A_{5}t)	8
68	parsed	"[""x"", ""y"", ""(A0*x+A1*y)"", ""(A0*x+A0*y+A2*z)"", ""z"", ""t"", ""(A0*x+A0*y+A3*t)"", ""(x+y+z+t)""]"	Q(parameters)		xy(A_{0}x + A_{1}y)(A_{0}x + A_{0}y + A_{2}z)zt(A_{0}x + A_{0}y + A_{3}t)(x + y + z + t)	8
69	parsed	"[""x"", ""y"", ""(-2*x+y)"", ""(y+t)"", ""(x+t)"", ""(x-y+z)"", ""z"", ""(z+t)""]"	Q		xy(-2x + y)(y + t)(x + t)(x - y + z)z(z + t)	8
70	parsed	"[""x"", ""(x+y-z)"", ""(A0*x+A1*y-A1*z)"", ""y"", ""z"", ""(y+t)"", ""(z+t)"", ""(x+t)""]"	Q(parameters)		x(x + y - z)(A_{0}x + A_{1}y - A_{1}z)yz(y + t)(z + t)(x + t)	8
71	parsed	"[""x"", ""y"", ""(x+y)"", ""(A0*x+A1*y+A1*z)"", ""z"", ""t"", ""((-A0+A1)*x+A1*y+A1*t)"", ""(x+y+z+t)""]"	Q(parameters)		xy(x + y)(A_{0}x + A_{1}y + A_{1}z)zt((-A_{0} + A_{1})x + A_{1}y + A_{1}t)(x + y + z + t)	8
72	parsed	"[""x"", ""y"", ""(A0*x+A1*y)"", ""(y+t)"", ""(x+t)"", ""(x+y-z)"", ""z"", ""(z+t)""]"	Q(parameters)		xy(A_{0}x + A_{1}y)(y + t)(x + t)(x + y - z)z(z + t)	8
73	parsed	"[""x"", ""(A0*x+A1*t)"", ""(x+t)"", ""y"", ""(y+t)"", ""z"", ""(z+t)"", ""(-A0*x+A0*y+A1*z)""]"	Q(parameters)		x(A_{0}x + A_{1}t)(x + t)y(y + t)z(z + t)(-A_{0}x + A_{0}y + A_{1}z)	8
74	parsed	"[""x"", ""y"", ""(A0*x+A1*y)"", ""z"", ""(A0*x+A2*y+(-A0-A2)*z)"", ""(x+t)"", ""(y+t)"", ""(z+t)""]"	Q(parameters)		xy(A_{0}x + A_{1}y)z(A_{0}x + A_{2}y + (-A_{0} - A_{2})z)(x + t)(y + t)(z + t)	8
75	parsed	"[""x"", ""y"", ""(x+y)"", ""(A0*x+A1*y+A1*z)"", ""z"", ""t"", ""((-A0+A1)*x+A2*y+A1*t)"", ""(x+y+z+t)""]"	Q(parameters)		xy(x + y)(A_{0}x + A_{1}y + A_{1}z)zt((-A_{0} + A_{1})x + A_{2}y + A_{1}t)(x + y + z + t)	8
76	parsed	"[""x"", ""y"", ""(A0*x+A1*y)"", ""(y+t)"", ""(x+t)"", ""(A0*x+A2*y-A2*z)"", ""z"", ""(z+t)""]"	Q(parameters)		xy(A_{0}x + A_{1}y)(y + t)(x + t)(A_{0}x + A_{2}y - A_{2}z)z(z + t)	8
77	parsed	"[""x"", ""(x+t)"", ""(A0*x+A1*t)"", ""y"", ""(y+t)"", ""z"", ""(z+t)"", ""(A0*x+A2*y+(-A0-A2)*z)""]"	Q(parameters)		x(x + t)(A_{0}x + A_{1}t)y(y + t)z(z + t)(A_{0}x + A_{2}y + (-A_{0} - A_{2})z)	8
78	parsed	"[""x"", ""y"", ""(A0*x+A1*y)"", ""z"", ""(A0*x-A0*y+A2*z)"", ""(x+t)"", ""(y+t)"", ""(z+t)""]"	Q(parameters)		xy(A_{0}x + A_{1}y)z(A_{0}x - A_{0}y + A_{2}z)(x + t)(y + t)(z + t)	8
79	parsed	"[""x"", ""(A0*x+A1*y-A1*z)"", ""(A0*x+A2*y-A2*z)"", ""y"", ""z"", ""(y+t)"", ""(z+t)"", ""(x+t)""]"	Q(parameters)		x(A_{0}x + A_{1}y - A_{1}z)(A_{0}x + A_{2}y - A_{2}z)yz(y + t)(z + t)(x + t)	8
80	parsed	"[""x"", ""y"", ""(A0*x+A1*y)"", ""(A2*x+A3*y+2*A3*z)"", ""z"", ""(A2*x+A3*y+2*A3*t)"", ""t"", ""(x+y+z+t)""]"	Q(parameters)		xy(A_{0}x + A_{1}y)(A_{2}x + A_{3}y + 2A_{3}z)z(A_{2}x + A_{3}y + 2A_{3}t)t(x + y + z + t)	8
81	parsed	"[""x"", ""(x+y)"", ""y"", ""z"", ""(A0*x+A1*y+A2*z)"", ""(A0*x+A3*y+A3*t)"", ""t"", ""(x+y+z+t)""]"	Q(parameters)		x(x + y)yz(A_{0}x + A_{1}y + A_{2}z)(A_{0}x + A_{3}y + A_{3}t)t(x + y + z + t)	8
82	parsed	"[""x"", ""((A0-A2)*x+(A1-A2)*y)"", ""y"", ""z"", ""(A0*x+A1*y+A2*z)"", ""(A0*x+A3*y+A3*t)"", ""t"", ""(x+y+z+t)""]"	Q(parameters)		x((A_{0} - A_{2})x + (A_{1} - A_{2})y)yz(A_{0}x + A_{1}y + A_{2}z)(A_{0}x + A_{3}y + A_{3}t)t(x + y + z + t)	8
83	parsed	"[""x"", ""(A0*x+A1*y)"", ""y"", ""z"", ""(A0*x+A2*y+A2*z)"", ""(A0*x+A3*y+A3*t)"", ""t"", ""(x+y+z+t)""]"	Q(parameters)		x(A_{0}x + A_{1}y)yz(A_{0}x + A_{2}y + A_{2}z)(A_{0}x + A_{3}y + A_{3}t)t(x + y + z + t)	8
84	parsed	"[""x"", ""y"", ""(A0*x+A1*y)"", ""((-A2+A3)*x+(-A2+A3)*y+A3*z)"", ""z"", ""(A0*x+A2*y+A3*t)"", ""t"", ""(x+y+z+t)""]"	Q(parameters)		xy(A_{0}x + A_{1}y)((-A_{2} + A_{3})x + (-A_{2} + A_{3})y + A_{3}z)z(A_{0}x + A_{2}y + A_{3}t)t(x + y + z + t)	8
85	parsed	"[""x"", ""y"", ""(A0*x+A1*y)"", ""(A0*x+A2*y+A3*z)"", ""z"", ""(A4*x+(-A2+A3)*y+A3*t)"", ""t"", ""(x+y+z+t)""]"	Q(parameters)		xy(A_{0}x + A_{1}y)(A_{0}x + A_{2}y + A_{3}z)z(A_{4}x + (-A_{2} + A_{3})y + A_{3}t)t(x + y + z + t)	8
86	parsed	"[""x"", ""y"", ""(A1*x+A0*y)"", ""(A1*x+A2*y+A3*z)"", ""z"", ""t"", ""(A1*x+A2*y+A4*t)"", ""(x+y+z+t)""]"	Q(parameters)		xy(A_{1}x + A_{0}y)(A_{1}x + A_{2}y + A_{3}z)zt(A_{1}x + A_{2}y + A_{4}t)(x + y + z + t)	8
87	parsed	"[""x"", ""y"", ""(A0*x+A1*y)"", ""(A0*x+A0*y+A2*z)"", ""z"", ""t"", ""(A0*x+A3*y+A4*t)"", ""(x+y+z+t)""]"	Q(parameters)		xy(A_{0}x + A_{1}y)(A_{0}x + A_{0}y + A_{2}z)zt(A_{0}x + A_{3}y + A_{4}t)(x + y + z + t)	8
88	parsed	"[""x"", ""y"", ""(A0*x+A1*y)"", ""(A0*x+A2*y+A3*z)"", ""z"", ""t"", ""(A0*x+A4*y+A5*t)"", ""(x+y+z+t)""]"	Q(parameters)		xy(A_{0}x + A_{1}y)(A_{0}x + A_{2}y + A_{3}z)zt(A_{0}x + A_{4}y + A_{5}t)(x + y + z + t)	8
89	parsed	"[""x"", ""(A0*x+A1*y)"", ""y"", ""(x+t)"", ""(y+t)"", ""z"", ""(A0*x+A2*z-A1*t)"", ""(z+t)""]"	Q(parameters)		x(A_{0}x + A_{1}y)y(x + t)(y + t)z(A_{0}x + A_{2}z - A_{1}t)(z + t)	8
90	parsed	"[""x"", ""(x+y)"", ""y"", ""(A0*x+A1*y+A1*z)"", ""z"", ""t"", ""(x+y+z+t)"", ""(A0*x+A2*y+A2*z+A3*t)""]"	Q(parameters)		x(x + y)y(A_{0}x + A_{1}y + A_{1}z)zt(x + y + z + t)(A_{0}x + A_{2}y + A_{2}z + A_{3}t)	8
91	parsed	"[""x"", ""y"", ""(A0*x+A1*y)"", ""(A0*x+A2*y+A2*z)"", ""z"", ""(A0*x+A3*y+A3*z+A4*t)"", ""t"", ""(x+y+z+t)""]"	Q(parameters)		xy(A_{0}x + A_{1}y)(A_{0}x + A_{2}y + A_{2}z)z(A_{0}x + A_{3}y + A_{3}z + A_{4}t)t(x + y + z + t)	8
92	parsed	"[""x"", ""y"", ""(A0*x+A1*y)"", ""z"", ""(A0*x+A0*y+A2*z)"", ""(A0*x+A0*y+A3*z+A4*t)"", ""t"", ""(x+y+z+t)""]"	Q(parameters)		xy(A_{0}x + A_{1}y)z(A_{0}x + A_{0}y + A_{2}z)(A_{0}x + A_{0}y + A_{3}z + A_{4}t)t(x + y + z + t)	8
93	parsed	"[""x"", ""y"", ""(x+y)"", ""(y+t)"", ""(x+t)"", ""z"", ""(x+y-z+t)"", ""(z+t)""]"	Q		xy(x + y)(y + t)(x + t)z(x + y - z + t)(z + t)	8
94	parsed	"[""x"", ""y"", ""(x+y)"", ""z"", ""(A0*x+A1*y+A0*z)"", ""(A1*x+(-A0+A1)*z+A1*t)"", ""t"", ""(x+y+z+t)""]"	Q(parameters)		xy(x + y)z(A_{0}x + A_{1}y + A_{0}z)(A_{1}x + (-A_{0} + A_{1})z + A_{1}t)t(x + y + z + t)	8
95	parsed	"[""x"", ""y"", ""(A0*x+A1*y)"", ""(y+t)"", ""(x+t)"", ""z"", ""(A0*x+A1*y-A0*z+A1*t)"", ""(z+t)""]"	Q(parameters)		xy(A_{0}x + A_{1}y)(y + t)(x + t)z(A_{0}x + A_{1}y - A_{0}z + A_{1}t)(z + t)	8
96	parsed	"[""x"", ""y"", ""(x+y)"", ""(A0*x+A1*z+A0*t)"", ""(A1*x+A0*y+A1*z+A0*t)"", ""z"", ""t"", ""(x+y+z+t)""]"	Q(parameters)		xy(x + y)(A_{0}x + A_{1}z + A_{0}t)(A_{1}x + A_{0}y + A_{1}z + A_{0}t)zt(x + y + z + t)	8
97	parsed	"[""x"", ""y"", ""(x+y)"", ""(A0*x+A1*z+A0*t)"", ""(A0*y+A1*z+A0*t)"", ""z"", ""t"", ""(x+y+z+t)""]"	Q(parameters)		xy(x + y)(A_{0}x + A_{1}z + A_{0}t)(A_{0}y + A_{1}z + A_{0}t)zt(x + y + z + t)	8
98	parsed	"[""x"", ""y"", ""(A0*x+A1*y)"", ""(y+t)"", ""(x+t)"", ""z"", ""(x+y-z+t)"", ""(z+t)""]"	Q(parameters)		xy(A_{0}x + A_{1}y)(y + t)(x + t)z(x + y - z + t)(z + t)	8
99	parsed	"[""x"", ""y"", ""(A0*x+A1*y)"", ""(y+t)"", ""(x+t)"", ""z"", ""(A0*x+A0*y+A1*z+A0*t)"", ""(z+t)""]"	Q(parameters)		xy(A_{0}x + A_{1}y)(y + t)(x + t)z(A_{0}x + A_{0}y + A_{1}z + A_{0}t)(z + t)	8
100	parsed	"[""x"", ""(A0*x+A1*y-A0*z)"", ""(-A1*x+A1*y-A0*z)"", ""y"", ""z"", ""(x+t)"", ""(y+t)"", ""(z+t)""]"	Q(parameters)		x(A_{0}x + A_{1}y - A_{0}z)(-A_{1}x + A_{1}y - A_{0}z)yz(x + t)(y + t)(z + t)	8
101	parsed	"[""x"", ""y"", ""(A0*x+A1*y)"", ""(y+t)"", ""(x+t)"", ""z"", ""(A0*x+A2*y-A0*z+A2*t)"", ""(z+t)""]"	Q(parameters)		xy(A_{0}x + A_{1}y)(y + t)(x + t)z(A_{0}x + A_{2}y - A_{0}z + A_{2}t)(z + t)	8
102	parsed	"[""x"", ""y"", ""(A0*x+A1*y)"", ""(y+t)"", ""(x+t)"", ""z"", ""(A0*x+A2*y+A1*z+A2*t)"", ""(z+t)""]"	Q(parameters)		xy(A_{0}x + A_{1}y)(y + t)(x + t)z(A_{0}x + A_{2}y + A_{1}z + A_{2}t)(z + t)	8
103	parsed	"[""x"", ""y"", ""(A0*x+A1*y)"", ""z"", ""(A0*x+A0*y+A2*z)"", ""((-A0+A1)*x+A1*z+(-A0+A1)*t)"", ""t"", ""(x+y+z+t)""]"	Q(parameters)		xy(A_{0}x + A_{1}y)z(A_{0}x + A_{0}y + A_{2}z)((-A_{0} + A_{1})x + A_{1}z + (-A_{0} + A_{1})t)t(x + y + z + t)	8
104	parsed	"[""x"", ""y"", ""(A0*x+A1*y)"", ""(y+t)"", ""(x+t)"", ""z"", ""(A0*x+A1*y+A2*z+A1*t)"", ""(z+t)""]"	Q(parameters)		xy(A_{0}x + A_{1}y)(y + t)(x + t)z(A_{0}x + A_{1}y + A_{2}z + A_{1}t)(z + t)	8
105	parsed	"[""x"", ""y"", ""(A0*x+A1*y)"", ""z"", ""(A0*x+A2*y+A2*z)"", ""t"", ""((-A0+A2)*x+(-A0+A2)*z+A2*t)"", ""(x+y+z+t)""]"	Q(parameters)		xy(A_{0}x + A_{1}y)z(A_{0}x + A_{2}y + A_{2}z)t((-A_{0} + A_{2})x + (-A_{0} + A_{2})z + A_{2}t)(x + y + z + t)	8
106	parsed	"[""x"", ""y"", ""(A0*x+A1*y)"", ""z"", ""(A0*x+A2*y+A2*z)"", ""t"", ""((-A0+A1)*x+A1*z+(-A0+A1)*t)"", ""(x+y+z+t)""]"	Q(parameters)		xy(A_{0}x + A_{1}y)z(A_{0}x + A_{2}y + A_{2}z)t((-A_{0} + A_{1})x + A_{1}z + (-A_{0} + A_{1})t)(x + y + z + t)	8
107	parsed	"[""x"", ""y"", ""(A0*x+A1*y)"", ""(y+t)"", ""(x+t)"", ""z"", ""(A0*x+(A0+A2)*y+A2*z+(A0+A2)*t)"", ""(z+t)""]"	Q(parameters)		xy(A_{0}x + A_{1}y)(y + t)(x + t)z(A_{0}x + (A_{0} + A_{2})y + A_{2}z + (A_{0} + A_{2})t)(z + t)	8
108	parsed	"[""x"", ""((-A0+A2)*x+A2*y)"", ""y"", ""z"", ""(A0*x+A0*y+A1*z)"", ""(A0*x+A1*z+A2*t)"", ""t"", ""(x+y+z+t)""]"	Q(parameters)		x((-A_{0} + A_{2})x + A_{2}y)yz(A_{0}x + A_{0}y + A_{1}z)(A_{0}x + A_{1}z + A_{2}t)t(x + y + z + t)	8
109	parsed	"[""x"", ""(x+y)"", ""y"", ""z"", ""((A0+A1-A2)*x+A0*y+A0*z)"", ""t"", ""(A1*x+A2*z+(-A0+A2)*t)"", ""(x+y+z+t)""]"	Q(parameters)		x(x + y)yz((A_{0} + A_{1} - A_{2})x + A_{0}y + A_{0}z)t(A_{1}x + A_{2}z + (-A_{0} + A_{2})t)(x + y + z + t)	8
110	parsed	"[""x"", ""(A0*x+A1*y+A0*z)"", ""(A1*x+A1*y+A0*z)"", ""y"", ""z"", ""(A0*x+A2*y+A2*t)"", ""t"", ""(x+y+z+t)""]"	Q(parameters)		x(A_{0}x + A_{1}y + A_{0}z)(A_{1}x + A_{1}y + A_{0}z)yz(A_{0}x + A_{2}y + A_{2}t)t(x + y + z + t)	8
111	parsed	"[""x"", ""y"", ""((A0-A1)*x+A1*y)"", ""(y+t)"", ""(x+t)"", ""z"", ""(A0*x+A1*y+A2*z+A1*t)"", ""(z+t)""]"	Q(parameters)		xy((A_{0} - A_{1})x + A_{1}y)(y + t)(x + t)z(A_{0}x + A_{1}y + A_{2}z + A_{1}t)(z + t)	8
112	parsed	"[""x"", ""(x+y)"", ""y"", ""(A0*x+A1*y+A1*z)"", ""z"", ""t"", ""(x+y+z+t)"", ""(A0*x+A1*y+A0*z+A2*t)""]"	Q(parameters)		x(x + y)y(A_{0}x + A_{1}y + A_{1}z)zt(x + y + z + t)(A_{0}x + A_{1}y + A_{0}z + A_{2}t)	8
113	parsed	"[""x"", ""y"", ""((A1-A2)*x-A2*y)"", ""z"", ""(A0*x+(A0+A1)*y+A0*z)"", ""t"", ""(A1*x+A2*z+(A0+A1)*t)"", ""(x+y+z+t)""]"	Q(parameters)		xy((A_{1} - A_{2})x - A_{2}y)z(A_{0}x + (A_{0} + A_{1})y + A_{0}z)t(A_{1}x + A_{2}z + (A_{0} + A_{1})t)(x + y + z + t)	8
114	parsed	"[""x"", ""y"", ""(x+y)"", ""z"", ""(A0*x+A1*y+A2*z)"", ""((A0-A1)*x+(-A1+A2)*z+(A0-A1)*t)"", ""t"", ""(x+y+z+t)""]"	Q(parameters)		xy(x + y)z(A_{0}x + A_{1}y + A_{2}z)((A_{0} - A_{1})x + (-A_{1} + A_{2})z + (A_{0} - A_{1})t)t(x + y + z + t)	8
115	parsed	"[""x"", ""y"", ""(A0*x+A1*y)"", ""(y+t)"", ""(x+t)"", ""z"", ""(A0*x+A0*y+A2*z+A0*t)"", ""(z+t)""]"	Q(parameters)		xy(A_{0}x + A_{1}y)(y + t)(x + t)z(A_{0}x + A_{0}y + A_{2}z + A_{0}t)(z + t)	8
116	parsed	"[""x"", ""y"", ""(A0*x+A1*y)"", ""z"", ""(A0*x+A0*y+A2*z)"", ""t"", ""(A0*x+A0*z+A3*t)"", ""(x+y+z+t)""]"	Q(parameters)		xy(A_{0}x + A_{1}y)z(A_{0}x + A_{0}y + A_{2}z)t(A_{0}x + A_{0}z + A_{3}t)(x + y + z + t)	8
117	parsed	"[""x"", ""y"", ""(A0*x+A1*y)"", ""(A2*x+A1*y+A2*z)"", ""z"", ""t"", ""(A0*x+A1*y+A2*z+A3*t)"", ""(x+y+z+t)""]"	Q(parameters)		xy(A_{0}x + A_{1}y)(A_{2}x + A_{1}y + A_{2}z)zt(A_{0}x + A_{1}y + A_{2}z + A_{3}t)(x + y + z + t)	8
118	parsed	"[""x"", ""y"", ""(A0*x+A1*y)"", ""(x+t)"", ""(y+t)"", ""z"", ""(z+t)"", ""(A0*x+A2*y+A3*z+(A0+A2)*t)""]"	Q(parameters)		xy(A_{0}x + A_{1}y)(x + t)(y + t)z(z + t)(A_{0}x + A_{2}y + A_{3}z + (A_{0} + A_{2})t)	8
119	parsed	"[""x"", ""y"", ""(A0*x+A1*y)"", ""(A2*x+(-A1+A2)*y+A2*z)"", ""z"", ""t"", ""((-A0+A2)*x+(-A1+A2)*y+A2*z+A3*t)"", ""(x+y+z+t)""]"	Q(parameters)		xy(A_{0}x + A_{1}y)(A_{2}x + (-A_{1} + A_{2})y + A_{2}z)zt((-A_{0} + A_{2})x + (-A_{1} + A_{2})y + A_{2}z + A_{3}t)(x + y + z + t)	8
120	parsed	"[""x"", ""y"", ""(A0*x+A1*y)"", ""((-A2+2*A3)*x+2*A3*y+A3*z)"", ""z"", ""(A2*x+2*A3*y+A3*z+2*A3*t)"", ""t"", ""(x+y+z+t)""]"	Q(parameters)		xy(A_{0}x + A_{1}y)((-A_{2} + 2A_{3})x + 2A_{3}y + A_{3}z)z(A_{2}x + 2A_{3}y + A_{3}z + 2A_{3}t)t(x + y + z + t)	8
121	parsed	"[""x"", ""y"", ""(A2*x+A0*y)"", ""z"", ""(A2*x+A2*y+A1*z)"", ""(A2*x+A3*z+A2*t)"", ""t"", ""(x+y+z+t)""]"	Q(parameters)		xy(A_{2}x + A_{0}y)z(A_{2}x + A_{2}y + A_{1}z)(A_{2}x + A_{3}z + A_{2}t)t(x + y + z + t)	8
122	parsed	"[""x"", ""y"", ""(A0*x+A1*y)"", ""(A0*x+A2*y+A2*z)"", ""z"", ""t"", ""(x+y+z+t)"", ""((A0-A2)*y+A3*z+A0*t)""]"	Q(parameters)		xy(A_{0}x + A_{1}y)(A_{0}x + A_{2}y + A_{2}z)zt(x + y + z + t)((A_{0} - A_{2})y + A_{3}z + A_{0}t)	8
123	parsed	"[""x"", ""y"", ""(A0*x+A1*y)"", ""(A0*x+A2*y+A2*z)"", ""z"", ""t"", ""(x+y+z+t)"", ""((A0-A1)*y+A0*z+A3*t)""]"	Q(parameters)		xy(A_{0}x + A_{1}y)(A_{0}x + A_{2}y + A_{2}z)zt(x + y + z + t)((A_{0} - A_{1})y + A_{0}z + A_{3}t)	8
124	parsed	"[""x"", ""y"", ""(A0*x+A1*y)"", ""(x+t)"", ""(y+t)"", ""z"", ""(z+t)"", ""(A0*x+A1*y+A2*z+A3*t)""]"	Q(parameters)		xy(A_{0}x + A_{1}y)(x + t)(y + t)z(z + t)(A_{0}x + A_{1}y + A_{2}z + A_{3}t)	8
125	parsed	"[""x"", ""y"", ""(A0*x+A1*y)"", ""((-A0+A3)*x+A3*y+A3*z)"", ""z"", ""t"", ""(x+y+z+t)"", ""(A0*x+A2*z+A3*t)""]"	Q(parameters)		xy(A_{0}x + A_{1}y)((-A_{0} + A_{3})x + A_{3}y + A_{3}z)zt(x + y + z + t)(A_{0}x + A_{2}z + A_{3}t)	8
126	parsed	"[""x"", ""y"", ""(A0*x+A1*y)"", ""(A0*x+A2*y+A2*z)"", ""z"", ""t"", ""(x+y+z+t)"", ""(A0*x+A0*z+A3*t)""]"	Q(parameters)		xy(A_{0}x + A_{1}y)(A_{0}x + A_{2}y + A_{2}z)zt(x + y + z + t)(A_{0}x + A_{0}z + A_{3}t)	8
127	parsed	"[""x"", ""y"", ""(A0*x+A1*y)"", ""(A0*A3*x+(A0*A1+A0*A3-A1*A2)*y+A0*A3*z)"", ""z"", ""t"", ""(A0**2*A3*x+(A0*A1*A2+A0*A2*A3-A1*A2**2)*y+A0*A2*A3*z+A0*A3**2*t)"", ""(x+y+z+t)""]"	Q(parameters)		xy(A_{0}x + A_{1}y)(A_{0}A_{3}x + (A_{0}A_{1} + A_{0}A_{3} - A_{1}A_{2})y + A_{0}A_{3}z)zt(A_{0}^2A_{3}x + (A_{0}A_{1}A_{2} + A_{0}A_{2}A_{3} - A_{1}A_{2}^2)y + A_{0}A_{2}A_{3}z + A_{0}A_{3}^2t)(x + y + z + t)	8
128	parsed	"[""x"", ""y"", ""(A0*x+A1*y)"", ""(A3*x+A2*y+A3*z)"", ""z"", ""(A0*x+A2*y+A3*z+A2*t)"", ""t"", ""(x+y+z+t)""]"	Q(parameters)		xy(A_{0}x + A_{1}y)(A_{3}x + A_{2}y + A_{3}z)z(A_{0}x + A_{2}y + A_{3}z + A_{2}t)t(x + y + z + t)	8
129	parsed	"[""x"", ""y"", ""(A0*x+A1*y)"", ""(A0*x+A2*y+A2*z)"", ""z"", ""t"", ""(x+y+z+t)"", ""(A0*x+A0*y+A2*z+A3*t)""]"	Q(parameters)		xy(A_{0}x + A_{1}y)(A_{0}x + A_{2}y + A_{2}z)zt(x + y + z + t)(A_{0}x + A_{0}y + A_{2}z + A_{3}t)	8
130	parsed	"[""x"", ""y"", ""(A0*x+A1*y)"", ""(A2*x+(A1+A3)*y+A2*z)"", ""z"", ""t"", ""((A0+A3)*x+(A1+A3)*y+A2*z+A3*t)"", ""(x+y+z+t)""]"	Q(parameters)		xy(A_{0}x + A_{1}y)(A_{2}x + (A_{1} + A_{3})y + A_{2}z)zt((A_{0} + A_{3})x + (A_{1} + A_{3})y + A_{2}z + A_{3}t)(x + y + z + t)	8
131	parsed	"[""x"", ""y"", ""(A0*x+A1*y)"", ""(A0*x+A2*y+A2*z)"", ""z"", ""t"", ""(x+y+z+t)"", ""(A0*x+A2*y+A3*z+A4*t)""]"	Q(parameters)		xy(A_{0}x + A_{1}y)(A_{0}x + A_{2}y + A_{2}z)zt(x + y + z + t)(A_{0}x + A_{2}y + A_{3}z + A_{4}t)	8
132	parsed	"[""x"", ""y"", ""(A0*x+A1*y)"", ""z"", ""(A0*x+A2*y+A3*z)"", ""(A0*x+A2*y+A2*z+A4*t)"", ""t"", ""(x+y+z+t)""]"	Q(parameters)		xy(A_{0}x + A_{1}y)z(A_{0}x + A_{2}y + A_{3}z)(A_{0}x + A_{2}y + A_{2}z + A_{4}t)t(x + y + z + t)	8
133	parsed	"[""x"", ""y"", ""(A0*x+A1*y)"", ""(A0*x+A2*y+A2*z)"", ""z"", ""t"", ""(x+y+z+t)"", ""(A0*x+A3*y+A0*z+A4*t)""]"	Q(parameters)		xy(A_{0}x + A_{1}y)(A_{0}x + A_{2}y + A_{2}z)zt(x + y + z + t)(A_{0}x + A_{3}y + A_{0}z + A_{4}t)	8
134	parsed	"[""x"", ""y"", ""(A0*x+A1*y)"", ""(A0*x+A2*y+A3*z)"", ""z"", ""t"", ""(A2*y+A3*z+A4*t)"", ""(x+y+z+t)""]"	Q(parameters)		xy(A_{0}x + A_{1}y)(A_{0}x + A_{2}y + A_{3}z)zt(A_{2}y + A_{3}z + A_{4}t)(x + y + z + t)	8
135	parsed	"[""x"", ""y"", ""(A1*x+A0*y)"", ""(A1*x+A2*y+A1*z)"", ""z"", ""t"", ""(A3*x+A2*y+A1*z+A4*t)"", ""(x+y+z+t)""]"	Q(parameters)		xy(A_{1}x + A_{0}y)(A_{1}x + A_{2}y + A_{1}z)zt(A_{3}x + A_{2}y + A_{1}z + A_{4}t)(x + y + z + t)	8
136	parsed	"[""x"", ""y"", ""(A0*x+A1*y)"", ""(A0*x+A2*y+A2*z)"", ""z"", ""t"", ""(x+y+z+t)"", ""(A0*x+A3*z+A4*t)""]"	Q(parameters)		xy(A_{0}x + A_{1}y)(A_{0}x + A_{2}y + A_{2}z)zt(x + y + z + t)(A_{0}x + A_{3}z + A_{4}t)	8
137	parsed	"[""x"", ""y"", ""(A0*x+A1*y)"", ""(A2*x+A1*y+A1*z)"", ""z"", ""t"", ""(x+y+z+t)"", ""(A1*y+A3*z+A4*t)""]"	Q(parameters)		xy(A_{0}x + A_{1}y)(A_{2}x + A_{1}y + A_{1}z)zt(x + y + z + t)(A_{1}y + A_{3}z + A_{4}t)	8
138	parsed	"[""x"", ""y"", ""(A0*x+A1*y)"", ""(A0*x+A2*y+A2*z)"", ""z"", ""t"", ""(x+y+z+t)"", ""(A0*x+A0*y+A3*z+A4*t)""]"	Q(parameters)		xy(A_{0}x + A_{1}y)(A_{0}x + A_{2}y + A_{2}z)zt(x + y + z + t)(A_{0}x + A_{0}y + A_{3}z + A_{4}t)	8
139	parsed	"[""x"", ""y"", ""(A0*x+A1*y)"", ""(A0*x+A2*y+A2*z)"", ""z"", ""t"", ""(x+y+z+t)"", ""(A0*x+A3*y+A4*z+A5*t)""]"	Q(parameters)		xy(A_{0}x + A_{1}y)(A_{0}x + A_{2}y + A_{2}z)zt(x + y + z + t)(A_{0}x + A_{3}y + A_{4}z + A_{5}t)	8
140	parsed	"[""x"", ""y"", ""(A0*x+A1*y)"", ""z"", ""(A0*x+A2*y+A3*z)"", ""(A0*x+A0*y+A4*z+A5*t)"", ""t"", ""(x+y+z+t)""]"	Q(parameters)		xy(A_{0}x + A_{1}y)z(A_{0}x + A_{2}y + A_{3}z)(A_{0}x + A_{0}y + A_{4}z + A_{5}t)t(x + y + z + t)	8
141	parsed	"[""x"", ""y"", ""(A0*x+A1*y)"", ""z"", ""(A0*x+A2*y+A3*z)"", ""(A0*x+A2*y+A4*z+A5*t)"", ""t"", ""(x+y+z+t)""]"	Q(parameters)		xy(A_{0}x + A_{1}y)z(A_{0}x + A_{2}y + A_{3}z)(A_{0}x + A_{2}y + A_{4}z + A_{5}t)t(x + y + z + t)	8
142	parsed	"[""x"", ""y"", ""(A0*x+A1*y)"", ""z"", ""(A0*x+A2*y+A3*z)"", ""(A0*x+A4*y+A4*z+A5*t)"", ""t"", ""(x+y+z+t)""]"	Q(parameters)		xy(A_{0}x + A_{1}y)z(A_{0}x + A_{2}y + A_{3}z)(A_{0}x + A_{4}y + A_{4}z + A_{5}t)t(x + y + z + t)	8
143	parsed	"[""x"", ""y"", ""(A0*x+A1*y)"", ""z"", ""(A0*x+A2*y+A3*z)"", ""(A0*x+A4*y+A5*z+A6*t)"", ""t"", ""(x+y+z+t)""]"	Q(parameters)		xy(A_{0}x + A_{1}y)z(A_{0}x + A_{2}y + A_{3}z)(A_{0}x + A_{4}y + A_{5}z + A_{6}t)t(x + y + z + t)	8
144	parsed	"[""x"", ""y"", ""(x+y)"", ""z"", ""(A0*x+A1*z+A0*t)"", ""t"", ""(A0*x+A0*z+(2*A0-A1)*t)"", ""(x+y+z+t)""]"	Q(parameters)		xy(x + y)z(A_{0}x + A_{1}z + A_{0}t)t(A_{0}x + A_{0}z + (2A_{0} - A_{1})t)(x + y + z + t)	8
145	parsed	"[""(A0*y+A1*z+A2*t)"", ""x"", ""(A2*x+A0*y+A1*z+A2*t)"", ""y"", ""(y+t)"", ""z"", ""(z+t)"", ""(x+t)""]"	Q(parameters)		(A_{0}y + A_{1}z + A_{2}t)x(A_{2}x + A_{0}y + A_{1}z + A_{2}t)y(y + t)z(z + t)(x + t)	8
146	parsed	"[""x"", ""y"", ""(x+y)"", ""z"", ""(A0*x+A1*z+A0*t)"", ""t"", ""(A0*x+A2*z+A3*t)"", ""(x+y+z+t)""]"	Q(parameters)		xy(x + y)z(A_{0}x + A_{1}z + A_{0}t)t(A_{0}x + A_{2}z + A_{3}t)(x + y + z + t)	8
147	parsed	"[""(A0*y+A1*z+A2*t)"", ""x"", ""(A3*x+A0*y+A1*z+A2*t)"", ""y"", ""(y+t)"", ""z"", ""(z+t)"", ""(x+t)""]"	Q(parameters)		(A_{0}y + A_{1}z + A_{2}t)x(A_{3}x + A_{0}y + A_{1}z + A_{2}t)y(y + t)z(z + t)(x + t)	8
148	parsed	"[""x"", ""y"", ""(A0*x+A1*y)"", ""z"", ""(A0*x+A2*z+A0*t)"", ""t"", ""((-A0+A1)*x+A1*z+A3*t)"", ""(x+y+z+t)""]"	Q(parameters)		xy(A_{0}x + A_{1}y)z(A_{0}x + A_{2}z + A_{0}t)t((-A_{0} + A_{1})x + A_{1}z + A_{3}t)(x + y + z + t)	8
149	parsed	"[""x"", ""y"", ""(A0*x+A1*y)"", ""(A0*x+A2*z+A0*t)"", ""z"", ""t"", ""(A0*x+A3*z+A4*t)"", ""(x+y+z+t)""]"	Q(parameters)		xy(A_{0}x + A_{1}y)(A_{0}x + A_{2}z + A_{0}t)zt(A_{0}x + A_{3}z + A_{4}t)(x + y + z + t)	8
150	parsed	"[""x"", ""y"", ""(A0*x+A1*y)"", ""z"", ""(A0*x+A2*z+A3*t)"", ""(A0*x+A4*z+A5*t)"", ""t"", ""(x+y+z+t)""]"	Q(parameters)		xy(A_{0}x + A_{1}y)z(A_{0}x + A_{2}z + A_{3}t)(A_{0}x + A_{4}z + A_{5}t)t(x + y + z + t)	8
151	parsed	"[""x"", ""y"", ""(A0*x+A1*y)"", ""z"", ""t"", ""(A0*x+A0*y+A2*z+A3*t)"", ""(A0*x+A0*y+A4*z+A5*t)"", ""(x+y+z+t)""]"	Q(parameters)		xy(A_{0}x + A_{1}y)zt(A_{0}x + A_{0}y + A_{2}z + A_{3}t)(A_{0}x + A_{0}y + A_{4}z + A_{5}t)(x + y + z + t)	8
152	parsed	"[""x"", ""(x+2*y)"", ""y"", ""z"", ""(x+z+2*t)"", ""t"", ""(x+y+z+t)"", ""(A0*x+2*A0*y+A1*z+2*A0*t)""]"	Q(parameters)		x(x + 2y)yz(x + z + 2t)t(x + y + z + t)(A_{0}x + 2A_{0}y + A_{1}z + 2A_{0}t)	8
153	parsed	"[""x"", ""(x+y)"", ""y"", ""z"", ""t"", ""(A1*x+A0*z-A1*t)"", ""(x+y+z+t)"", ""(A1*y+(-A0+A1)*z+A1*t)""]"	Q(parameters)		x(x + y)yzt(A_{1}x + A_{0}z - A_{1}t)(x + y + z + t)(A_{1}y + (-A_{0} + A_{1})z + A_{1}t)	8
154	parsed	"[""x"", ""y"", ""(x+y)"", ""z"", ""t"", ""(A0*x+A0*z+A1*t)"", ""(A0*y+A1*z+A0*t)"", ""(x+y+z+t)""]"	Q(parameters)		xy(x + y)zt(A_{0}x + A_{0}z + A_{1}t)(A_{0}y + A_{1}z + A_{0}t)(x + y + z + t)	8
155	parsed	"[""x"", ""y"", ""(x+y)"", ""z"", ""(A0*x+A0*z+A1*t)"", ""t"", ""(A0**2*x+A0*A1*y+(A0**2-A0*A1+A1**2)*z+A0*A1*t)"", ""(x+y+z+t)""]"	Q(parameters)		xy(x + y)z(A_{0}x + A_{0}z + A_{1}t)t(A_{0}^2x + A_{0}A_{1}y + (A_{0}^2 - A_{0}A_{1} + A_{1}^2)z + A_{0}A_{1}t)(x + y + z + t)	8
156	parsed	"[""x"", ""y"", ""(x+y)"", ""z"", ""t"", ""(A0*x+A1*z+A0*t)"", ""(A2*y+A1*z+A2*t)"", ""(x+y+z+t)""]"	Q(parameters)		xy(x + y)zt(A_{0}x + A_{1}z + A_{0}t)(A_{2}y + A_{1}z + A_{2}t)(x + y + z + t)	8
157	parsed	"[""x"", ""y"", ""(A0*x+A1*y)"", ""z"", ""t"", ""(-A0*x-A0*z+A1*t)"", ""(A1*y+A2*z+A1*t)"", ""(x+y+z+t)""]"	Q(parameters)		xy(A_{0}x + A_{1}y)zt(-A_{0}x - A_{0}z + A_{1}t)(A_{1}y + A_{2}z + A_{1}t)(x + y + z + t)	8
158	parsed	"[""x"", ""y"", ""(x+y)"", ""z"", ""(A0*x+A0*z+A1*t)"", ""t"", ""(A0*x+A1*y+A2*z+A1*t)"", ""(x+y+z+t)""]"	Q(parameters)		xy(x + y)z(A_{0}x + A_{0}z + A_{1}t)t(A_{0}x + A_{1}y + A_{2}z + A_{1}t)(x + y + z + t)	8
159	parsed	"[""x"", ""(x+y)"", ""y"", ""z"", ""t"", ""(A0*x+A1*z+A2*t)"", ""(x+y+z+t)"", ""(A0*y+(A0-A1)*z+A0*t)""]"	Q(parameters)		x(x + y)yzt(A_{0}x + A_{1}z + A_{2}t)(x + y + z + t)(A_{0}y + (A_{0} - A_{1})z + A_{0}t)	8
160	parsed	"[""x"", ""(A0*x+(A0+A1)*y)"", ""y"", ""z"", ""(A1*x+A2*z+(A0+A1)*t)"", ""t"", ""(x+y+z+t)"", ""(A1*y+(A1-A2)*z+A1*t)""]"	Q(parameters)		x(A_{0}x + (A_{0} + A_{1})y)yz(A_{1}x + A_{2}z + (A_{0} + A_{1})t)t(x + y + z + t)(A_{1}y + (A_{1} - A_{2})z + A_{1}t)	8
161	parsed	"[""x"", ""y"", ""(A0*x+A1*y)"", ""z"", ""t"", ""(A0*x+A2*z+A0*t)"", ""(A0*y+(A0-A2)*z+A0*t)"", ""(x+y+z+t)""]"	Q(parameters)		xy(A_{0}x + A_{1}y)zt(A_{0}x + A_{2}z + A_{0}t)(A_{0}y + (A_{0} - A_{2})z + A_{0}t)(x + y + z + t)	8
162	parsed	"[""x"", ""y"", ""(x+y)"", ""(A0*A2*x+A0*A1*y+A0*A1*z+A1*A2*t)"", ""(A2*x+A0*y+A1*z+A2*t)"", ""z"", ""t"", ""(x+y+z+t)""]"	Q(parameters)		xy(x + y)(A_{0}A_{2}x + A_{0}A_{1}y + A_{0}A_{1}z + A_{1}A_{2}t)(A_{2}x + A_{0}y + A_{1}z + A_{2}t)zt(x + y + z + t)	8
163	parsed	"[""x"", ""y"", ""((A0-A1)*x+A0*y)"", ""z"", ""(A1*x+A0*z+A1*t)"", ""t"", ""(x+y+z+t)"", ""(A0*y+A2*z+A0*t)""]"	Q(parameters)		xy((A_{0} - A_{1})x + A_{0}y)z(A_{1}x + A_{0}z + A_{1}t)t(x + y + z + t)(A_{0}y + A_{2}z + A_{0}t)	8
164	parsed	"[""x"", ""y"", ""(x+y)"", ""z"", ""t"", ""(A0*x+A0*z+A1*t)"", ""(A0*y+A2*z+A0*t)"", ""(x+y+z+t)""]"	Q(parameters)		xy(x + y)zt(A_{0}x + A_{0}z + A_{1}t)(A_{0}y + A_{2}z + A_{0}t)(x + y + z + t)	8
165	parsed	"[""x"", ""y"", ""(A0*x+A1*y)"", ""z"", ""((-A0+A1)*x+A1*z+(-A0+A1)*t)"", ""t"", ""(x+y+z+t)"", ""(A0*x+A2*y+A3*z+A2*t)""]"	Q(parameters)		xy(A_{0}x + A_{1}y)z((-A_{0} + A_{1})x + A_{1}z + (-A_{0} + A_{1})t)t(x + y + z + t)(A_{0}x + A_{2}y + A_{3}z + A_{2}t)	8
166	parsed	"[""x"", ""y"", ""(x+y)"", ""z"", ""t"", ""(A0*x+A1*z+A2*t)"", ""(A3*y+A0*z+A3*t)"", ""(x+y+z+t)""]"	Q(parameters)		xy(x + y)zt(A_{0}x + A_{1}z + A_{2}t)(A_{3}y + A_{0}z + A_{3}t)(x + y + z + t)	8
167	parsed	"[""x"", ""y"", ""((-A0+A1)*x+A1*y)"", ""(A0*x+A1*z+A0*t)"", ""z"", ""t"", ""(x+y+z+t)"", ""(A0*x+A0*y+A2*z+A3*t)""]"	Q(parameters)		xy((-A_{0} + A_{1})x + A_{1}y)(A_{0}x + A_{1}z + A_{0}t)zt(x + y + z + t)(A_{0}x + A_{0}y + A_{2}z + A_{3}t)	8
168	parsed	"[""x"", ""y"", ""((A1-A3)*x+(A2-A3)*y)"", ""z"", ""t"", ""(A1*x+A1*z+A0*t)"", ""(x+y+z+t)"", ""(A1*x+A2*y+A3*z+A2*t)""]"	Q(parameters)		xy((A_{1} - A_{3})x + (A_{2} - A_{3})y)zt(A_{1}x + A_{1}z + A_{0}t)(x + y + z + t)(A_{1}x + A_{2}y + A_{3}z + A_{2}t)	8
169	parsed	"[""x"", ""y"", ""(A0*x+A1*y)"", ""z"", ""(A0*x+A2*z+A0*t)"", ""t"", ""(x+y+z+t)"", ""(A0*x+A1*y+A3*z+A1*t)""]"	Q(parameters)		xy(A_{0}x + A_{1}y)z(A_{0}x + A_{2}z + A_{0}t)t(x + y + z + t)(A_{0}x + A_{1}y + A_{3}z + A_{1}t)	8
170	parsed	"[""x"", ""y"", ""(A0*x+A1*y)"", ""z"", ""t"", ""(A0*x+A0*z+A2*t)"", ""(A3*y+A0*z+A3*t)"", ""(x+y+z+t)""]"	Q(parameters)		xy(A_{0}x + A_{1}y)zt(A_{0}x + A_{0}z + A_{2}t)(A_{3}y + A_{0}z + A_{3}t)(x + y + z + t)	8
171	parsed	"[""x"", ""y"", ""(A0*x+A1*y)"", ""z"", ""t"", ""(A0*x+A2*z+A0*t)"", ""(A3*y+A0*z+A3*t)"", ""(x+y+z+t)""]"	Q(parameters)		xy(A_{0}x + A_{1}y)zt(A_{0}x + A_{2}z + A_{0}t)(A_{3}y + A_{0}z + A_{3}t)(x + y + z + t)	8
172	parsed	"[""x"", ""y"", ""((A0-A1)*x+A0*y)"", ""z"", ""t"", ""(A1*x+(A1-A2)*z+A0*t)"", ""(A1*y+A2*z+A3*t)"", ""(x+y+z+t)""]"	Q(parameters)		xy((A_{0} - A_{1})x + A_{0}y)zt(A_{1}x + (A_{1} - A_{2})z + A_{0}t)(A_{1}y + A_{2}z + A_{3}t)(x + y + z + t)	8
173	parsed	"[""x"", ""(A0*x+A1*y+A2*z+A0*t)"", ""(A3*x+A1*y+A2*z+A0*t)"", ""(x+t)"", ""y"", ""(y+t)"", ""z"", ""(z+t)""]"	Q(parameters)		x(A_{0}x + A_{1}y + A_{2}z + A_{0}t)(A_{3}x + A_{1}y + A_{2}z + A_{0}t)(x + t)y(y + t)z(z + t)	8
174	parsed	"[""x"", ""y"", ""(x+y)"", ""z"", ""t"", ""(A1*x+A0*z+(A1-A3)*t)"", ""(A1*y+A2*z+A3*t)"", ""(x+y+z+t)""]"	Q(parameters)		xy(x + y)zt(A_{1}x + A_{0}z + (A_{1} - A_{3})t)(A_{1}y + A_{2}z + A_{3}t)(x + y + z + t)	8
175	parsed	"[""x"", ""y"", ""(A0*x+A1*y)"", ""z"", ""t"", ""((-A0+A1)*x+A1*z+A2*t)"", ""(A3*y+A0*z+A3*t)"", ""(x+y+z+t)""]"	Q(parameters)		xy(A_{0}x + A_{1}y)zt((-A_{0} + A_{1})x + A_{1}z + A_{2}t)(A_{3}y + A_{0}z + A_{3}t)(x + y + z + t)	8
176	parsed	"[""x"", ""y"", ""((A1-A3)*x+A2*y)"", ""z"", ""t"", ""(A1*x+A1*z+A0*t)"", ""(x+y+z+t)"", ""(A1*x+A2*y+A3*z+A2*t)""]"	Q(parameters)		xy((A_{1} - A_{3})x + A_{2}y)zt(A_{1}x + A_{1}z + A_{0}t)(x + y + z + t)(A_{1}x + A_{2}y + A_{3}z + A_{2}t)	8
177	parsed	"[""x"", ""y"", ""(A1*x+A2*y)"", ""z"", ""(A1*x+A0*z+A4*t)"", ""t"", ""(A1*x+A2*y+A3*z+A4*t)"", ""(x+y+z+t)""]"	Q(parameters)		xy(A_{1}x + A_{2}y)z(A_{1}x + A_{0}z + A_{4}t)t(A_{1}x + A_{2}y + A_{3}z + A_{4}t)(x + y + z + t)	8
178	parsed	"[""x"", ""y"", ""(A0*x+A1*y)"", ""z"", ""(A0*x+A2*z+A3*t)"", ""t"", ""(A0*x+A3*y+A4*z+A3*t)"", ""(x+y+z+t)""]"	Q(parameters)		xy(A_{0}x + A_{1}y)z(A_{0}x + A_{2}z + A_{3}t)t(A_{0}x + A_{3}y + A_{4}z + A_{3}t)(x + y + z + t)	8
179	parsed	"[""x"", ""y"", ""(A0*x+A1*y)"", ""z"", ""((-A0+A1)*x+A2*z+A1*t)"", ""t"", ""((-A0+A1)*x+A3*y+A4*z+A1*t)"", ""(x+y+z+t)""]"	Q(parameters)		xy(A_{0}x + A_{1}y)z((-A_{0} + A_{1})x + A_{2}z + A_{1}t)t((-A_{0} + A_{1})x + A_{3}y + A_{4}z + A_{1}t)(x + y + z + t)	8
180	parsed	"[""x"", ""y"", ""(A0*x+A1*y)"", ""z"", ""(A1*x+A2*z+A4*t)"", ""t"", ""(A1*x+A1*y+A3*z+A4*t)"", ""(x+y+z+t)""]"	Q(parameters)		xy(A_{0}x + A_{1}y)z(A_{1}x + A_{2}z + A_{4}t)t(A_{1}x + A_{1}y + A_{3}z + A_{4}t)(x + y + z + t)	8
181	parsed	"[""x"", ""y"", ""(A0*x+A1*y)"", ""z"", ""(A0*x+A0*z+A2*t)"", ""t"", ""(x+y+z+t)"", ""(A0*x+A3*y+A4*z+A3*t)""]"	Q(parameters)		xy(A_{0}x + A_{1}y)z(A_{0}x + A_{0}z + A_{2}t)t(x + y + z + t)(A_{0}x + A_{3}y + A_{4}z + A_{3}t)	8
182	parsed	"[""x"", ""y"", ""(x+y)"", ""z"", ""(A0*x+A1*z+A2*t)"", ""t"", ""(A0*x+A3*y+A4*z+A2*t)"", ""(x+y+z+t)""]"	Q(parameters)		xy(x + y)z(A_{0}x + A_{1}z + A_{2}t)t(A_{0}x + A_{3}y + A_{4}z + A_{2}t)(x + y + z + t)	8
183	parsed	"[""x"", ""y"", ""(A0*x+A1*y)"", ""z"", ""((A0-A4)*x+(A3-A4)*z+A2*t)"", ""t"", ""(x+y+z+t)"", ""(A0*x+A4*y+A3*z+A4*t)""]"	Q(parameters)		xy(A_{0}x + A_{1}y)z((A_{0} - A_{4})x + (A_{3} - A_{4})z + A_{2}t)t(x + y + z + t)(A_{0}x + A_{4}y + A_{3}z + A_{4}t)	8
184	parsed	"[""x"", ""y"", ""(A0*x+A1*y)"", ""z"", ""((-A0+A3)*x+(A3-A4)*z+A2*t)"", ""t"", ""(x+y+z+t)"", ""(A0*x+A3*y+A4*z+A0*t)""]"	Q(parameters)		xy(A_{0}x + A_{1}y)z((-A_{0} + A_{3})x + (A_{3} - A_{4})z + A_{2}t)t(x + y + z + t)(A_{0}x + A_{3}y + A_{4}z + A_{0}t)	8
185	parsed	"[""x"", ""y"", ""((A1-A3)*x+(A2-A3)*y)"", ""z"", ""(A1*x+A0*z+A4*t)"", ""t"", ""(A1*x+A2*y+A3*z+A4*t)"", ""(x+y+z+t)""]"	Q(parameters)		xy((A_{1} - A_{3})x + (A_{2} - A_{3})y)z(A_{1}x + A_{0}z + A_{4}t)t(A_{1}x + A_{2}y + A_{3}z + A_{4}t)(x + y + z + t)	8
186	parsed	"[""x"", ""y"", ""(A0*x+A1*y)"", ""z"", ""(A0*x+A2*z+A3*t)"", ""t"", ""(A0*x+A4*y+A5*z+A3*t)"", ""(x+y+z+t)""]"	Q(parameters)		xy(A_{0}x + A_{1}y)z(A_{0}x + A_{2}z + A_{3}t)t(A_{0}x + A_{4}y + A_{5}z + A_{3}t)(x + y + z + t)	8
187	parsed	"[""x"", ""y"", ""(A0*x+A1*y)"", ""z"", ""(A0*x+A2*z+A3*t)"", ""t"", ""(x+y+z+t)"", ""(A0*x+A4*y+A5*z+A0*t)""]"	Q(parameters)		xy(A_{0}x + A_{1}y)z(A_{0}x + A_{2}z + A_{3}t)t(x + y + z + t)(A_{0}x + A_{4}y + A_{5}z + A_{0}t)	8
188	parsed	"[""x"", ""y"", ""(A0*x+A1*y)"", ""z"", ""(A0*x+A2*z+A3*t)"", ""t"", ""(x+y+z+t)"", ""(A0*x+A4*y+A5*z+A4*t)""]"	Q(parameters)		xy(A_{0}x + A_{1}y)z(A_{0}x + A_{2}z + A_{3}t)t(x + y + z + t)(A_{0}x + A_{4}y + A_{5}z + A_{4}t)	8
189	parsed	"[""x"", ""y"", ""(A0*x+A1*y)"", ""z"", ""(A0*x+A2*z+A3*t)"", ""t"", ""(x+y+z+t)"", ""((-A0+A4)*x+A4*y+A5*z+(-A3+A4)*t)""]"	Q(parameters)		xy(A_{0}x + A_{1}y)z(A_{0}x + A_{2}z + A_{3}t)t(x + y + z + t)((-A_{0} + A_{4})x + A_{4}y + A_{5}z + (-A_{3} + A_{4})t)	8
190	parsed	"[""x"", ""y"", ""(A0*x+A1*y)"", ""z"", ""(A0*x+A2*z+A3*t)"", ""t"", ""(x+y+z+t)"", ""(A0*x+A4*y+A5*z+A6*t)""]"	Q(parameters)		xy(A_{0}x + A_{1}y)z(A_{0}x + A_{2}z + A_{3}t)t(x + y + z + t)(A_{0}x + A_{4}y + A_{5}z + A_{6}t)	8
191	parsed	"[""x"", ""y"", ""(A0*x+A1*y)"", ""z"", ""t"", ""(A0*x+A2*y+A3*z+A4*t)"", ""(A0*x+A2*y+A5*z+A6*t)"", ""(x+y+z+t)""]"	Q(parameters)		xy(A_{0}x + A_{1}y)zt(A_{0}x + A_{2}y + A_{3}z + A_{4}t)(A_{0}x + A_{2}y + A_{5}z + A_{6}t)(x + y + z + t)	8
192	parsed	"[""x"", ""y"", ""(A0*x+A1*y)"", ""z"", ""t"", ""(A0*x+A2*y+A3*z+A4*t)"", ""(A0*x+A5*y+A6*z+A7*t)"", ""(x+y+z+t)""]"	Q(parameters)		xy(A_{0}x + A_{1}y)zt(A_{0}x + A_{2}y + A_{3}z + A_{4}t)(A_{0}x + A_{5}y + A_{6}z + A_{7}t)(x + y + z + t)	8
193	parsed	"[""(A0*x+A1*y+(-A0-A1)*z)"", ""(A0*x+A2*y+(-A0-A2)*z)"", ""x"", ""y"", ""z"", ""(x+t)"", ""(y+t)"", ""(z+t)""]"	Q(parameters)		(A_{0}x + A_{1}y + (-A_{0} - A_{1})z)(A_{0}x + A_{2}y + (-A_{0} - A_{2})z)xyz(x + t)(y + t)(z + t)	8
194	parsed	"[""x"", ""(x+t)"", ""y"", ""(y+t)"", ""(A0*x+A1*y+A2*t)"", ""z"", ""(z+t)"", ""(A0*x+A3*z+A2*t)""]"	Q(parameters)		x(x + t)y(y + t)(A_{0}x + A_{1}y + A_{2}t)z(z + t)(A_{0}x + A_{3}z + A_{2}t)	8
195	parsed	"[""x"", ""(A0*x+A1*y+A1*z)"", ""y"", ""(A0*x+A2*y+A0*z)"", ""z"", ""t"", ""(x+y+z+t)"", ""(A0*x+A3*y+A3*z+A4*t)""]"	Q(parameters)		x(A_{0}x + A_{1}y + A_{1}z)y(A_{0}x + A_{2}y + A_{0}z)zt(x + y + z + t)(A_{0}x + A_{3}y + A_{3}z + A_{4}t)	8
196	parsed	"[""x"", ""(A0*x+A1*y+A1*z)"", ""y"", ""z"", ""(A0*x+A2*y+A3*z)"", ""(A0*x+A4*y+A4*z+A5*t)"", ""t"", ""(x+y+z+t)""]"	Q(parameters)		x(A_{0}x + A_{1}y + A_{1}z)yz(A_{0}x + A_{2}y + A_{3}z)(A_{0}x + A_{4}y + A_{4}z + A_{5}t)t(x + y + z + t)	8
197	parsed	"[""x"", ""y"", ""(x+t)"", ""(y+t)"", ""(A0*x+A0*y+A1*t)"", ""z"", ""(x+y-z)"", ""(z+t)""]"	Q(parameters)		xy(x + t)(y + t)(A_{0}x + A_{0}y + A_{1}t)z(x + y - z)(z + t)	8
198	parsed	"[""x"", ""(x+2*y+2*z)"", ""y"", ""z"", ""(A0*x+A1*y+A0*z)"", ""t"", ""(x+y+z+t)"", ""(x+2*y+2*t)""]"	Q(parameters)		x(x + 2y + 2z)yz(A_{0}x + A_{1}y + A_{0}z)t(x + y + z + t)(x + 2y + 2t)	8
199	parsed	"[""x"", ""y"", ""z"", ""(A0*x+A1*y-A1*z)"", ""(A1*x+A0*y-A1*z)"", ""(x+t)"", ""(y+t)"", ""(z+t)""]"	Q(parameters)		xyz(A_{0}x + A_{1}y - A_{1}z)(A_{1}x + A_{0}y - A_{1}z)(x + t)(y + t)(z + t)	8
200	parsed	"[""x"", ""(A0*x+A1*z+A0*t)"", ""(A1*x+A0*y+A1*z+A0*t)"", ""(A1*y+A1*z+A0*t)"", ""y"", ""z"", ""t"", ""(x+y+z+t)""]"	Q(parameters)		x(A_{0}x + A_{1}z + A_{0}t)(A_{1}x + A_{0}y + A_{1}z + A_{0}t)(A_{1}y + A_{1}z + A_{0}t)yzt(x + y + z + t)	8
201	parsed	"[""x"", ""y"", ""z"", ""(A0*x+A1*y-A1*z)"", ""(A0*x+A2*y+(-A0-A2)*z)"", ""(x+t)"", ""(y+t)"", ""(z+t)""]"	Q(parameters)		xyz(A_{0}x + A_{1}y - A_{1}z)(A_{0}x + A_{2}y + (-A_{0} - A_{2})z)(x + t)(y + t)(z + t)	8
202	parsed	"[""x"", ""y"", ""(A0*x+A1*y+A0*z)"", ""(A2*x+(A0-A1)*y+(A0-A1)*z)"", ""z"", ""(A2*x+(A0-A1)*y+A0*t)"", ""t"", ""(x+y+z+t)""]"	Q(parameters)		xy(A_{0}x + A_{1}y + A_{0}z)(A_{2}x + (A_{0} - A_{1})y + (A_{0} - A_{1})z)z(A_{2}x + (A_{0} - A_{1})y + A_{0}t)t(x + y + z + t)	8
203	parsed	"[""x"", ""y"", ""(x+t)"", ""(y+t)"", ""(A0*x+A1*y+A2*t)"", ""z"", ""(x+y-z)"", ""(z+t)""]"	Q(parameters)		xy(x + t)(y + t)(A_{0}x + A_{1}y + A_{2}t)z(x + y - z)(z + t)	8
204	parsed	"[""x"", ""y"", ""(A0*x+A0*y+A2*z)"", ""(A0*x+A1*y+A1*z)"", ""z"", ""(A2*x+(-A0+A2)*y+A2*t)"", ""t"", ""(x+y+z+t)""]"	Q(parameters)		xy(A_{0}x + A_{0}y + A_{2}z)(A_{0}x + A_{1}y + A_{1}z)z(A_{2}x + (-A_{0} + A_{2})y + A_{2}t)t(x + y + z + t)	8
205	parsed	"[""x"", ""y"", ""z"", ""(A0*x+A1*y-A1*z)"", ""(A0*x+A2*y-A0*z)"", ""(x+t)"", ""(y+t)"", ""(z+t)""]"	Q(parameters)		xyz(A_{0}x + A_{1}y - A_{1}z)(A_{0}x + A_{2}y - A_{0}z)(x + t)(y + t)(z + t)	8
206	parsed	"[""x"", ""y"", ""(A2*x+A0*y+A0*z)"", ""(A1*x+(A0+A1-A2)*y+A1*z)"", ""z"", ""t"", ""(A2*x+A0*y+(-A1+A2)*t)"", ""(x+y+z+t)""]"	Q(parameters)		xy(A_{2}x + A_{0}y + A_{0}z)(A_{1}x + (A_{0} + A_{1} - A_{2})y + A_{1}z)zt(A_{2}x + A_{0}y + (-A_{1} + A_{2})t)(x + y + z + t)	8
207	parsed	"[""x"", ""(x+t)"", ""y"", ""(A0*x+A1*y+A2*t)"", ""(y+t)"", ""z"", ""(z+t)"", ""(A1*x-A1*y+A2*z)""]"	Q(parameters)		x(x + t)y(A_{0}x + A_{1}y + A_{2}t)(y + t)z(z + t)(A_{1}x - A_{1}y + A_{2}z)	8
208	parsed	"[""x"", ""(A0*x+A1*y+A2*z)"", ""y"", ""(A2*x+(-A0+A1+A2)*y+A2*z)"", ""z"", ""(A1*x+A1*y+A2*z+A2*t)"", ""t"", ""(x+y+z+t)""]"	Q(parameters)		x(A_{0}x + A_{1}y + A_{2}z)y(A_{2}x + (-A_{0} + A_{1} + A_{2})y + A_{2}z)z(A_{1}x + A_{1}y + A_{2}z + A_{2}t)t(x + y + z + t)	8
209	parsed	"[""x"", ""(A0*x+A1*y+A1*z)"", ""y"", ""(A1*x+(-A0+2*A1)*y+A1*z)"", ""z"", ""t"", ""(x+y+z+t)"", ""(A0*x+A0*y+A2*t)""]"	Q(parameters)		x(A_{0}x + A_{1}y + A_{1}z)y(A_{1}x + (-A_{0} + 2A_{1})y + A_{1}z)zt(x + y + z + t)(A_{0}x + A_{0}y + A_{2}t)	8
210	parsed	"[""x"", ""y"", ""((A1-A3)*x+(A2-A3)*y+(A2-A3)*z)"", ""((-A1+A3)*x+A0*y+A3*z)"", ""z"", ""t"", ""(A1*x+A2*y+A3*t)"", ""(x+y+z+t)""]"	Q(parameters)		xy((A_{1} - A_{3})x + (A_{2} - A_{3})y + (A_{2} - A_{3})z)((-A_{1} + A_{3})x + A_{0}y + A_{3}z)zt(A_{1}x + A_{2}y + A_{3}t)(x + y + z + t)	8
211	parsed	"[""x"", ""y"", ""(x+t)"", ""(A0*x+A1*y+A2*t)"", ""(y+t)"", ""z"", ""(A3*x+A1*y-A2*z)"", ""(z+t)""]"	Q(parameters)		xy(x + t)(A_{0}x + A_{1}y + A_{2}t)(y + t)z(A_{3}x + A_{1}y - A_{2}z)(z + t)	8
212	parsed	"[""x"", ""y"", ""(y+t)"", ""(x+t)"", ""(A0*x+A1*y+A2*t)"", ""(A0*x+A3*y-A3*z)"", ""z"", ""(z+t)""]"	Q(parameters)		xy(y + t)(x + t)(A_{0}x + A_{1}y + A_{2}t)(A_{0}x + A_{3}y - A_{3}z)z(z + t)	8
213	parsed	"[""x"", ""y"", ""(x+t)"", ""(y+t)"", ""(A0*x+A1*y+A2*t)"", ""z"", ""(A0*x+A1*y+A3*z)"", ""(z+t)""]"	Q(parameters)		xy(x + t)(y + t)(A_{0}x + A_{1}y + A_{2}t)z(A_{0}x + A_{1}y + A_{3}z)(z + t)	8
214	parsed	"[""x"", ""(x+t)"", ""y"", ""(A0*x+A1*y+A2*t)"", ""(y+t)"", ""z"", ""(z+t)"", ""((A0-A2)*x+A1*y+A3*z)""]"	Q(parameters)		x(x + t)y(A_{0}x + A_{1}y + A_{2}t)(y + t)z(z + t)((A_{0} - A_{2})x + A_{1}y + A_{3}z)	8
215	parsed	"[""x"", ""y"", ""(x+t)"", ""(y+t)"", ""(A0*x+A1*y+A2*t)"", ""z"", ""(A0*x+A3*y+(-A0-A3)*z)"", ""(z+t)""]"	Q(parameters)		xy(x + t)(y + t)(A_{0}x + A_{1}y + A_{2}t)z(A_{0}x + A_{3}y + (-A_{0} - A_{3})z)(z + t)	8
216	parsed	"[""x"", ""y"", ""(A2*x+A0*y+A0*z)"", ""((-A2+A3)*x+A1*y+A3*z)"", ""z"", ""t"", ""(A2*x+A2*y+A3*t)"", ""(x+y+z+t)""]"	Q(parameters)		xy(A_{2}x + A_{0}y + A_{0}z)((-A_{2} + A_{3})x + A_{1}y + A_{3}z)zt(A_{2}x + A_{2}y + A_{3}t)(x + y + z + t)	8
217	parsed	"[""x"", ""(x+t)"", ""y"", ""(y+t)"", ""(A0*x+A1*y+A2*t)"", ""z"", ""(z+t)"", ""(A0*x-A0*y+A3*z)""]"	Q(parameters)		x(x + t)y(y + t)(A_{0}x + A_{1}y + A_{2}t)z(z + t)(A_{0}x - A_{0}y + A_{3}z)	8
218	parsed	"[""x"", ""y"", ""(x+t)"", ""(y+t)"", ""(A0*x+A1*y+A2*t)"", ""z"", ""(A3*x+A1*y+(A0-A2-A3)*z)"", ""(z+t)""]"	Q(parameters)		xy(x + t)(y + t)(A_{0}x + A_{1}y + A_{2}t)z(A_{3}x + A_{1}y + (A_{0} - A_{2} - A_{3})z)(z + t)	8
219	parsed	"[""x"", ""y"", ""z"", ""(A0*x+A1*y+A2*z)"", ""(A3*x+(A0+A1-A3)*y+A2*z)"", ""(x+t)"", ""(y+t)"", ""(z+t)""]"	Q(parameters)		xyz(A_{0}x + A_{1}y + A_{2}z)(A_{3}x + (A_{0} + A_{1} - A_{3})y + A_{2}z)(x + t)(y + t)(z + t)	8
220	parsed	"[""x"", ""y"", ""(A0*x+A1*y+A1*z)"", ""(A0*x+A2*y+A3*z)"", ""z"", ""t"", ""((-A2+A3)*x+(-A2+A3)*y+A3*t)"", ""(x+y+z+t)""]"	Q(parameters)		xy(A_{0}x + A_{1}y + A_{1}z)(A_{0}x + A_{2}y + A_{3}z)zt((-A_{2} + A_{3})x + (-A_{2} + A_{3})y + A_{3}t)(x + y + z + t)	8
221	parsed	"[""x"", ""y"", ""z"", ""(A0*x+A1*y+(-A0-A1)*z)"", ""(A0*x+A2*y+A3*z)"", ""(x+t)"", ""(y+t)"", ""(z+t)""]"	Q(parameters)		xyz(A_{0}x + A_{1}y + (-A_{0} - A_{1})z)(A_{0}x + A_{2}y + A_{3}z)(x + t)(y + t)(z + t)	8
222	parsed	"[""x"", ""y"", ""(A0*x+A1*y+A2*z)"", ""z"", ""(A0*x+A3*y+A4*z)"", ""((-A1+A2)*x+(-A1+A2)*y+A2*t)"", ""t"", ""(x+y+z+t)""]"	Q(parameters)		xy(A_{0}x + A_{1}y + A_{2}z)z(A_{0}x + A_{3}y + A_{4}z)((-A_{1} + A_{2})x + (-A_{1} + A_{2})y + A_{2}t)t(x + y + z + t)	8
223	parsed	"[""x"", ""y"", ""(A0*x+A1*y+A1*z)"", ""(A0*x+A2*y+A0*z)"", ""z"", ""t"", ""(A0*x+A3*y+A4*t)"", ""(x+y+z+t)""]"	Q(parameters)		xy(A_{0}x + A_{1}y + A_{1}z)(A_{0}x + A_{2}y + A_{0}z)zt(A_{0}x + A_{3}y + A_{4}t)(x + y + z + t)	8
224	parsed	"[""x"", ""y"", ""(A0*x+A1*y+A2*z)"", ""z"", ""(A3*x+(-A1+A2)*y+A4*z)"", ""(A3*x+(-A1+A2)*y+A2*t)"", ""t"", ""(x+y+z+t)""]"	Q(parameters)		xy(A_{0}x + A_{1}y + A_{2}z)z(A_{3}x + (-A_{1} + A_{2})y + A_{4}z)(A_{3}x + (-A_{1} + A_{2})y + A_{2}t)t(x + y + z + t)	8
225	parsed	"[""x"", ""y"", ""((A1-A3)*x+(A2-A3)*y+A0*z)"", ""z"", ""(A1*x+A2*y+A3*z)"", ""t"", ""((A1-A3)*x+(A2-A3)*y+A4*t)"", ""(x+y+z+t)""]"	Q(parameters)		xy((A_{1} - A_{3})x + (A_{2} - A_{3})y + A_{0}z)z(A_{1}x + A_{2}y + A_{3}z)t((A_{1} - A_{3})x + (A_{2} - A_{3})y + A_{4}t)(x + y + z + t)	8
226	parsed	"[""x"", ""y"", ""(A0*x+A1*y+A2*z)"", ""z"", ""(A0*x+A0*y+A3*z)"", ""(A4*x+(-A1+A2)*y+A2*t)"", ""t"", ""(x+y+z+t)""]"	Q(parameters)		xy(A_{0}x + A_{1}y + A_{2}z)z(A_{0}x + A_{0}y + A_{3}z)(A_{4}x + (-A_{1} + A_{2})y + A_{2}t)t(x + y + z + t)	8
227	parsed	"[""x"", ""y"", ""(A0*x+A1*y+A1*z)"", ""(A0*x+A2*y+A3*z)"", ""z"", ""t"", ""(A4*x+(-A2+A3)*y+A3*t)"", ""(x+y+z+t)""]"	Q(parameters)		xy(A_{0}x + A_{1}y + A_{1}z)(A_{0}x + A_{2}y + A_{3}z)zt(A_{4}x + (-A_{2} + A_{3})y + A_{3}t)(x + y + z + t)	8
228	parsed	"[""x"", ""y"", ""(A1*x+A0*y+A0*z)"", ""(A1*x+A2*y+A3*z)"", ""z"", ""t"", ""((-A1+A3)*x+A4*y+A3*t)"", ""(x+y+z+t)""]"	Q(parameters)		xy(A_{1}x + A_{0}y + A_{0}z)(A_{1}x + A_{2}y + A_{3}z)zt((-A_{1} + A_{3})x + A_{4}y + A_{3}t)(x + y + z + t)	8
229	parsed	"[""x"", ""y"", ""(A0*x+A1*y+A1*z)"", ""(A0*x+A2*y+A3*z)"", ""z"", ""t"", ""((-A0+A1)*x+A4*y+A1*t)"", ""(x+y+z+t)""]"	Q(parameters)		xy(A_{0}x + A_{1}y + A_{1}z)(A_{0}x + A_{2}y + A_{3}z)zt((-A_{0} + A_{1})x + A_{4}y + A_{1}t)(x + y + z + t)	8
230	parsed	"[""x"", ""y"", ""(A0*x+A0*y+A1*z)"", ""z"", ""(A0*x+A2*y+A3*z)"", ""t"", ""((A0-A3)*x+(A2-A3)*y+A4*t)"", ""(x+y+z+t)""]"	Q(parameters)		xy(A_{0}x + A_{0}y + A_{1}z)z(A_{0}x + A_{2}y + A_{3}z)t((A_{0} - A_{3})x + (A_{2} - A_{3})y + A_{4}t)(x + y + z + t)	8
231	parsed	"[""x"", ""y"", ""(A0*x+A1*y+A2*z)"", ""z"", ""(A0*x+A3*y+A4*z)"", ""t"", ""(A0*x+A1*y+A5*t)"", ""(x+y+z+t)""]"	Q(parameters)		xy(A_{0}x + A_{1}y + A_{2}z)z(A_{0}x + A_{3}y + A_{4}z)t(A_{0}x + A_{1}y + A_{5}t)(x + y + z + t)	8
232	parsed	"[""x"", ""y"", ""(A0*x+A0*y+A1*z)"", ""z"", ""(A0*x+A2*y+A3*z)"", ""t"", ""(A0*x+A4*y+A5*t)"", ""(x+y+z+t)""]"	Q(parameters)		xy(A_{0}x + A_{0}y + A_{1}z)z(A_{0}x + A_{2}y + A_{3}z)t(A_{0}x + A_{4}y + A_{5}t)(x + y + z + t)	8
233	parsed	"[""x"", ""y"", ""(A0*x+A1*y+A2*z)"", ""z"", ""(A0*x+A3*y+A4*z)"", ""(A5*x+(-A1+A2)*y+A2*t)"", ""t"", ""(x+y+z+t)""]"	Q(parameters)		xy(A_{0}x + A_{1}y + A_{2}z)z(A_{0}x + A_{3}y + A_{4}z)(A_{5}x + (-A_{1} + A_{2})y + A_{2}t)t(x + y + z + t)	8
234	parsed	"[""x"", ""y"", ""(A0*x+A1*y+A2*z)"", ""z"", ""(A0*x+A3*y+A4*z)"", ""t"", ""((A0-A2)*x+(A1-A2)*y+A5*t)"", ""(x+y+z+t)""]"	Q(parameters)		xy(A_{0}x + A_{1}y + A_{2}z)z(A_{0}x + A_{3}y + A_{4}z)t((A_{0} - A_{2})x + (A_{1} - A_{2})y + A_{5}t)(x + y + z + t)	8
235	parsed	"[""x"", ""y"", ""(A0*x+A1*y+A2*z)"", ""z"", ""(A0*x+A3*y+A4*z)"", ""t"", ""(A0*x+A5*y+A6*t)"", ""(x+y+z+t)""]"	Q(parameters)		xy(A_{0}x + A_{1}y + A_{2}z)z(A_{0}x + A_{3}y + A_{4}z)t(A_{0}x + A_{5}y + A_{6}t)(x + y + z + t)	8
236	parsed	"[""x"", ""y"", ""z"", ""(A0*x+A1*y+A2*z)"", ""(A0*x+A3*y+A4*z)"", ""(A0*x+A5*y+A5*z+A6*t)"", ""t"", ""(x+y+z+t)""]"	Q(parameters)		xyz(A_{0}x + A_{1}y + A_{2}z)(A_{0}x + A_{3}y + A_{4}z)(A_{0}x + A_{5}y + A_{5}z + A_{6}t)t(x + y + z + t)	8
237	parsed	"[""x"", ""y"", ""z"", ""(A0*x+A1*y+A2*z)"", ""(A0*x+A3*y+A4*z)"", ""(A0*x+A5*y+A6*z+A7*t)"", ""t"", ""(x+y+z+t)""]"	Q(parameters)		xyz(A_{0}x + A_{1}y + A_{2}z)(A_{0}x + A_{3}y + A_{4}z)(A_{0}x + A_{5}y + A_{6}z + A_{7}t)t(x + y + z + t)	8
238	parsed	"[""x"", ""y"", ""z"", ""(x-y-z)"", ""(x+t)"", ""(y+t)"", ""(z+t)"", ""(x-y-z-t)""]"	Q		xyz(x - y - z)(x + t)(y + t)(z + t)(x - y - z - t)	8
239	parsed	"[""x"", ""y"", ""z"", ""(x+y-z)"", ""(z+t)"", ""(x+y+z+t)"", ""(x+t)"", ""(y+t)""]"	Q		xyz(x + y - z)(z + t)(x + y + z + t)(x + t)(y + t)	8
240	parsed	"[""x"", ""y"", ""z"", ""(x-y-z)"", ""(x+t)"", ""(y+t)"", ""(z+t)"", ""(x-2*y-2*z-2*t)""]"	Q		xyz(x - y - z)(x + t)(y + t)(z + t)(x - 2y - 2z - 2t)	8
241	parsed	"[""x"", ""y"", ""z"", ""(x-y-z)"", ""(x-y+t)"", ""t"", ""(x+y-z-t)"", ""(x+y+z+t)""]"	Q		xyz(x - y - z)(x - y + t)t(x + y - z - t)(x + y + z + t)	8
242	parsed	"[""x"", ""y"", ""(x+t)"", ""(y+t)"", ""(A0*x-A0*y+A1*z)"", ""z"", ""(A0*x-A0*y+A1*z+A1*t)"", ""(z+t)""]"	Q(parameters)		xy(x + t)(y + t)(A_{0}x - A_{0}y + A_{1}z)z(A_{0}x - A_{0}y + A_{1}z + A_{1}t)(z + t)	8
243	parsed	"[""x"", ""y"", ""z"", ""(x-y-z)"", ""(x+t)"", ""(y+t)"", ""(z+t)"", ""(A0*x+A1*y+A1*z+A1*t)""]"	Q(parameters)		xyz(x - y - z)(x + t)(y + t)(z + t)(A_{0}x + A_{1}y + A_{1}z + A_{1}t)	8
244	parsed	"[""x"", ""y"", ""(x+t)"", ""(y+t)"", ""(A0*x+A1*y+(-A0-A1)*z)"", ""z"", ""(A0*x+A1*y+(-A0-A1)*z+(-A0-A1)*t)"", ""(z+t)""]"	Q(parameters)		xy(x + t)(y + t)(A_{0}x + A_{1}y + (-A_{0} - A_{1})z)z(A_{0}x + A_{1}y + (-A_{0} - A_{1})z + (-A_{0} - A_{1})t)(z + t)	8
245	parsed	"[""x"", ""y"", ""z"", ""(-2*x-y+z)"", ""(z+t)"", ""(x+y+z+t)"", ""(x+t)"", ""(y+t)""]"	Q		xyz(-2x - y + z)(z + t)(x + y + z + t)(x + t)(y + t)	8
246	parsed	"[""x"", ""y"", ""(A0*x+A1*y+(-A0-A1)*z)"", ""z"", ""(-A1*x-A0*y+(-A0-A1)*z+(-A0-A1)*t)"", ""(z+t)"", ""(y+t)"", ""(x+t)""]"	Q(parameters)		xy(A_{0}x + A_{1}y + (-A_{0} - A_{1})z)z(-A_{1}x - A_{0}y + (-A_{0} - A_{1})z + (-A_{0} - A_{1})t)(z + t)(y + t)(x + t)	8
247	parsed	"[""x"", ""y"", ""z"", ""(A0*x+A1*y+A1*z)"", ""(x+t)"", ""(y+t)"", ""(z+t)"", ""(-1*x+y+z+t)""]"	Q(parameters)		xyz(A_{0}x + A_{1}y + A_{1}z)(x + t)(y + t)(z + t)(-1x + y + z + t)	8
248	parsed	"[""x"", ""y"", ""z"", ""(A0*x+A1*y-A1*z)"", ""(z+t)"", ""(x+y+z+t)"", ""(x+t)"", ""(y+t)""]"	Q(parameters)		xyz(A_{0}x + A_{1}y - A_{1}z)(z + t)(x + y + z + t)(x + t)(y + t)	8
249	parsed	"[""x"", ""(x+2*y+2*z)"", ""y"", ""z"", ""(A0*x+(2*A0-A1)*y+2*A0*t)"", ""(A0*x+2*A0*y+A1*z+2*A0*t)"", ""t"", ""(x+y+z+t)""]"	Q(parameters)		x(x + 2y + 2z)yz(A_{0}x + (2A_{0} - A_{1})y + 2A_{0}t)(A_{0}x + 2A_{0}y + A_{1}z + 2A_{0}t)t(x + y + z + t)	8
250	parsed	"[""x"", ""y"", ""z"", ""(-2*A1*x+A0*y+A1*z)"", ""(z+t)"", ""(x-y-z-t)"", ""(x+t)"", ""(y+t)""]"	Q(parameters)		xyz(-2A_{1}x + A_{0}y + A_{1}z)(z + t)(x - y - z - t)(x + t)(y + t)	8
251	parsed	"[""x"", ""y"", ""z"", ""(A0*x+A1*y+(-A0-A1)*z)"", ""(y+t)"", ""(x+t)"", ""(-A1*x+(-A0-A1)*y+(-A0-A1)*z+(-A0-A1)*t)"", ""(z+t)""]"	Q(parameters)		xyz(A_{0}x + A_{1}y + (-A_{0} - A_{1})z)(y + t)(x + t)(-A_{1}x + (-A_{0} - A_{1})y + (-A_{0} - A_{1})z + (-A_{0} - A_{1})t)(z + t)	8
252	parsed	"[""x"", ""(A0*x+A1*y+2*A1*z)"", ""y"", ""z"", ""(y+2*z+2*t)"", ""t"", ""(x+y+z+t)"", ""(x+z-t)""]"	Q(parameters)		x(A_{0}x + A_{1}y + 2A_{1}z)yz(y + 2z + 2t)t(x + y + z + t)(x + z - t)	8
253	parsed	"[""x"", ""y"", ""(x+t)"", ""(y+t)"", ""z"", ""(A0*x+A1*y+(-A0-A1)*z)"", ""(z+t)"", ""((-A0-A1)*x+A1*y+(-A0-A1)*z+(-A0-A1)*t)""]"	Q(parameters)		xy(x + t)(y + t)z(A_{0}x + A_{1}y + (-A_{0} - A_{1})z)(z + t)((-A_{0} - A_{1})x + A_{1}y + (-A_{0} - A_{1})z + (-A_{0} - A_{1})t)	8
254	parsed	"[""x"", ""y"", ""z"", ""(A1*x+A0*y+A0*z)"", ""(A1*x+A0*y+A1*t)"", ""t"", ""(A0*x+A0*y+A1*z+A1*t)"", ""(x+y+z+t)""]"	Q(parameters)		xyz(A_{1}x + A_{0}y + A_{0}z)(A_{1}x + A_{0}y + A_{1}t)t(A_{0}x + A_{0}y + A_{1}z + A_{1}t)(x + y + z + t)	8
255	parsed	"[""x"", ""(A0*x+A1*y+A1*z)"", ""y"", ""z"", ""(A0*x+A1*y+A0*t)"", ""((A0+A1)*x+(A0+A1)*y+A0*z+A0*t)"", ""t"", ""(x+y+z+t)""]"	Q(parameters)		x(A_{0}x + A_{1}y + A_{1}z)yz(A_{0}x + A_{1}y + A_{0}t)((A_{0} + A_{1})x + (A_{0} + A_{1})y + A_{0}z + A_{0}t)t(x + y + z + t)	8
256	parsed	"[""x"", ""y"", ""z"", ""(A0*x+A1*y-A0*z)"", ""(z+t)"", ""(A0*x+A1*y+A1*z+A1*t)"", ""(x+t)"", ""(y+t)""]"	Q(parameters)		xyz(A_{0}x + A_{1}y - A_{0}z)(z + t)(A_{0}x + A_{1}y + A_{1}z + A_{1}t)(x + t)(y + t)	8
257	parsed	"[""x"", ""y"", ""(A0*x+A1*y+A1*z)"", ""z"", ""(A0*x+A1*y+(A0-A1)*t)"", ""t"", ""(A0*x+A0*y+(A0-A1)*z+(A0-A1)*t)"", ""(x+y+z+t)""]"	Q(parameters)		xy(A_{0}x + A_{1}y + A_{1}z)z(A_{0}x + A_{1}y + (A_{0} - A_{1})t)t(A_{0}x + A_{0}y + (A_{0} - A_{1})z + (A_{0} - A_{1})t)(x + y + z + t)	8
258	parsed	"[""x"", ""y"", ""z"", ""(-2*x+y+z)"", ""(x+t)"", ""(y+t)"", ""(z+t)"", ""(A0*x+A1*y+A1*z+A1*t)""]"	Q(parameters)		xyz(-2x + y + z)(x + t)(y + t)(z + t)(A_{0}x + A_{1}y + A_{1}z + A_{1}t)	8
259	parsed	"[""x"", ""y"", ""(x+t)"", ""(y+t)"", ""z"", ""(A0*x+A1*y+(-A0-A1)*z)"", ""(z+t)"", ""((-A0-2*A1)*x+A1*y+(-A0-A1)*z+(-A0-A1)*t)""]"	Q(parameters)		xy(x + t)(y + t)z(A_{0}x + A_{1}y + (-A_{0} - A_{1})z)(z + t)((-A_{0} - 2A_{1})x + A_{1}y + (-A_{0} - A_{1})z + (-A_{0} - A_{1})t)	8
260	parsed	"[""(A0*A1*x+A0*A2*y+A1*A2*z+A2**2*t)"", ""x"", ""y"", ""(A1*x+A2*y+A1*z+A2*t)"", ""(A0*x+A0*y+A2*z+A2*t)"", ""z"", ""t"", ""(x+y+z+t)""]"	Q(parameters)		(A_{0}A_{1}x + A_{0}A_{2}y + A_{1}A_{2}z + A_{2}^2t)xy(A_{1}x + A_{2}y + A_{1}z + A_{2}t)(A_{0}x + A_{0}y + A_{2}z + A_{2}t)zt(x + y + z + t)	8
261	parsed	"[""x"", ""y"", ""z"", ""((-A0+2*A1)*x+A0*y+A1*z)"", ""(2*x+z+2*t)"", ""(A0*x+A0*y+A1*z+2*A1*t)"", ""t"", ""(x+y+z+t)""]"	Q(parameters)		xyz((-A_{0} + 2A_{1})x + A_{0}y + A_{1}z)(2x + z + 2t)(A_{0}x + A_{0}y + A_{1}z + 2A_{1}t)t(x + y + z + t)	8
262	parsed	"[""x"", ""((A0-A1)*x+A0*y+A0*z)"", ""y"", ""z"", ""(A1*x+A1*y+A0*t)"", ""(A0*y+(A0-A1)*z+A0*t)"", ""t"", ""(x+y+z+t)""]"	Q(parameters)		x((A_{0} - A_{1})x + A_{0}y + A_{0}z)yz(A_{1}x + A_{1}y + A_{0}t)(A_{0}y + (A_{0} - A_{1})z + A_{0}t)t(x + y + z + t)	8
263	parsed	"[""x"", ""y"", ""z"", ""(A0*x+A2*y+A0*z)"", ""(A2*x+A1*y+A1*t)"", ""t"", ""(x+y+z+t)"", ""(A2*x+A2*y+A0*z+A1*t)""]"	Q(parameters)		xyz(A_{0}x + A_{2}y + A_{0}z)(A_{2}x + A_{1}y + A_{1}t)t(x + y + z + t)(A_{2}x + A_{2}y + A_{0}z + A_{1}t)	8
264	parsed	"[""x"", ""(A0*x+A1*y+2*A1*z)"", ""y"", ""z"", ""(y+2*z+2*t)"", ""t"", ""(x+y+z+t)"", ""(A0*x+A1*y+A0*z+(-A0+2*A1)*t)""]"	Q(parameters)		x(A_{0}x + A_{1}y + 2A_{1}z)yz(y + 2z + 2t)t(x + y + z + t)(A_{0}x + A_{1}y + A_{0}z + (-A_{0} + 2A_{1})t)	8
265	parsed	"[""x"", ""(x+t)"", ""y"", ""(y+t)"", ""(A0*x+A1*y-A0*z)"", ""(-A0*x+A1*y-A0*z+(-A0+A1)*t)"", ""z"", ""(z+t)""]"	Q(parameters)		x(x + t)y(y + t)(A_{0}x + A_{1}y - A_{0}z)(-A_{0}x + A_{1}y - A_{0}z + (-A_{0} + A_{1})t)z(z + t)	8
266	parsed	"[""x"", ""y"", ""z"", ""(x-y+z)"", ""(A0*x+A1*y+A1*t)"", ""t"", ""(x+y+z+t)"", ""(A0*x+A1*z+A1*t)""]"	Q(parameters)		xyz(x - y + z)(A_{0}x + A_{1}y + A_{1}t)t(x + y + z + t)(A_{0}x + A_{1}z + A_{1}t)	8
267	parsed	"[""x"", ""y"", ""z"", ""(A0**2*x+(A0*A1-A1**2)*y+A0*A1*z)"", ""((A0**2-A0*A1)*x-A1**2*y-A1**2*t)"", ""t"", ""(x+y+z+t)"", ""(A0*x+A0*y+A1*z+A1*t)""]"	Q(parameters)		xyz(A_{0}^2x + (A_{0}A_{1} - A_{1}^2)y + A_{0}A_{1}z)((A_{0}^2 - A_{0}A_{1})x - A_{1}^2y - A_{1}^2t)t(x + y + z + t)(A_{0}x + A_{0}y + A_{1}z + A_{1}t)	8
268	parsed	"[""x"", ""(A0*x+A1*y+A1*z)"", ""y"", ""z"", ""((-A0+A1)*x+(-A0+2*A1)*y+A1*t)"", ""(A1*y+(A0-A1)*z+A1*t)"", ""t"", ""(x+y+z+t)""]"	Q(parameters)		x(A_{0}x + A_{1}y + A_{1}z)yz((-A_{0} + A_{1})x + (-A_{0} + 2A_{1})y + A_{1}t)(A_{1}y + (A_{0} - A_{1})z + A_{1}t)t(x + y + z + t)	8
269	parsed	"[""x"", ""(A2*x+A1*y+A1*z+A2*t)"", ""(A0*A1*x+A1*A2*y+A0*A1*z+A0*A2*t)"", ""y"", ""(A1*A2*x+A1*A2*y+A0*A1*z+A2**2*t)"", ""z"", ""t"", ""(x+y+z+t)""]"	Q(parameters)		x(A_{2}x + A_{1}y + A_{1}z + A_{2}t)(A_{0}A_{1}x + A_{1}A_{2}y + A_{0}A_{1}z + A_{0}A_{2}t)y(A_{1}A_{2}x + A_{1}A_{2}y + A_{0}A_{1}z + A_{2}^2t)zt(x + y + z + t)	8
270	parsed	"[""x"", ""y"", ""(A1*x+A1*y+2*A0*z)"", ""z"", ""(A0*x+(2*A0-A1)*y+2*A0*t)"", ""t"", ""(x+y+z+t)"", ""(A0*x+A1*y+2*A0*z+2*A0*t)""]"	Q(parameters)		xy(A_{1}x + A_{1}y + 2A_{0}z)z(A_{0}x + (2A_{0} - A_{1})y + 2A_{0}t)t(x + y + z + t)(A_{0}x + A_{1}y + 2A_{0}z + 2A_{0}t)	8
271	parsed	"[""x"", ""(x+t)"", ""(A0*x+A1*y-A1*z)"", ""(A0*x+A2*y-A2*z+A0*t)"", ""y"", ""(y+t)"", ""z"", ""(z+t)""]"	Q(parameters)		x(x + t)(A_{0}x + A_{1}y - A_{1}z)(A_{0}x + A_{2}y - A_{2}z + A_{0}t)y(y + t)z(z + t)	8
272	parsed	"[""(A0*x+A1*y+(-A0-A1)*z)"", ""(A0*x+A1*y+(-A0-A1)*z+A2*t)"", ""x"", ""(x+t)"", ""y"", ""(y+t)"", ""z"", ""(z+t)""]"	Q(parameters)		(A_{0}x + A_{1}y + (-A_{0} - A_{1})z)(A_{0}x + A_{1}y + (-A_{0} - A_{1})z + A_{2}t)x(x + t)y(y + t)z(z + t)	8
273	parsed	"[""x"", ""y"", ""z"", ""(A0*x+A1*y+(-A0+A1)*z)"", ""(z+t)"", ""(x+y+z+t)"", ""(x+t)"", ""(y+t)""]"	Q(parameters)		xyz(A_{0}x + A_{1}y + (-A_{0} + A_{1})z)(z + t)(x + y + z + t)(x + t)(y + t)	8
274	parsed	"[""x"", ""y"", ""z"", ""(A0*x+A1*y-A0*z)"", ""(z+t)"", ""((A0+A1)*x-A0*y-A0*z-A0*t)"", ""(x+t)"", ""(y+t)""]"	Q(parameters)		xyz(A_{0}x + A_{1}y - A_{0}z)(z + t)((A_{0} + A_{1})x - A_{0}y - A_{0}z - A_{0}t)(x + t)(y + t)	8
275	parsed	"[""x"", ""y"", ""(A1*x+(-A0+A1)*y+A1*z)"", ""z"", ""t"", ""((-A0**2+A0*A1)*x+(-A0**2+A0*A1)*y+A1**2*t)"", ""(A1**2*x+(-A0**2+A0*A1)*y+A0*A1*z+A1**2*t)"", ""(x+y+z+t)""]"	Q(parameters)		xy(A_{1}x + (-A_{0} + A_{1})y + A_{1}z)zt((-A_{0}^2 + A_{0}A_{1})x + (-A_{0}^2 + A_{0}A_{1})y + A_{1}^2t)(A_{1}^2x + (-A_{0}^2 + A_{0}A_{1})y + A_{0}A_{1}z + A_{1}^2t)(x + y + z + t)	8
276	parsed	"[""x"", ""y"", ""(A1*x+(A0+A1)*y+(A0+A1)*z)"", ""z"", ""t"", ""(A0*x+A0*y+A1*t)"", ""(x+y+z+t)"", ""(A1*x+A0*y+(A0+A1)*z+A1*t)""]"	Q(parameters)		xy(A_{1}x + (A_{0} + A_{1})y + (A_{0} + A_{1})z)zt(A_{0}x + A_{0}y + A_{1}t)(x + y + z + t)(A_{1}x + A_{0}y + (A_{0} + A_{1})z + A_{1}t)	8
277	parsed	"[""x"", ""y"", ""(x+t)"", ""(y+t)"", ""z"", ""(A0*x+A1*y+A2*z)"", ""(z+t)"", ""((-A1+A2)*x+A1*y+A2*z+A2*t)""]"	Q(parameters)		xy(x + t)(y + t)z(A_{0}x + A_{1}y + A_{2}z)(z + t)((-A_{1} + A_{2})x + A_{1}y + A_{2}z + A_{2}t)	8
278	parsed	"[""x"", ""y"", ""z"", ""(A0*x+A1*y+(-A0-A1)*z)"", ""(z+t)"", ""(A0*x+A2*y+(A0+A2)*z+(A0+A2)*t)"", ""(x+t)"", ""(y+t)""]"	Q(parameters)		xyz(A_{0}x + A_{1}y + (-A_{0} - A_{1})z)(z + t)(A_{0}x + A_{2}y + (A_{0} + A_{2})z + (A_{0} + A_{2})t)(x + t)(y + t)	8
279	parsed	"[""x"", ""y"", ""z"", ""(A0*x+A1*y+A1*z)"", ""(A0*x+A1*y+A0*t)"", ""t"", ""(A2*x+A1*y+A0*z+A0*t)"", ""(x+y+z+t)""]"	Q(parameters)		xyz(A_{0}x + A_{1}y + A_{1}z)(A_{0}x + A_{1}y + A_{0}t)t(A_{2}x + A_{1}y + A_{0}z + A_{0}t)(x + y + z + t)	8
280	parsed	"[""x"", ""y"", ""z"", ""(A0*x+A1*y-A0*z)"", ""(z+t)"", ""(A0*x+A2*y+A2*z+A2*t)"", ""(x+t)"", ""(y+t)""]"	Q(parameters)		xyz(A_{0}x + A_{1}y - A_{0}z)(z + t)(A_{0}x + A_{2}y + A_{2}z + A_{2}t)(x + t)(y + t)	8
281	parsed	"[""x"", ""y"", ""z"", ""(A0*x+A1*y+A0*z)"", ""t"", ""(A0*x+A2*y+A2*t)"", ""((-A0+A2)*x+A2*z+A2*t)"", ""(x+y+z+t)""]"	Q(parameters)		xyz(A_{0}x + A_{1}y + A_{0}z)t(A_{0}x + A_{2}y + A_{2}t)((-A_{0} + A_{2})x + A_{2}z + A_{2}t)(x + y + z + t)	8
282	parsed	"[""x"", ""(x+t)"", ""(x+y-z)"", ""(A0*x+A1*y-A1*z+A2*t)"", ""y"", ""(y+t)"", ""z"", ""(z+t)""]"	Q(parameters)		x(x + t)(x + y - z)(A_{0}x + A_{1}y - A_{1}z + A_{2}t)y(y + t)z(z + t)	8
283	parsed	"[""x"", ""((A0+A2)*x+A0*y+A0*z)"", ""y"", ""z"", ""t"", ""(x+y+z+t)"", ""(A1*x+A2*y+A1*t)"", ""((A0+A2)*x+(A0+A2)*y+A0*z+A1*t)""]"	Q(parameters)		x((A_{0} + A_{2})x + A_{0}y + A_{0}z)yzt(x + y + z + t)(A_{1}x + A_{2}y + A_{1}t)((A_{0} + A_{2})x + (A_{0} + A_{2})y + A_{0}z + A_{1}t)	8
284	parsed	"[""x"", ""y"", ""z"", ""(A0*x+A1*y+A1*z)"", ""(x+t)"", ""(y+t)"", ""(z+t)"", ""(A0*x+A2*y+A2*z+A2*t)""]"	Q(parameters)		xyz(A_{0}x + A_{1}y + A_{1}z)(x + t)(y + t)(z + t)(A_{0}x + A_{2}y + A_{2}z + A_{2}t)	8
285	parsed	"[""x"", ""y"", ""z"", ""(A0*x+A1*y+A1*z)"", ""(A2*x+A1*y+A2*t)"", ""t"", ""(A0*x+A1*y+A2*z+A2*t)"", ""(x+y+z+t)""]"	Q(parameters)		xyz(A_{0}x + A_{1}y + A_{1}z)(A_{2}x + A_{1}y + A_{2}t)t(A_{0}x + A_{1}y + A_{2}z + A_{2}t)(x + y + z + t)	8
286	parsed	"[""x"", ""(A0*x+A1*z+2*A1*t)"", ""(2*y+z+2*t)"", ""y"", ""z"", ""t"", ""(x+y+z+t)"", ""(A0*x+(-A0+2*A2)*y+A2*z+A0*t)""]"	Q(parameters)		x(A_{0}x + A_{1}z + 2A_{1}t)(2y + z + 2t)yzt(x + y + z + t)(A_{0}x + (-A_{0} + 2A_{2})y + A_{2}z + A_{0}t)	8
287	parsed	"[""x"", ""(A0*x+A1*y+A1*z+A2*t)"", ""(A1*x+A1*z+A2*t)"", ""y"", ""z"", ""(A1*x+A1*y+A3*z+A2*t)"", ""t"", ""(x+y+z+t)""]"	Q(parameters)		x(A_{0}x + A_{1}y + A_{1}z + A_{2}t)(A_{1}x + A_{1}z + A_{2}t)yz(A_{1}x + A_{1}y + A_{3}z + A_{2}t)t(x + y + z + t)	8
288	parsed	"[""x"", ""y"", ""z"", ""(A2*x+(-A1+A2)*y+(-A1+A2)*z)"", ""(A0*x+A0*y+A2*t)"", ""t"", ""(A0*y+A1*z+A2*t)"", ""(x+y+z+t)""]"	Q(parameters)		xyz(A_{2}x + (-A_{1} + A_{2})y + (-A_{1} + A_{2})z)(A_{0}x + A_{0}y + A_{2}t)t(A_{0}y + A_{1}z + A_{2}t)(x + y + z + t)	8
289	parsed	"[""x"", ""y"", ""z"", ""(A0*x+A0*y+A2*z)"", ""(A1*x+A2*y+A2*t)"", ""t"", ""(x+y+z+t)"", ""(A1**2*x+(2*A1*A2-A2**2)*y+A1*A2*z+A1*A2*t)""]"	Q(parameters)		xyz(A_{0}x + A_{0}y + A_{2}z)(A_{1}x + A_{2}y + A_{2}t)t(x + y + z + t)(A_{1}^2x + (2A_{1}A_{2} - A_{2}^2)y + A_{1}A_{2}z + A_{1}A_{2}t)	8
290	parsed	"[""(A0*x+A1*y+A0*z)"", ""x"", ""y"", ""z"", ""t"", ""(A2*x+A1*y+A0*z+A2*t)"", ""(x+y+z+t)"", ""((A0-A1)*x+(A0-A1)*y+A0*t)""]"	Q(parameters)		(A_{0}x + A_{1}y + A_{0}z)xyzt(A_{2}x + A_{1}y + A_{0}z + A_{2}t)(x + y + z + t)((A_{0} - A_{1})x + (A_{0} - A_{1})y + A_{0}t)	8
291	parsed	"[""x"", ""y"", ""z"", ""((A0-A2)*x+(A1-A2)*y+(A1-A2)*z)"", ""(A2*x+A1*y+A2*t)"", ""t"", ""(A0*x+A1*y+A2*z+A2*t)"", ""(x+y+z+t)""]"	Q(parameters)		xyz((A_{0} - A_{2})x + (A_{1} - A_{2})y + (A_{1} - A_{2})z)(A_{2}x + A_{1}y + A_{2}t)t(A_{0}x + A_{1}y + A_{2}z + A_{2}t)(x + y + z + t)	8
292	parsed	"[""x"", ""y"", ""z"", ""(A0*x+A2*y+A0*z)"", ""(A1*x+A0*z+A1*t)"", ""(A2*x+A2*y+A0*z+A1*t)"", ""t"", ""(x+y+z+t)""]"	Q(parameters)		xyz(A_{0}x + A_{2}y + A_{0}z)(A_{1}x + A_{0}z + A_{1}t)(A_{2}x + A_{2}y + A_{0}z + A_{1}t)t(x + y + z + t)	8
293	parsed	"[""x"", ""(A0*x+A1*y+A1*z)"", ""y"", ""z"", ""t"", ""(x+y+z+t)"", ""(A0*x+A2*y+A0*t)"", ""(A0*y+(A0-A2)*z+A0*t)""]"	Q(parameters)		x(A_{0}x + A_{1}y + A_{1}z)yzt(x + y + z + t)(A_{0}x + A_{2}y + A_{0}t)(A_{0}y + (A_{0} - A_{2})z + A_{0}t)	8
294	parsed	"[""x"", ""(A0*x+A1*y+A1*z)"", ""y"", ""z"", ""(A0*x+A2*y+A0*t)"", ""((A0-A2)*x+A0*y+(A0-A2)*z+A0*t)"", ""t"", ""(x+y+z+t)""]"	Q(parameters)		x(A_{0}x + A_{1}y + A_{1}z)yz(A_{0}x + A_{2}y + A_{0}t)((A_{0} - A_{2})x + A_{0}y + (A_{0} - A_{2})z + A_{0}t)t(x + y + z + t)	8
295	parsed	"[""x"", ""y"", ""z"", ""(A0*x+A1*y+A1*z)"", ""(A0*x+A2*y+A0*t)"", ""t"", ""(A2*x+A2*y+A0*z+A0*t)"", ""(x+y+z+t)""]"	Q(parameters)		xyz(A_{0}x + A_{1}y + A_{1}z)(A_{0}x + A_{2}y + A_{0}t)t(A_{2}x + A_{2}y + A_{0}z + A_{0}t)(x + y + z + t)	8
296	parsed	"[""x"", ""y"", ""z"", ""(A0*x+A1*y+A1*z)"", ""(A0*x+A2*y+A2*t)"", ""t"", ""(x+y+z+t)"", ""(A0*x+A0*y+A1*z+A2*t)""]"	Q(parameters)		xyz(A_{0}x + A_{1}y + A_{1}z)(A_{0}x + A_{2}y + A_{2}t)t(x + y + z + t)(A_{0}x + A_{0}y + A_{1}z + A_{2}t)	8
297	parsed	"[""x"", ""y"", ""(A0*x+A1*y+A1*z)"", ""z"", ""(A0*x+A0*y+A2*t)"", ""t"", ""(A0*x+(A0+A2)*y+A2*z+A2*t)"", ""(x+y+z+t)""]"	Q(parameters)		xy(A_{0}x + A_{1}y + A_{1}z)z(A_{0}x + A_{0}y + A_{2}t)t(A_{0}x + (A_{0} + A_{2})y + A_{2}z + A_{2}t)(x + y + z + t)	8
298	parsed	"[""x"", ""y"", ""z"", ""(A0*x+A1*y+A0*z)"", ""(A0*x+A1*y+A2*t)"", ""t"", ""(A1*x+A1*y+A2*z+A2*t)"", ""(x+y+z+t)""]"	Q(parameters)		xyz(A_{0}x + A_{1}y + A_{0}z)(A_{0}x + A_{1}y + A_{2}t)t(A_{1}x + A_{1}y + A_{2}z + A_{2}t)(x + y + z + t)	8
299	parsed	"[""x"", ""y"", ""z"", ""(A0*x+A0*y+A1*z)"", ""t"", ""(A0*x+A2*y+A0*t)"", ""((-A0+A2)*x+A2*z+A2*t)"", ""(x+y+z+t)""]"	Q(parameters)		xyz(A_{0}x + A_{0}y + A_{1}z)t(A_{0}x + A_{2}y + A_{0}t)((-A_{0} + A_{2})x + A_{2}z + A_{2}t)(x + y + z + t)	8
300	parsed	"[""x"", ""(A0*x+A1*y+A1*z)"", ""y"", ""z"", ""((A0+A2)*x+(A0+A2)*y+A2*t)"", ""((A0+A2)*x+(A0+A1+2*A2)*y+(A1+A2)*z+A2*t)"", ""t"", ""(x+y+z+t)""]"	Q(parameters)		x(A_{0}x + A_{1}y + A_{1}z)yz((A_{0} + A_{2})x + (A_{0} + A_{2})y + A_{2}t)((A_{0} + A_{2})x + (A_{0} + A_{1} + 2A_{2})y + (A_{1} + A_{2})z + A_{2}t)t(x + y + z + t)	8
301	parsed	"[""x"", ""(A2*x+(-A1+A2)*y+(-A1+A2)*z)"", ""y"", ""z"", ""t"", ""(x+y+z+t)"", ""((A0-A1)*x+(A0-A1)*y+A2*t)"", ""(A0*y+A1*z+A2*t)""]"	Q(parameters)		x(A_{2}x + (-A_{1} + A_{2})y + (-A_{1} + A_{2})z)yzt(x + y + z + t)((A_{0} - A_{1})x + (A_{0} - A_{1})y + A_{2}t)(A_{0}y + A_{1}z + A_{2}t)	8
302	parsed	"[""x"", ""y"", ""z"", ""((A0-A2)*x+(A1-A2)*y+(A1-A2)*z)"", ""(A2*x+A0*y+A2*t)"", ""t"", ""(A0*x+A0*y+A1*z+A2*t)"", ""(x+y+z+t)""]"	Q(parameters)		xyz((A_{0} - A_{2})x + (A_{1} - A_{2})y + (A_{1} - A_{2})z)(A_{2}x + A_{0}y + A_{2}t)t(A_{0}x + A_{0}y + A_{1}z + A_{2}t)(x + y + z + t)	8
303	parsed	"[""x"", ""y"", ""(A0*x+A1*y+A1*z)"", ""z"", ""t"", ""(A0*x+A0*y+A2*t)"", ""(x+y+z+t)"", ""((A0+A2)*y+A2*z+A2*t)""]"	Q(parameters)		xy(A_{0}x + A_{1}y + A_{1}z)zt(A_{0}x + A_{0}y + A_{2}t)(x + y + z + t)((A_{0} + A_{2})y + A_{2}z + A_{2}t)	8
304	parsed	"[""x"", ""y"", ""(A1*x+(-A0+A1)*y+A1*z)"", ""z"", ""(A0*x+A0*y+A1*t)"", ""t"", ""(x+y+z+t)"", ""(A2*x+A0*z+A2*t)""]"	Q(parameters)		xy(A_{1}x + (-A_{0} + A_{1})y + A_{1}z)z(A_{0}x + A_{0}y + A_{1}t)t(x + y + z + t)(A_{2}x + A_{0}z + A_{2}t)	8
305	parsed	"[""x"", ""y"", ""z"", ""(x-y+z)"", ""(A0*x+A1*y+A1*t)"", ""t"", ""(x+y+z+t)"", ""(A0*x+A2*z+A2*t)""]"	Q(parameters)		xyz(x - y + z)(A_{0}x + A_{1}y + A_{1}t)t(x + y + z + t)(A_{0}x + A_{2}z + A_{2}t)	8
306	parsed	"[""x"", ""(A0*x+A0*y+(A0+A1)*z)"", ""y"", ""z"", ""(A1*x+A2*y+(A0+A1)*t)"", ""(-A0*x+A2*z-A0*t)"", ""t"", ""(x+y+z+t)""]"	Q(parameters)		x(A_{0}x + A_{0}y + (A_{0} + A_{1})z)yz(A_{1}x + A_{2}y + (A_{0} + A_{1})t)(-A_{0}x + A_{2}z - A_{0}t)t(x + y + z + t)	8
307	parsed	"[""x"", ""(x+t)"", ""y"", ""(y+t)"", ""z"", ""(z+t)"", ""(A0*x-A0*y+A1*z)"", ""(A2*x-A0*y+A1*z+A1*t)""]"	Q(parameters)		x(x + t)y(y + t)z(z + t)(A_{0}x - A_{0}y + A_{1}z)(A_{2}x - A_{0}y + A_{1}z + A_{1}t)	8
308	parsed	"[""x"", ""y"", ""(A1*x+A0*y+A1*z)"", ""z"", ""(-A0*x-A0*y+A2*t)"", ""t"", ""(A2*x+A1*z+A2*t)"", ""(x+y+z+t)""]"	Q(parameters)		xy(A_{1}x + A_{0}y + A_{1}z)z(-A_{0}x - A_{0}y + A_{2}t)t(A_{2}x + A_{1}z + A_{2}t)(x + y + z + t)	8
309	parsed	"[""x"", ""y"", ""z"", ""(A0*x+A1*y+A2*z)"", ""(z+t)"", ""(x+y+z+t)"", ""(x+t)"", ""(y+t)""]"	Q(parameters)		xyz(A_{0}x + A_{1}y + A_{2}z)(z + t)(x + y + z + t)(x + t)(y + t)	8
310	parsed	"[""x"", ""y"", ""z"", ""(A0*x+A1*y+A0*z)"", ""t"", ""(A0*x+A2*y+A2*t)"", ""((A0+A2)*x+A2*z+A2*t)"", ""(x+y+z+t)""]"	Q(parameters)		xyz(A_{0}x + A_{1}y + A_{0}z)t(A_{0}x + A_{2}y + A_{2}t)((A_{0} + A_{2})x + A_{2}z + A_{2}t)(x + y + z + t)	8
311	parsed	"[""x"", ""y"", ""z"", ""((A0-A2)*x+(A1-A2)*y+(A0-A2)*z)"", ""(A0*x+A1*y+A2*t)"", ""t"", ""(A1*x+A1*y+A2*z+A2*t)"", ""(x+y+z+t)""]"	Q(parameters)		xyz((A_{0} - A_{2})x + (A_{1} - A_{2})y + (A_{0} - A_{2})z)(A_{0}x + A_{1}y + A_{2}t)t(A_{1}x + A_{1}y + A_{2}z + A_{2}t)(x + y + z + t)	8
312	parsed	"[""x"", ""y"", ""(y+t)"", ""(x+t)"", ""(A0*x+A1*y-A1*z)"", ""z"", ""(z+t)"", ""(A2*x+A0*y+A1*z+(A0+A2)*t)""]"	Q(parameters)		xy(y + t)(x + t)(A_{0}x + A_{1}y - A_{1}z)z(z + t)(A_{2}x + A_{0}y + A_{1}z + (A_{0} + A_{2})t)	8
313	parsed	"[""x"", ""(A0*x+A1*y+A1*z)"", ""((-A0+A1)*x+A1*y+A1*t)"", ""(A1*y+A2*z+(A1-A2)*t)"", ""y"", ""z"", ""t"", ""(x+y+z+t)""]"	Q(parameters)		x(A_{0}x + A_{1}y + A_{1}z)((-A_{0} + A_{1})x + A_{1}y + A_{1}t)(A_{1}y + A_{2}z + (A_{1} - A_{2})t)yzt(x + y + z + t)	8
314	parsed	"[""x"", ""y"", ""(y+t)"", ""(x+t)"", ""(A0*x+A1*y-A1*z)"", ""z"", ""(z+t)"", ""(A0*x+A2*y+A2*z+(A0+A2)*t)""]"	Q(parameters)		xy(y + t)(x + t)(A_{0}x + A_{1}y - A_{1}z)z(z + t)(A_{0}x + A_{2}y + A_{2}z + (A_{0} + A_{2})t)	8
315	parsed	"[""x"", ""y"", ""z"", ""(A0*x+A1*y+(-A0-A1)*z)"", ""(y+t)"", ""(x+t)"", ""(A0*x+A2*y+A2*z+A2*t)"", ""(z+t)""]"	Q(parameters)		xyz(A_{0}x + A_{1}y + (-A_{0} - A_{1})z)(y + t)(x + t)(A_{0}x + A_{2}y + A_{2}z + A_{2}t)(z + t)	8
316	parsed	"[""x"", ""y"", ""z"", ""(A1*x+A1*y+(A1-A2)*z)"", ""t"", ""(A0*x+A1*y+A2*t)"", ""((-A0+A1)*x+(A1-A2)*z+(A1-A2)*t)"", ""(x+y+z+t)""]"	Q(parameters)		xyz(A_{1}x + A_{1}y + (A_{1} - A_{2})z)t(A_{0}x + A_{1}y + A_{2}t)((-A_{0} + A_{1})x + (A_{1} - A_{2})z + (A_{1} - A_{2})t)(x + y + z + t)	8
317	parsed	"[""x"", ""y"", ""(A0**2*x+A1*A2*y+(A1**2+A1*A2)*z)"", ""z"", ""(A0**2*x+A1*A2*y+(A1*A2+A2**2)*t)"", ""t"", ""(x+y+z+t)"", ""(A0**2*x+A0**2*y+A1*A2*z+A1*A2*t)""]"	Q(parameters)		xy(A_{0}^2x + A_{1}A_{2}y + (A_{1}^2 + A_{1}A_{2})z)z(A_{0}^2x + A_{1}A_{2}y + (A_{1}A_{2} + A_{2}^2)t)t(x + y + z + t)(A_{0}^2x + A_{0}^2y + A_{1}A_{2}z + A_{1}A_{2}t)	8
318	parsed	"[""x"", ""y"", ""(y+t)"", ""(x+t)"", ""(x+y-z)"", ""z"", ""(z+t)"", ""(A0*x+A1*y+A2*z+(A0+A1+2*A2)*t)""]"	Q(parameters)		xy(y + t)(x + t)(x + y - z)z(z + t)(A_{0}x + A_{1}y + A_{2}z + (A_{0} + A_{1} + 2A_{2})t)	8
319	parsed	"[""x"", ""y"", ""z"", ""(A0*x+A1*y+A0*z)"", ""(A0*x+A2*y+A2*t)"", ""t"", ""(x+y+z+t)"", ""(A0*x+A2*z+A2*t)""]"	Q(parameters)		xyz(A_{0}x + A_{1}y + A_{0}z)(A_{0}x + A_{2}y + A_{2}t)t(x + y + z + t)(A_{0}x + A_{2}z + A_{2}t)	8
320	parsed	"[""x"", ""y"", ""(A2*y+A0*z+A1*t)"", ""(A0*x+A1*y+A0*z+A1*t)"", ""(A2*x+A2*y+A0*z)"", ""z"", ""t"", ""(x+y+z+t)""]"	Q(parameters)		xy(A_{2}y + A_{0}z + A_{1}t)(A_{0}x + A_{1}y + A_{0}z + A_{1}t)(A_{2}x + A_{2}y + A_{0}z)zt(x + y + z + t)	8
321	parsed	"[""x"", ""y"", ""z"", ""(A0*x+A1*y-A1*z)"", ""(z+t)"", ""(A0*x+A2*y+A2*z+A2*t)"", ""(x+t)"", ""(y+t)""]"	Q(parameters)		xyz(A_{0}x + A_{1}y - A_{1}z)(z + t)(A_{0}x + A_{2}y + A_{2}z + A_{2}t)(x + t)(y + t)	8
322	parsed	"[""x"", ""y"", ""z"", ""(A0*x+A1*y+A2*z)"", ""(A0*x+A1*y+A1*t)"", ""t"", ""(x+y+z+t)"", ""(A1*x+A1*y+A2*z+A2*t)""]"	Q(parameters)		xyz(A_{0}x + A_{1}y + A_{2}z)(A_{0}x + A_{1}y + A_{1}t)t(x + y + z + t)(A_{1}x + A_{1}y + A_{2}z + A_{2}t)	8
323	parsed	"[""x"", ""y"", ""z"", ""((A0-A1)*x+A0*y+A0*z)"", ""(A1*x+A1*y+A0*t)"", ""t"", ""(A1*y+A2*z+A0*t)"", ""(x+y+z+t)""]"	Q(parameters)		xyz((A_{0} - A_{1})x + A_{0}y + A_{0}z)(A_{1}x + A_{1}y + A_{0}t)t(A_{1}y + A_{2}z + A_{0}t)(x + y + z + t)	8
324	parsed	"[""x"", ""y"", ""(A0*A2*x+A0*A1*z+(A0*A1+A1*A2)*t)"", ""((A0*A1+A1*A2)*x+(A0*A1+A1*A2-A2**2)*y+A0*A1*z+(A0*A1+A1*A2)*t)"", ""z"", ""(A2*x+A2*y+A1*z)"", ""t"", ""(x+y+z+t)""]"	Q(parameters)		xy(A_{0}A_{2}x + A_{0}A_{1}z + (A_{0}A_{1} + A_{1}A_{2})t)((A_{0}A_{1} + A_{1}A_{2})x + (A_{0}A_{1} + A_{1}A_{2} - A_{2}^2)y + A_{0}A_{1}z + (A_{0}A_{1} + A_{1}A_{2})t)z(A_{2}x + A_{2}y + A_{1}z)t(x + y + z + t)	8
325	parsed	"[""x"", ""y"", ""z"", ""(A0*x+(A1+A2)*y+A0*z)"", ""((A1**2+A1*A2)*x+A0*A2*z+A1*A2*t)"", ""((A1*A2+A2**2)*y+A0*A2*z+A1*A2*t)"", ""t"", ""(x+y+z+t)""]"	Q(parameters)		xyz(A_{0}x + (A_{1} + A_{2})y + A_{0}z)((A_{1}^2 + A_{1}A_{2})x + A_{0}A_{2}z + A_{1}A_{2}t)((A_{1}A_{2} + A_{2}^2)y + A_{0}A_{2}z + A_{1}A_{2}t)t(x + y + z + t)	8
326	parsed	"[""x"", ""y"", ""(A2*x+A0*y+A0*z)"", ""z"", ""((A0-A1)*x+A1*y+(A0-A1)*t)"", ""t"", ""(A2*x+A0*y+(A0-A1)*z+(A0-A1)*t)"", ""(x+y+z+t)""]"	Q(parameters)		xy(A_{2}x + A_{0}y + A_{0}z)z((A_{0} - A_{1})x + A_{1}y + (A_{0} - A_{1})t)t(A_{2}x + A_{0}y + (A_{0} - A_{1})z + (A_{0} - A_{1})t)(x + y + z + t)	8
327	parsed	"[""x"", ""y"", ""z"", ""((-A0+A2)*x+(-A0+A2)*y+A2*z)"", ""t"", ""(A0*x+A1*y+A2*t)"", ""((A0-A1)*x+A2*z+A2*t)"", ""(x+y+z+t)""]"	Q(parameters)		xyz((-A_{0} + A_{2})x + (-A_{0} + A_{2})y + A_{2}z)t(A_{0}x + A_{1}y + A_{2}t)((A_{0} - A_{1})x + A_{2}z + A_{2}t)(x + y + z + t)	8
328	parsed	"[""x"", ""y"", ""(A1*x+A2*y+A2*z)"", ""z"", ""t"", ""(A2*x+A0*y+A2*t)"", ""(x+y+z+t)"", ""(A1*x+A0*y+A2*z+A2*t)""]"	Q(parameters)		xy(A_{1}x + A_{2}y + A_{2}z)zt(A_{2}x + A_{0}y + A_{2}t)(x + y + z + t)(A_{1}x + A_{0}y + A_{2}z + A_{2}t)	8
329	parsed	"[""x"", ""y"", ""z"", ""(A0*x-A0*y+A1*z)"", ""(z+t)"", ""(A0*x+A2*y+A3*z+A3*t)"", ""(x+t)"", ""(y+t)""]"	Q(parameters)		xyz(A_{0}x - A_{0}y + A_{1}z)(z + t)(A_{0}x + A_{2}y + A_{3}z + A_{3}t)(x + t)(y + t)	8
330	parsed	"[""x"", ""y"", ""z"", ""(A0*x+A0*y+A1*z)"", ""t"", ""(A0*x+A2*y+A0*t)"", ""(A0*x+A3*z+A3*t)"", ""(x+y+z+t)""]"	Q(parameters)		xyz(A_{0}x + A_{0}y + A_{1}z)t(A_{0}x + A_{2}y + A_{0}t)(A_{0}x + A_{3}z + A_{3}t)(x + y + z + t)	8
331	parsed	"[""x"", ""y"", ""z"", ""(A2*x+A0*y+A1*z)"", ""(z+t)"", ""(A2*x+A3*y+(A2+A3)*z+(A2+A3)*t)"", ""(x+t)"", ""(y+t)""]"	Q(parameters)		xyz(A_{2}x + A_{0}y + A_{1}z)(z + t)(A_{2}x + A_{3}y + (A_{2} + A_{3})z + (A_{2} + A_{3})t)(x + t)(y + t)	8
332	parsed	"[""x"", ""y"", ""(A3*x+A0*y+A0*z)"", ""z"", ""t"", ""(A1*x+A2*y+A3*t)"", ""(x+y+z+t)"", ""(A3*x+A2*y+A0*z+A3*t)""]"	Q(parameters)		xy(A_{3}x + A_{0}y + A_{0}z)zt(A_{1}x + A_{2}y + A_{3}t)(x + y + z + t)(A_{3}x + A_{2}y + A_{0}z + A_{3}t)	8
333	parsed	"[""x"", ""y"", ""z"", ""(A0*x+A1*y+A2*z)"", ""(A0*x+A1*y+A1*t)"", ""t"", ""(x+y+z+t)"", ""(A0*x+A0*y+A3*z+A3*t)""]"	Q(parameters)		xyz(A_{0}x + A_{1}y + A_{2}z)(A_{0}x + A_{1}y + A_{1}t)t(x + y + z + t)(A_{0}x + A_{0}y + A_{3}z + A_{3}t)	8
334	parsed	"[""x"", ""(x+t)"", ""((-A0-A1)*x+A0*y+A1*z)"", ""(A2*x+A0*y+A1*z+A3*t)"", ""y"", ""(y+t)"", ""z"", ""(z+t)""]"	Q(parameters)		x(x + t)((-A_{0} - A_{1})x + A_{0}y + A_{1}z)(A_{2}x + A_{0}y + A_{1}z + A_{3}t)y(y + t)z(z + t)	8
335	parsed	"[""x"", ""y"", ""z"", ""(A0*x+A1*y+A1*z)"", ""(A0*x+A0*y+A2*t)"", ""t"", ""(A0*y+A3*z+A2*t)"", ""(x+y+z+t)""]"	Q(parameters)		xyz(A_{0}x + A_{1}y + A_{1}z)(A_{0}x + A_{0}y + A_{2}t)t(A_{0}y + A_{3}z + A_{2}t)(x + y + z + t)	8
336	parsed	"[""x"", ""y"", ""z"", ""(A0*x+A1*y+A2*z)"", ""(z+t)"", ""(A0*x+A1*y+A3*z+A3*t)"", ""(x+t)"", ""(y+t)""]"	Q(parameters)		xyz(A_{0}x + A_{1}y + A_{2}z)(z + t)(A_{0}x + A_{1}y + A_{3}z + A_{3}t)(x + t)(y + t)	8
337	parsed	"[""x"", ""(x+t)"", ""y"", ""(y+t)"", ""z"", ""(z+t)"", ""(A0*x+A1*y+A2*z)"", ""(A3*x+A1*y+A2*z+(A1+A2+A3)*t)""]"	Q(parameters)		x(x + t)y(y + t)z(z + t)(A_{0}x + A_{1}y + A_{2}z)(A_{3}x + A_{1}y + A_{2}z + (A_{1} + A_{2} + A_{3})t)	8
338	parsed	"[""x"", ""y"", ""(A0*x+A1*y+A0*z)"", ""z"", ""((A0-A1)*x+(A0-A1)*y+A0*t)"", ""t"", ""(x+y+z+t)"", ""(A0*x+A2*z+A3*t)""]"	Q(parameters)		xy(A_{0}x + A_{1}y + A_{0}z)z((A_{0} - A_{1})x + (A_{0} - A_{1})y + A_{0}t)t(x + y + z + t)(A_{0}x + A_{2}z + A_{3}t)	8
339	parsed	"[""x"", ""y"", ""z"", ""((-A1+A2)*x+(-A1+A2)*y+A2*z)"", ""t"", ""(A0*x+A1*y+A2*t)"", ""(A0*x+A3*z+A3*t)"", ""(x+y+z+t)""]"	Q(parameters)		xyz((-A_{1} + A_{2})x + (-A_{1} + A_{2})y + A_{2}z)t(A_{0}x + A_{1}y + A_{2}t)(A_{0}x + A_{3}z + A_{3}t)(x + y + z + t)	8
340	parsed	"[""x"", ""y"", ""z"", ""(A0*x+A1*y+A1*z)"", ""(A0*x+A2*y+A0*t)"", ""t"", ""(A2*x+A2*y+A3*z+A0*t)"", ""(x+y+z+t)""]"	Q(parameters)		xyz(A_{0}x + A_{1}y + A_{1}z)(A_{0}x + A_{2}y + A_{0}t)t(A_{2}x + A_{2}y + A_{3}z + A_{0}t)(x + y + z + t)	8
341	parsed	"[""x"", ""y"", ""z"", ""(A0*x+A1*y+A2*z)"", ""t"", ""((-A0+A3)*x+A3*y+A3*t)"", ""(A0*x+A3*z+A3*t)"", ""(x+y+z+t)""]"	Q(parameters)		xyz(A_{0}x + A_{1}y + A_{2}z)t((-A_{0} + A_{3})x + A_{3}y + A_{3}t)(A_{0}x + A_{3}z + A_{3}t)(x + y + z + t)	8
342	parsed	"[""x"", ""y"", ""z"", ""(A0*x+A1*y+A2*z)"", ""t"", ""((-A1+A2)*x+(-A1+A2)*y+A2*t)"", ""(A0*x+A3*z+A0*t)"", ""(x+y+z+t)""]"	Q(parameters)		xyz(A_{0}x + A_{1}y + A_{2}z)t((-A_{1} + A_{2})x + (-A_{1} + A_{2})y + A_{2}t)(A_{0}x + A_{3}z + A_{0}t)(x + y + z + t)	8
343	parsed	"[""x"", ""y"", ""z"", ""(A0*x+A1*y+A2*z)"", ""((A0-A2)*x+(A1-A2)*y+(A1-A2)*t)"", ""t"", ""(x+y+z+t)"", ""(A3*x+A1*y+A2*z+A3*t)""]"	Q(parameters)		xyz(A_{0}x + A_{1}y + A_{2}z)((A_{0} - A_{2})x + (A_{1} - A_{2})y + (A_{1} - A_{2})t)t(x + y + z + t)(A_{3}x + A_{1}y + A_{2}z + A_{3}t)	8
344	parsed	"[""x"", ""y"", ""z"", ""(A0*x+A1*y+A1*z)"", ""(A0*x+A2*y+A2*t)"", ""t"", ""(x+y+z+t)"", ""(A3*y+(A0-A1)*z+A0*t)""]"	Q(parameters)		xyz(A_{0}x + A_{1}y + A_{1}z)(A_{0}x + A_{2}y + A_{2}t)t(x + y + z + t)(A_{3}y + (A_{0} - A_{1})z + A_{0}t)	8
345	parsed	"[""x"", ""y"", ""z"", ""(A0*x+A0*y+A1*z)"", ""t"", ""((A0-A1+A2)*x+(A0-A1)*y-A1*t)"", ""(A2*x+(-A0+A1)*z+A3*t)"", ""(x+y+z+t)""]"	Q(parameters)		xyz(A_{0}x + A_{0}y + A_{1}z)t((A_{0} - A_{1} + A_{2})x + (A_{0} - A_{1})y - A_{1}t)(A_{2}x + (-A_{0} + A_{1})z + A_{3}t)(x + y + z + t)	8
346	parsed	"[""x"", ""(x+t)"", ""y"", ""(y+t)"", ""z"", ""(z+t)"", ""(A0*x+A1*y+A2*z)"", ""(A3*x+A1*y+A2*z+(A2+A3)*t)""]"	Q(parameters)		x(x + t)y(y + t)z(z + t)(A_{0}x + A_{1}y + A_{2}z)(A_{3}x + A_{1}y + A_{2}z + (A_{2} + A_{3})t)	8
347	parsed	"[""x"", ""y"", ""z"", ""(A0*x+A1*y+A0*z)"", ""(A2*x+A0*z+A2*t)"", ""(A3*x+A1*y+A0*z+A2*t)"", ""t"", ""(x+y+z+t)""]"	Q(parameters)		xyz(A_{0}x + A_{1}y + A_{0}z)(A_{2}x + A_{0}z + A_{2}t)(A_{3}x + A_{1}y + A_{0}z + A_{2}t)t(x + y + z + t)	8
348	parsed	"[""x"", ""y"", ""z"", ""(A0*x+A1*y+A1*z)"", ""(A0*x+A2*y+A2*t)"", ""t"", ""(x+y+z+t)"", ""(A0*x+A3*y+A1*z+A2*t)""]"	Q(parameters)		xyz(A_{0}x + A_{1}y + A_{1}z)(A_{0}x + A_{2}y + A_{2}t)t(x + y + z + t)(A_{0}x + A_{3}y + A_{1}z + A_{2}t)	8
349	parsed	"[""x"", ""y"", ""(A1*x+A0*y+A0*z)"", ""z"", ""t"", ""(A0*x+A0*y+A3*t)"", ""(x+y+z+t)"", ""(A1*x+A0*y+A2*z+A3*t)""]"	Q(parameters)		xy(A_{1}x + A_{0}y + A_{0}z)zt(A_{0}x + A_{0}y + A_{3}t)(x + y + z + t)(A_{1}x + A_{0}y + A_{2}z + A_{3}t)	8
350	parsed	"[""x"", ""y"", ""z"", ""(A0*x+A0*y+A1*z)"", ""t"", ""(A0*x+A2*y+A3*t)"", ""((A0-A2)*x+A3*z+A3*t)"", ""(x+y+z+t)""]"	Q(parameters)		xyz(A_{0}x + A_{0}y + A_{1}z)t(A_{0}x + A_{2}y + A_{3}t)((A_{0} - A_{2})x + A_{3}z + A_{3}t)(x + y + z + t)	8
351	parsed	"[""x"", ""y"", ""z"", ""(A0*x+A1*y+A1*z)"", ""(A2*x+A3*y+A0*t)"", ""t"", ""(A3*y+(A0-A1)*z+A0*t)"", ""(x+y+z+t)""]"	Q(parameters)		xyz(A_{0}x + A_{1}y + A_{1}z)(A_{2}x + A_{3}y + A_{0}t)t(A_{3}y + (A_{0} - A_{1})z + A_{0}t)(x + y + z + t)	8
352	parsed	"[""x"", ""y"", ""z"", ""(A0*x+A1*y+A2*z)"", ""t"", ""((-A1+A2-A3)*x+(-A1+A2)*y+A2*t)"", ""(A3*x+(-A1+A2)*z+A3*t)"", ""(x+y+z+t)""]"	Q(parameters)		xyz(A_{0}x + A_{1}y + A_{2}z)t((-A_{1} + A_{2} - A_{3})x + (-A_{1} + A_{2})y + A_{2}t)(A_{3}x + (-A_{1} + A_{2})z + A_{3}t)(x + y + z + t)	8
353	parsed	"[""x"", ""y"", ""z"", ""((A1-A3)*x+A2*y+A0*z)"", ""(z+t)"", ""(A1*x+A2*y+A3*z+A3*t)"", ""(x+t)"", ""(y+t)""]"	Q(parameters)		xyz((A_{1} - A_{3})x + A_{2}y + A_{0}z)(z + t)(A_{1}x + A_{2}y + A_{3}z + A_{3}t)(x + t)(y + t)	8
354	parsed	"[""x"", ""y"", ""z"", ""(A0*x+A3*y+A0*z)"", ""(A2*x+A1*y+A1*t)"", ""t"", ""(x+y+z+t)"", ""(A2*x+A3*y+A0*z+A1*t)""]"	Q(parameters)		xyz(A_{0}x + A_{3}y + A_{0}z)(A_{2}x + A_{1}y + A_{1}t)t(x + y + z + t)(A_{2}x + A_{3}y + A_{0}z + A_{1}t)	8
355	parsed	"[""x"", ""y"", ""z"", ""(A0*x+A1*y+A0*z)"", ""t"", ""(A0*x+A2*y+A2*t)"", ""(A0*x+A3*z+A3*t)"", ""(x+y+z+t)""]"	Q(parameters)		xyz(A_{0}x + A_{1}y + A_{0}z)t(A_{0}x + A_{2}y + A_{2}t)(A_{0}x + A_{3}z + A_{3}t)(x + y + z + t)	8
356	parsed	"[""x"", ""y"", ""(x+t)"", ""(y+t)"", ""z"", ""(A0*x+A1*y+A2*z)"", ""(z+t)"", ""(A3*x+A1*y+A2*z+A2*t)""]"	Q(parameters)		xy(x + t)(y + t)z(A_{0}x + A_{1}y + A_{2}z)(z + t)(A_{3}x + A_{1}y + A_{2}z + A_{2}t)	8
357	parsed	"[""x"", ""y"", ""z"", ""(A0*x+A0*y+A1*z)"", ""t"", ""((-A0+A1)*x+A2*y+A1*t)"", ""(A0*x+A3*z+A3*t)"", ""(x+y+z+t)""]"	Q(parameters)		xyz(A_{0}x + A_{0}y + A_{1}z)t((-A_{0} + A_{1})x + A_{2}y + A_{1}t)(A_{0}x + A_{3}z + A_{3}t)(x + y + z + t)	8
358	parsed	"[""x"", ""y"", ""z"", ""(A0*x+A0*y+A1*z)"", ""t"", ""(A0*x+A2*y+A3*t)"", ""((A0-A2)*x+(-A2+A3)*z+(-A2+A3)*t)"", ""(x+y+z+t)""]"	Q(parameters)		xyz(A_{0}x + A_{0}y + A_{1}z)t(A_{0}x + A_{2}y + A_{3}t)((A_{0} - A_{2})x + (-A_{2} + A_{3})z + (-A_{2} + A_{3})t)(x + y + z + t)	8
359	parsed	"[""x"", ""y"", ""(A0*x+A1*y+A1*z)"", ""z"", ""t"", ""((A2-A3)*x+(A2-A3)*y+A3*t)"", ""(x+y+z+t)"", ""(A0*x+A2*y+A3*z+A3*t)""]"	Q(parameters)		xy(A_{0}x + A_{1}y + A_{1}z)zt((A_{2} - A_{3})x + (A_{2} - A_{3})y + A_{3}t)(x + y + z + t)(A_{0}x + A_{2}y + A_{3}z + A_{3}t)	8
360	parsed	"[""x"", ""y"", ""z"", ""(A0*x+A1*y+A2*z)"", ""(z+t)"", ""(A0*x+A3*y+A3*z+A3*t)"", ""(x+t)"", ""(y+t)""]"	Q(parameters)		xyz(A_{0}x + A_{1}y + A_{2}z)(z + t)(A_{0}x + A_{3}y + A_{3}z + A_{3}t)(x + t)(y + t)	8
361	parsed	"[""x"", ""y"", ""z"", ""(A0*x+A1*y+A2*z)"", ""((A0-A2)*x+(A1-A2)*y+(A1-A2)*t)"", ""t"", ""(x+y+z+t)"", ""(A1*y+A3*z+A3*t)""]"	Q(parameters)		xyz(A_{0}x + A_{1}y + A_{2}z)((A_{0} - A_{2})x + (A_{1} - A_{2})y + (A_{1} - A_{2})t)t(x + y + z + t)(A_{1}y + A_{3}z + A_{3}t)	8
362	parsed	"[""x"", ""y"", ""(y+t)"", ""(x+t)"", ""(A0*x+A1*y-A1*z)"", ""z"", ""(z+t)"", ""(A0*x+A2*y+A3*z+(A0+A3)*t)""]"	Q(parameters)		xy(y + t)(x + t)(A_{0}x + A_{1}y - A_{1}z)z(z + t)(A_{0}x + A_{2}y + A_{3}z + (A_{0} + A_{3})t)	8
363	parsed	"[""x"", ""y"", ""((-A2+A3)*x+A0*y+A0*z)"", ""z"", ""t"", ""(A1*x+A2*y+A3*t)"", ""(x+y+z+t)"", ""(A2*x+A2*y+(-A0+A3)*z+A3*t)""]"	Q(parameters)		xy((-A_{2} + A_{3})x + A_{0}y + A_{0}z)zt(A_{1}x + A_{2}y + A_{3}t)(x + y + z + t)(A_{2}x + A_{2}y + (-A_{0} + A_{3})z + A_{3}t)	8
364	parsed	"[""x"", ""y"", ""z"", ""(A0*x+(A2-A3)*y+A3*z)"", ""(z+t)"", ""(A1*x+A2*y+A3*z+A3*t)"", ""(x+t)"", ""(y+t)""]"	Q(parameters)		xyz(A_{0}x + (A_{2} - A_{3})y + A_{3}z)(z + t)(A_{1}x + A_{2}y + A_{3}z + A_{3}t)(x + t)(y + t)	8
365	parsed	"[""x"", ""(A0*x+A1*y+A1*z)"", ""y"", ""z"", ""(A3*x+(A0-A2)*y+A3*t)"", ""(A0*x+A0*y+A2*z+A3*t)"", ""t"", ""(x+y+z+t)""]"	Q(parameters)		x(A_{0}x + A_{1}y + A_{1}z)yz(A_{3}x + (A_{0} - A_{2})y + A_{3}t)(A_{0}x + A_{0}y + A_{2}z + A_{3}t)t(x + y + z + t)	8
366	parsed	"[""x"", ""(x+t)"", ""y"", ""(y+t)"", ""z"", ""(z+t)"", ""(A0*x+A1*y+(-A1-A2)*z)"", ""(A0*A3*x+A0*A1*y+(-A0*A1-A0*A2)*z+(-A0*A2+A2*A3)*t)""]"	Q(parameters)		x(x + t)y(y + t)z(z + t)(A_{0}x + A_{1}y + (-A_{1} - A_{2})z)(A_{0}A_{3}x + A_{0}A_{1}y + (-A_{0}A_{1} - A_{0}A_{2})z + (-A_{0}A_{2} + A_{2}A_{3})t)	8
367	parsed	"[""x"", ""y"", ""(A0*x+A1*y+A1*z)"", ""z"", ""t"", ""((-A0+A1)*x+A1*y+A1*t)"", ""(x+y+z+t)"", ""(A1*y+A2*z+A3*t)""]"	Q(parameters)		xy(A_{0}x + A_{1}y + A_{1}z)zt((-A_{0} + A_{1})x + A_{1}y + A_{1}t)(x + y + z + t)(A_{1}y + A_{2}z + A_{3}t)	8
368	parsed	"[""x"", ""y"", ""(A0*x+A1*y+A1*z)"", ""z"", ""t"", ""((-A0+A1)*x+A2*y+A1*t)"", ""(x+y+z+t)"", ""(A2*x+A2*y+A3*z+A1*t)""]"	Q(parameters)		xy(A_{0}x + A_{1}y + A_{1}z)zt((-A_{0} + A_{1})x + A_{2}y + A_{1}t)(x + y + z + t)(A_{2}x + A_{2}y + A_{3}z + A_{1}t)	8
369	parsed	"[""x"", ""y"", ""(A0*x+A1*y+A1*z)"", ""z"", ""t"", ""(A2*x+A3*y+A3*t)"", ""(x+y+z+t)"", ""((A0+A2)*x+(A0+A2)*y+A1*z+A3*t)""]"	Q(parameters)		xy(A_{0}x + A_{1}y + A_{1}z)zt(A_{2}x + A_{3}y + A_{3}t)(x + y + z + t)((A_{0} + A_{2})x + (A_{0} + A_{2})y + A_{1}z + A_{3}t)	8
370	parsed	"[""x"", ""y"", ""z"", ""(A0*x+A1*y+A0*z)"", ""t"", ""(A2*x-A1*y+A2*t)"", ""(A3*x+A0*z+A2*t)"", ""(x+y+z+t)""]"	Q(parameters)		xyz(A_{0}x + A_{1}y + A_{0}z)t(A_{2}x - A_{1}y + A_{2}t)(A_{3}x + A_{0}z + A_{2}t)(x + y + z + t)	8
371	parsed	"[""x"", ""y"", ""z"", ""(A0*x+A1*y+A2*z)"", ""t"", ""(A3*x+(-A1+A2)*y+A2*t)"", ""(A3*x+A3*z+A2*t)"", ""(x+y+z+t)""]"	Q(parameters)		xyz(A_{0}x + A_{1}y + A_{2}z)t(A_{3}x + (-A_{1} + A_{2})y + A_{2}t)(A_{3}x + A_{3}z + A_{2}t)(x + y + z + t)	8
372	parsed	"[""x"", ""(A0*x+A2*y+A3*z)"", ""y"", ""z"", ""t"", ""(A1*x+A2*y+A3*z+A2*t)"", ""((A1-A3)*x+(A2-A3)*y+(A1-A3)*t)"", ""(x+y+z+t)""]"	Q(parameters)		x(A_{0}x + A_{2}y + A_{3}z)yzt(A_{1}x + A_{2}y + A_{3}z + A_{2}t)((A_{1} - A_{3})x + (A_{2} - A_{3})y + (A_{1} - A_{3})t)(x + y + z + t)	8
373	parsed	"[""x"", ""y"", ""z"", ""(A0*x+A1*y+A1*z)"", ""(2*A2*x+A2*y+A3*t)"", ""t"", ""(A2*y+2*A2*z+A3*t)"", ""(x+y+z+t)""]"	Q(parameters)		xyz(A_{0}x + A_{1}y + A_{1}z)(2A_{2}x + A_{2}y + A_{3}t)t(A_{2}y + 2A_{2}z + A_{3}t)(x + y + z + t)	8
374	parsed	"[""x"", ""(A0*A2*x+A1*A3*y+A0*A2*z+A1**2*t)"", ""(A0*A3*x+A0*A3*y+A0*A2*z+A1**2*t)"", ""y"", ""(A1*x+A3*y+A2*z+A1*t)"", ""z"", ""t"", ""(x+y+z+t)""]"	Q(parameters)		x(A_{0}A_{2}x + A_{1}A_{3}y + A_{0}A_{2}z + A_{1}^2t)(A_{0}A_{3}x + A_{0}A_{3}y + A_{0}A_{2}z + A_{1}^2t)y(A_{1}x + A_{3}y + A_{2}z + A_{1}t)zt(x + y + z + t)	8
375	parsed	"[""x"", ""y"", ""z"", ""(A0*x+A1*y+(A0-A2+A3)*z)"", ""(A2*x+A3*y+A3*t)"", ""t"", ""(x+y+z+t)"", ""(A2*x+(-A0+A1+A2)*y+A3*z+A3*t)""]"	Q(parameters)		xyz(A_{0}x + A_{1}y + (A_{0} - A_{2} + A_{3})z)(A_{2}x + A_{3}y + A_{3}t)t(x + y + z + t)(A_{2}x + (-A_{0} + A_{1} + A_{2})y + A_{3}z + A_{3}t)	8
376	parsed	"[""x"", ""y"", ""(y+t)"", ""(x+t)"", ""(x+y-z)"", ""z"", ""(z+t)"", ""(A0*x+A1*y+A2*z+A3*t)""]"	Q(parameters)		xy(y + t)(x + t)(x + y - z)z(z + t)(A_{0}x + A_{1}y + A_{2}z + A_{3}t)	8
377	parsed	"[""x"", ""y"", ""z"", ""(A0*x+A1*y+A1*z)"", ""t"", ""(A0*x+A2*y+A2*t)"", ""(A0*x+A3*z+A3*t)"", ""(x+y+z+t)""]"	Q(parameters)		xyz(A_{0}x + A_{1}y + A_{1}z)t(A_{0}x + A_{2}y + A_{2}t)(A_{0}x + A_{3}z + A_{3}t)(x + y + z + t)	8
378	parsed	"[""x"", ""(x+t)"", ""y"", ""(y+t)"", ""z"", ""(z+t)"", ""(A0*x+A2*y+A3*z)"", ""(A1*x+A2*y+A3*z+(A2+A3)*t)""]"	Q(parameters)		x(x + t)y(y + t)z(z + t)(A_{0}x + A_{2}y + A_{3}z)(A_{1}x + A_{2}y + A_{3}z + (A_{2} + A_{3})t)	8
379	parsed	"[""x"", ""(A0*x+A2*y+A3*z)"", ""y"", ""z"", ""t"", ""(A1*x+A2*y+A3*z+A2*t)"", ""((A1-A3)*x+(A1-A3)*y+(A2-A3)*t)"", ""(x+y+z+t)""]"	Q(parameters)		x(A_{0}x + A_{2}y + A_{3}z)yzt(A_{1}x + A_{2}y + A_{3}z + A_{2}t)((A_{1} - A_{3})x + (A_{1} - A_{3})y + (A_{2} - A_{3})t)(x + y + z + t)	8
380	parsed	"[""x"", ""y"", ""z"", ""(A0*x+A0*y+A1*z)"", ""t"", ""(A2*x+A3*y+A1*t)"", ""(x+y+z+t)"", ""(A2*x+A3*y+(-A0+A1)*z+(-A0+A1)*t)""]"	Q(parameters)		xyz(A_{0}x + A_{0}y + A_{1}z)t(A_{2}x + A_{3}y + A_{1}t)(x + y + z + t)(A_{2}x + A_{3}y + (-A_{0} + A_{1})z + (-A_{0} + A_{1})t)	8
381	parsed	"[""x"", ""y"", ""z"", ""(A0*x+A1*y+A0*z)"", ""t"", ""(A2*x+(A0-A1)*y+A0*t)"", ""(A2*x+A3*z+A0*t)"", ""(x+y+z+t)""]"	Q(parameters)		xyz(A_{0}x + A_{1}y + A_{0}z)t(A_{2}x + (A_{0} - A_{1})y + A_{0}t)(A_{2}x + A_{3}z + A_{0}t)(x + y + z + t)	8
382	parsed	"[""(A0*A1*x+A0*A2*y+A1*A2*z+A2*A3*t)"", ""(A1*x+A2*y+A1*z+A3*t)"", ""x"", ""y"", ""z"", ""t"", ""(A3*x+A0*y+A0*z+A3*t)"", ""(x+y+z+t)""]"	Q(parameters)		(A_{0}A_{1}x + A_{0}A_{2}y + A_{1}A_{2}z + A_{2}A_{3}t)(A_{1}x + A_{2}y + A_{1}z + A_{3}t)xyzt(A_{3}x + A_{0}y + A_{0}z + A_{3}t)(x + y + z + t)	8
383	parsed	"[""x"", ""y"", ""z"", ""(A0*x+A1*y+A2*z)"", ""t"", ""(A0*x+A1*y-A2*t)"", ""(A0*x+A0*y+A3*z+A3*t)"", ""(x+y+z+t)""]"	Q(parameters)		xyz(A_{0}x + A_{1}y + A_{2}z)t(A_{0}x + A_{1}y - A_{2}t)(A_{0}x + A_{0}y + A_{3}z + A_{3}t)(x + y + z + t)	8
384	parsed	"[""x"", ""(x+t)"", ""(A0*x+A1*y+A2*z+A3*t)"", ""(A0*x+A1*y+A2*z+A4*t)"", ""y"", ""(y+t)"", ""z"", ""(z+t)""]"	Q(parameters)		x(x + t)(A_{0}x + A_{1}y + A_{2}z + A_{3}t)(A_{0}x + A_{1}y + A_{2}z + A_{4}t)y(y + t)z(z + t)	8
385	parsed	"[""(A1*A2*x+A0**2*y+A1*A3*z+A0*A3*t)"", ""x"", ""(A1*A2*x+A0**2*y+A1*A2*z+A0*A2*t)"", ""y"", ""z"", ""(A0**2*x+A0**2*y+A0*A3*z+A0*A3*t)"", ""t"", ""(x+y+z+t)""]"	Q(parameters)		(A_{1}A_{2}x + A_{0}^2y + A_{1}A_{3}z + A_{0}A_{3}t)x(A_{1}A_{2}x + A_{0}^2y + A_{1}A_{2}z + A_{0}A_{2}t)yz(A_{0}^2x + A_{0}^2y + A_{0}A_{3}z + A_{0}A_{3}t)t(x + y + z + t)	8
386	parsed	"[""x"", ""y"", ""z"", ""(A2*x+A0*y+A1*z)"", ""((A2**2*A4-A2*A3*A4)*x+(-A2*A3*A4+A2*A4**2)*z+(-A2**2*A3+A2**2*A4)*t)"", ""(A2*x+A3*y+A4*z+A2*t)"", ""t"", ""(x+y+z+t)""]"	Q(parameters)		xyz(A_{2}x + A_{0}y + A_{1}z)((A_{2}^2A_{4} - A_{2}A_{3}A_{4})x + (-A_{2}A_{3}A_{4} + A_{2}A_{4}^2)z + (-A_{2}^2A_{3} + A_{2}^2A_{4})t)(A_{2}x + A_{3}y + A_{4}z + A_{2}t)t(x + y + z + t)	8
387	parsed	"[""x"", ""y"", ""z"", ""((A0-A4)*x+(A2-A4)*y+(A2-A4)*z)"", ""(A0*x+A2*y+A4*t)"", ""t"", ""(A1*x+A2*y+A3*z+A4*t)"", ""(x+y+z+t)""]"	Q(parameters)		xyz((A_{0} - A_{4})x + (A_{2} - A_{4})y + (A_{2} - A_{4})z)(A_{0}x + A_{2}y + A_{4}t)t(A_{1}x + A_{2}y + A_{3}z + A_{4}t)(x + y + z + t)	8
388	parsed	"[""x"", ""y"", ""z"", ""(A0*x+A1*y+(-A0-A1)*z)"", ""(x+t)"", ""(y+t)"", ""(z+t)"", ""(A0*x+A2*y+A3*z+A4*t)""]"	Q(parameters)		xyz(A_{0}x + A_{1}y + (-A_{0} - A_{1})z)(x + t)(y + t)(z + t)(A_{0}x + A_{2}y + A_{3}z + A_{4}t)	8
389	parsed	"[""x"", ""y"", ""(A0*x+A1*y+A1*z)"", ""z"", ""t"", ""(A0*x+A2*y+A3*t)"", ""(x+y+z+t)"", ""(A0*x+A4*y+A1*z+A1*t)""]"	Q(parameters)		xy(A_{0}x + A_{1}y + A_{1}z)zt(A_{0}x + A_{2}y + A_{3}t)(x + y + z + t)(A_{0}x + A_{4}y + A_{1}z + A_{1}t)	8
390	parsed	"[""x"", ""y"", ""z"", ""(A0*x+A2*y+A3*z)"", ""(A1*x+A3*z+A4*t)"", ""(A4*x+A2*y+A3*z+A4*t)"", ""t"", ""(x+y+z+t)""]"	Q(parameters)		xyz(A_{0}x + A_{2}y + A_{3}z)(A_{1}x + A_{3}z + A_{4}t)(A_{4}x + A_{2}y + A_{3}z + A_{4}t)t(x + y + z + t)	8
391	parsed	"[""x"", ""y"", ""z"", ""((A2-A4)*x+A0*y+(A3-A4)*z)"", ""(A1*x+A2*y+A4*t)"", ""t"", ""(A2*x+A2*y+A3*z+A4*t)"", ""(x+y+z+t)""]"	Q(parameters)		xyz((A_{2} - A_{4})x + A_{0}y + (A_{3} - A_{4})z)(A_{1}x + A_{2}y + A_{4}t)t(A_{2}x + A_{2}y + A_{3}z + A_{4}t)(x + y + z + t)	8
392	parsed	"[""x"", ""y"", ""z"", ""((A1-A4)*x+(A2-A4)*y+(A2-A4)*z)"", ""(A0*x+A2*y+A4*t)"", ""t"", ""(A1*x+A2*y+A3*z+A4*t)"", ""(x+y+z+t)""]"	Q(parameters)		xyz((A_{1} - A_{4})x + (A_{2} - A_{4})y + (A_{2} - A_{4})z)(A_{0}x + A_{2}y + A_{4}t)t(A_{1}x + A_{2}y + A_{3}z + A_{4}t)(x + y + z + t)	8
393	parsed	"[""x"", ""y"", ""z"", ""(A0*x+A2*y+A3*z)"", ""(A4*x+A3*z+A4*t)"", ""(A1*x+A2*y+A3*z+A4*t)"", ""t"", ""(x+y+z+t)""]"	Q(parameters)		xyz(A_{0}x + A_{2}y + A_{3}z)(A_{4}x + A_{3}z + A_{4}t)(A_{1}x + A_{2}y + A_{3}z + A_{4}t)t(x + y + z + t)	8
394	parsed	"[""x"", ""y"", ""z"", ""(A0*x+A1*y+A0*z)"", ""(A0*x+A2*y+A4*t)"", ""t"", ""(A2*x+A2*y+A3*z+A4*t)"", ""(x+y+z+t)""]"	Q(parameters)		xyz(A_{0}x + A_{1}y + A_{0}z)(A_{0}x + A_{2}y + A_{4}t)t(A_{2}x + A_{2}y + A_{3}z + A_{4}t)(x + y + z + t)	8
395	parsed	"[""x"", ""y"", ""z"", ""(A1*x+A0*y+A1*z)"", ""(A1**2*A4*x+(A0*A1*A2-A0*A2*A4+A1*A2*A4)*y+A1*A2*A4*t)"", ""t"", ""(A1**2*x+(A0*A1-A0*A4+A1*A4)*y+A1*A3*z+A1*A4*t)"", ""(x+y+z+t)""]"	Q(parameters)		xyz(A_{1}x + A_{0}y + A_{1}z)(A_{1}^2A_{4}x + (A_{0}A_{1}A_{2} - A_{0}A_{2}A_{4} + A_{1}A_{2}A_{4})y + A_{1}A_{2}A_{4}t)t(A_{1}^2x + (A_{0}A_{1} - A_{0}A_{4} + A_{1}A_{4})y + A_{1}A_{3}z + A_{1}A_{4}t)(x + y + z + t)	8
396	parsed	"[""x"", ""y"", ""z"", ""(A1**2*A3*x+A0*A1*A3*y+(A0*A1*A4-A0*A2*A4+A2*A3*A4)*z)"", ""(A1**2*x+A2*A4*z+A1*A2*t)"", ""(A1*x+A3*y+A4*z+A1*t)"", ""t"", ""(x+y+z+t)""]"	Q(parameters)		xyz(A_{1}^2A_{3}x + A_{0}A_{1}A_{3}y + (A_{0}A_{1}A_{4} - A_{0}A_{2}A_{4} + A_{2}A_{3}A_{4})z)(A_{1}^2x + A_{2}A_{4}z + A_{1}A_{2}t)(A_{1}x + A_{3}y + A_{4}z + A_{1}t)t(x + y + z + t)	8
397	parsed	"[""x"", ""y"", ""z"", ""(A0*x+(A2-A4)*y+(A3-A4)*z)"", ""(A4*x+A3*z+A4*t)"", ""(A1*x+A2*y+A3*z+A4*t)"", ""t"", ""(x+y+z+t)""]"	Q(parameters)		xyz(A_{0}x + (A_{2} - A_{4})y + (A_{3} - A_{4})z)(A_{4}x + A_{3}z + A_{4}t)(A_{1}x + A_{2}y + A_{3}z + A_{4}t)t(x + y + z + t)	8
398	parsed	"[""x"", ""y"", ""z"", ""(A0*x+A1*y+A1*z)"", ""(A0*x+A2*y+A4*t)"", ""t"", ""(A4*x+A2*y+A3*z+A4*t)"", ""(x+y+z+t)""]"	Q(parameters)		xyz(A_{0}x + A_{1}y + A_{1}z)(A_{0}x + A_{2}y + A_{4}t)t(A_{4}x + A_{2}y + A_{3}z + A_{4}t)(x + y + z + t)	8
399	parsed	"[""x"", ""y"", ""z"", ""(A0*x+A0*y+A1*z)"", ""(A0*x+A3*y+A4*t)"", ""t"", ""(A2*x+A3*y+A4*z+A4*t)"", ""(x+y+z+t)""]"	Q(parameters)		xyz(A_{0}x + A_{0}y + A_{1}z)(A_{0}x + A_{3}y + A_{4}t)t(A_{2}x + A_{3}y + A_{4}z + A_{4}t)(x + y + z + t)	8
400	parsed	"[""x"", ""y"", ""z"", ""((A1-A4)*x+(A3-A4)*y+A0*z)"", ""(A1*x+A3*y+A4*t)"", ""t"", ""(A2*x+A3*y+A4*z+A4*t)"", ""(x+y+z+t)""]"	Q(parameters)		xyz((A_{1} - A_{4})x + (A_{3} - A_{4})y + A_{0}z)(A_{1}x + A_{3}y + A_{4}t)t(A_{2}x + A_{3}y + A_{4}z + A_{4}t)(x + y + z + t)	8
401	parsed	"[""x"", ""y"", ""z"", ""(A1*x+A2*y+A0*z)"", ""(A1*x+A2*y+A3*t)"", ""t"", ""(A4*x+A2*y+A3*z+A3*t)"", ""(x+y+z+t)""]"	Q(parameters)		xyz(A_{1}x + A_{2}y + A_{0}z)(A_{1}x + A_{2}y + A_{3}t)t(A_{4}x + A_{2}y + A_{3}z + A_{3}t)(x + y + z + t)	8
402	parsed	"[""x"", ""y"", ""z"", ""(A1**3*x+A0*A1**2*y+(A0*A1**2-A0*A2*A4+A1*A2*A4)*z)"", ""(A1**2*x+A2*A4*z+A1*A2*t)"", ""(A1*x+A3*y+A4*z+A1*t)"", ""t"", ""(x+y+z+t)""]"	Q(parameters)		xyz(A_{1}^3x + A_{0}A_{1}^2y + (A_{0}A_{1}^2 - A_{0}A_{2}A_{4} + A_{1}A_{2}A_{4})z)(A_{1}^2x + A_{2}A_{4}z + A_{1}A_{2}t)(A_{1}x + A_{3}y + A_{4}z + A_{1}t)t(x + y + z + t)	8
403	parsed	"[""x"", ""y"", ""((A0*A2-A0*A4)*x+A2*A4*y+A2*A4*z)"", ""z"", ""t"", ""(A0*x+A1*y+A2*t)"", ""(x+y+z+t)"", ""(A0*x+A3*y+A4*z+A4*t)""]"	Q(parameters)		xy((A_{0}A_{2} - A_{0}A_{4})x + A_{2}A_{4}y + A_{2}A_{4}z)zt(A_{0}x + A_{1}y + A_{2}t)(x + y + z + t)(A_{0}x + A_{3}y + A_{4}z + A_{4}t)	8
404	parsed	"[""x"", ""y"", ""z"", ""(A2*x+A0*y+A3*z)"", ""(A2**2*x+A1*A2*y+A1*A4*t)"", ""t"", ""(A2*x+A2*y+A3*z+A4*t)"", ""(x+y+z+t)""]"	Q(parameters)		xyz(A_{2}x + A_{0}y + A_{3}z)(A_{2}^2x + A_{1}A_{2}y + A_{1}A_{4}t)t(A_{2}x + A_{2}y + A_{3}z + A_{4}t)(x + y + z + t)	8
405	parsed	"[""x"", ""y"", ""z"", ""(A0*x+(A2-A4)*y+(A3-A4)*z)"", ""(A1*x+A3*z+A4*t)"", ""(A2*y+A3*z+A4*t)"", ""t"", ""(x+y+z+t)""]"	Q(parameters)		xyz(A_{0}x + (A_{2} - A_{4})y + (A_{3} - A_{4})z)(A_{1}x + A_{3}z + A_{4}t)(A_{2}y + A_{3}z + A_{4}t)t(x + y + z + t)	8
406	parsed	"[""x"", ""y"", ""z"", ""((-A0+A2+A3-A4)*x+A0*y+A1*z)"", ""(x+t)"", ""(y+t)"", ""(z+t)"", ""(A2*x+A3*y+A1*z+A4*t)""]"	Q(parameters)		xyz((-A_{0} + A_{2} + A_{3} - A_{4})x + A_{0}y + A_{1}z)(x + t)(y + t)(z + t)(A_{2}x + A_{3}y + A_{1}z + A_{4}t)	8
407	parsed	"[""x"", ""y"", ""z"", ""(A0*x+A1*y+A1*z)"", ""(A0*x+A1*y+A4*t)"", ""t"", ""(A2*x+A1*y+A3*z+A4*t)"", ""(x+y+z+t)""]"	Q(parameters)		xyz(A_{0}x + A_{1}y + A_{1}z)(A_{0}x + A_{1}y + A_{4}t)t(A_{2}x + A_{1}y + A_{3}z + A_{4}t)(x + y + z + t)	8
408	parsed	"[""x"", ""y"", ""z"", ""(A1*x+A2*y+A0*z)"", ""(A1*x+A2*y+A3*t)"", ""t"", ""(x+y+z+t)"", ""((A1-A2+A4)*x+A4*y+(-A2+A3+A4)*z+(-A2+A3+A4)*t)""]"	Q(parameters)		xyz(A_{1}x + A_{2}y + A_{0}z)(A_{1}x + A_{2}y + A_{3}t)t(x + y + z + t)((A_{1} - A_{2} + A_{4})x + A_{4}y + (-A_{2} + A_{3} + A_{4})z + (-A_{2} + A_{3} + A_{4})t)	8
409	parsed	"[""x"", ""y"", ""z"", ""((A1-A4)*x+(A1-A4)*y+(A3-A4)*z)"", ""(A0*x+A2*y+A4*t)"", ""t"", ""(A1*x+A2*y+A3*z+A4*t)"", ""(x+y+z+t)""]"	Q(parameters)		xyz((A_{1} - A_{4})x + (A_{1} - A_{4})y + (A_{3} - A_{4})z)(A_{0}x + A_{2}y + A_{4}t)t(A_{1}x + A_{2}y + A_{3}z + A_{4}t)(x + y + z + t)	8
410	parsed	"[""x"", ""y"", ""z"", ""(A0*x+A2*y+A3*z)"", ""(A1*x+A3*z+A4*t)"", ""(A2*y+A3*z+A4*t)"", ""t"", ""(x+y+z+t)""]"	Q(parameters)		xyz(A_{0}x + A_{2}y + A_{3}z)(A_{1}x + A_{3}z + A_{4}t)(A_{2}y + A_{3}z + A_{4}t)t(x + y + z + t)	8
411	parsed	"[""x"", ""y"", ""z"", ""(A0*x+A1*y+A1*z)"", ""(A0*x+A2*y+A4*t)"", ""t"", ""(A2*x+A2*y+A3*z+A4*t)"", ""(x+y+z+t)""]"	Q(parameters)		xyz(A_{0}x + A_{1}y + A_{1}z)(A_{0}x + A_{2}y + A_{4}t)t(A_{2}x + A_{2}y + A_{3}z + A_{4}t)(x + y + z + t)	8
412	parsed	"[""x"", ""y"", ""z"", ""((A1-A3)*x+(A2-A3)*y+A0*z)"", ""(A1*x+A2*y+A3*t)"", ""t"", ""(x+y+z+t)"", ""(A1*x+A2*y+A4*z+A4*t)""]"	Q(parameters)		xyz((A_{1} - A_{3})x + (A_{2} - A_{3})y + A_{0}z)(A_{1}x + A_{2}y + A_{3}t)t(x + y + z + t)(A_{1}x + A_{2}y + A_{4}z + A_{4}t)	8
413	parsed	"[""x"", ""y"", ""(A0*x+A1*y+A1*z)"", ""z"", ""t"", ""(A0*x+A2*y+A3*t)"", ""(x+y+z+t)"", ""(A4*x+(A2+A3)*y+A3*z+A3*t)""]"	Q(parameters)		xy(A_{0}x + A_{1}y + A_{1}z)zt(A_{0}x + A_{2}y + A_{3}t)(x + y + z + t)(A_{4}x + (A_{2} + A_{3})y + A_{3}z + A_{3}t)	8
414	parsed	"[""x"", ""y"", ""z"", ""(A2*x+A0*y+A1*z)"", ""(x+t)"", ""(y+t)"", ""(z+t)"", ""(A2*x+A3*y+A4*z+(A2+A3+A4)*t)""]"	Q(parameters)		xyz(A_{2}x + A_{0}y + A_{1}z)(x + t)(y + t)(z + t)(A_{2}x + A_{3}y + A_{4}z + (A_{2} + A_{3} + A_{4})t)	8
415	parsed	"[""x"", ""y"", ""z"", ""(A0*x+(A0-A1+A2)*y+(A0-A1+A3)*z)"", ""(A4*x+A3*z+A4*t)"", ""(A1*x+A2*y+A3*z+A4*t)"", ""t"", ""(x+y+z+t)""]"	Q(parameters)		xyz(A_{0}x + (A_{0} - A_{1} + A_{2})y + (A_{0} - A_{1} + A_{3})z)(A_{4}x + A_{3}z + A_{4}t)(A_{1}x + A_{2}y + A_{3}z + A_{4}t)t(x + y + z + t)	8
416	parsed	"[""x"", ""y"", ""z"", ""((A1-A3)*x+(A2-A3)*y+A0*z)"", ""(A1*x+A2*y+A3*t)"", ""t"", ""(x+y+z+t)"", ""((A1-A3)*x+(A2-A3)*y+A4*z+A4*t)""]"	Q(parameters)		xyz((A_{1} - A_{3})x + (A_{2} - A_{3})y + A_{0}z)(A_{1}x + A_{2}y + A_{3}t)t(x + y + z + t)((A_{1} - A_{3})x + (A_{2} - A_{3})y + A_{4}z + A_{4}t)	8
417	parsed	"[""x"", ""y"", ""z"", ""((A2-A3)*x+A0*y+(-A3+A4)*z)"", ""(A2*x+A2*y+A1*t)"", ""t"", ""(x+y+z+t)"", ""(A2*x+A3*y+A4*z+A3*t)""]"	Q(parameters)		xyz((A_{2} - A_{3})x + A_{0}y + (-A_{3} + A_{4})z)(A_{2}x + A_{2}y + A_{1}t)t(x + y + z + t)(A_{2}x + A_{3}y + A_{4}z + A_{3}t)	8
418	parsed	"[""x"", ""y"", ""z"", ""((A2-A4)*x+A0*y+(A3-A4)*z)"", ""((A2-A4)*x+A0*y+A1*t)"", ""t"", ""(x+y+z+t)"", ""(A2*x+A4*y+A3*z+A4*t)""]"	Q(parameters)		xyz((A_{2} - A_{4})x + A_{0}y + (A_{3} - A_{4})z)((A_{2} - A_{4})x + A_{0}y + A_{1}t)t(x + y + z + t)(A_{2}x + A_{4}y + A_{3}z + A_{4}t)	8
419	parsed	"[""x"", ""y"", ""z"", ""(A0*x+A1*y+A1*z)"", ""(A0*x+A2*y+A3*t)"", ""t"", ""(A4*x+A2*y+A3*z+A3*t)"", ""(x+y+z+t)""]"	Q(parameters)		xyz(A_{0}x + A_{1}y + A_{1}z)(A_{0}x + A_{2}y + A_{3}t)t(A_{4}x + A_{2}y + A_{3}z + A_{3}t)(x + y + z + t)	8
420	parsed	"[""x"", ""y"", ""z"", ""(A0*x+A1*y+A0*z)"", ""(A0*x+A3*y+A4*t)"", ""t"", ""(A2*x+A3*y+A4*z+A4*t)"", ""(x+y+z+t)""]"	Q(parameters)		xyz(A_{0}x + A_{1}y + A_{0}z)(A_{0}x + A_{3}y + A_{4}t)t(A_{2}x + A_{3}y + A_{4}z + A_{4}t)(x + y + z + t)	8
421	parsed	"[""x"", ""y"", ""z"", ""(A0*x+A3*y+A4*z)"", ""(A1*x+A3*y+A5*t)"", ""t"", ""(A2*x+A3*y+A4*z+A5*t)"", ""(x+y+z+t)""]"	Q(parameters)		xyz(A_{0}x + A_{3}y + A_{4}z)(A_{1}x + A_{3}y + A_{5}t)t(A_{2}x + A_{3}y + A_{4}z + A_{5}t)(x + y + z + t)	8
422	parsed	"[""x"", ""y"", ""z"", ""(A0*x+A1*y+A2*z)"", ""(A0*x+A3*z+A4*t)"", ""(A4*x+A5*y+A3*z+A4*t)"", ""t"", ""(x+y+z+t)""]"	Q(parameters)		xyz(A_{0}x + A_{1}y + A_{2}z)(A_{0}x + A_{3}z + A_{4}t)(A_{4}x + A_{5}y + A_{3}z + A_{4}t)t(x + y + z + t)	8
423	parsed	"[""x"", ""y"", ""z"", ""(A0*x+A1*y+A2*z)"", ""(A0*x+A3*z+A0*t)"", ""(A4*x+A5*y+A3*z+A0*t)"", ""t"", ""(x+y+z+t)""]"	Q(parameters)		xyz(A_{0}x + A_{1}y + A_{2}z)(A_{0}x + A_{3}z + A_{0}t)(A_{4}x + A_{5}y + A_{3}z + A_{0}t)t(x + y + z + t)	8
424	parsed	"[""x"", ""y"", ""z"", ""(A0*x+A1*y+A1*z)"", ""(A0*x+A2*y+A3*t)"", ""t"", ""(A4*x+A2*y+A5*z+A3*t)"", ""(x+y+z+t)""]"	Q(parameters)		xyz(A_{0}x + A_{1}y + A_{1}z)(A_{0}x + A_{2}y + A_{3}t)t(A_{4}x + A_{2}y + A_{5}z + A_{3}t)(x + y + z + t)	8
425	parsed	"[""x"", ""y"", ""z"", ""(A0*x+A1*y+A0*z)"", ""(A0*x+A2*y+A3*t)"", ""t"", ""(A4*x+A2*y+A5*z+A3*t)"", ""(x+y+z+t)""]"	Q(parameters)		xyz(A_{0}x + A_{1}y + A_{0}z)(A_{0}x + A_{2}y + A_{3}t)t(A_{4}x + A_{2}y + A_{5}z + A_{3}t)(x + y + z + t)	8
426	parsed	"[""x"", ""y"", ""z"", ""(A0*x+A1*y+A2*z)"", ""(A3*x+A4*y+A5*t)"", ""t"", ""((A0+A5)*x+A4*y+(A2+A5)*z+A5*t)"", ""(x+y+z+t)""]"	Q(parameters)		xyz(A_{0}x + A_{1}y + A_{2}z)(A_{3}x + A_{4}y + A_{5}t)t((A_{0} + A_{5})x + A_{4}y + (A_{2} + A_{5})z + A_{5}t)(x + y + z + t)	8
427	parsed	"[""x"", ""y"", ""z"", ""(A0*x+A1*y+A2*z)"", ""(A0*x+A3*y+A4*t)"", ""t"", ""(A5*x+A3*y+A4*z+A4*t)"", ""(x+y+z+t)""]"	Q(parameters)		xyz(A_{0}x + A_{1}y + A_{2}z)(A_{0}x + A_{3}y + A_{4}t)t(A_{5}x + A_{3}y + A_{4}z + A_{4}t)(x + y + z + t)	8
428	parsed	"[""x"", ""y"", ""z"", ""(A0*x+A1*y+A2*z)"", ""(A0*x+A3*y+A4*t)"", ""t"", ""(x+y+z+t)"", ""((-A0+A5)*x+(-A4+A5)*y+A5*z+(-A4+A5)*t)""]"	Q(parameters)		xyz(A_{0}x + A_{1}y + A_{2}z)(A_{0}x + A_{3}y + A_{4}t)t(x + y + z + t)((-A_{0} + A_{5})x + (-A_{4} + A_{5})y + A_{5}z + (-A_{4} + A_{5})t)	8
429	parsed	"[""x"", ""y"", ""z"", ""(A3*x+A0*y+A1*z)"", ""((-A3+A4)*x+(A4-A5)*y+A2*t)"", ""t"", ""(x+y+z+t)"", ""(A3*x+A5*y+A4*z+A5*t)""]"	Q(parameters)		xyz(A_{3}x + A_{0}y + A_{1}z)((-A_{3} + A_{4})x + (A_{4} - A_{5})y + A_{2}t)t(x + y + z + t)(A_{3}x + A_{5}y + A_{4}z + A_{5}t)	8
430	parsed	"[""x"", ""y"", ""z"", ""(A0*x+A1*y+A2*z)"", ""((A0-A2)*x+(A1-A2)*y+A3*t)"", ""t"", ""(x+y+z+t)"", ""(A0*x+A4*y+A5*z+A4*t)""]"	Q(parameters)		xyz(A_{0}x + A_{1}y + A_{2}z)((A_{0} - A_{2})x + (A_{1} - A_{2})y + A_{3}t)t(x + y + z + t)(A_{0}x + A_{4}y + A_{5}z + A_{4}t)	8
431	parsed	"[""x"", ""y"", ""z"", ""((A0+A2-A4)*x+(A0+A3-A4)*y+A0*z)"", ""(A1*x+A3*y+A5*t)"", ""t"", ""(A2*x+A3*y+A4*z+A5*t)"", ""(x+y+z+t)""]"	Q(parameters)		xyz((A_{0} + A_{2} - A_{4})x + (A_{0} + A_{3} - A_{4})y + A_{0}z)(A_{1}x + A_{3}y + A_{5}t)t(A_{2}x + A_{3}y + A_{4}z + A_{5}t)(x + y + z + t)	8
432	parsed	"[""x"", ""y"", ""z"", ""(A2*x+A0*y+A4*z)"", ""(A1*x+A3*y+A5*t)"", ""t"", ""(A2*x+A3*y+A4*z+A5*t)"", ""(x+y+z+t)""]"	Q(parameters)		xyz(A_{2}x + A_{0}y + A_{4}z)(A_{1}x + A_{3}y + A_{5}t)t(A_{2}x + A_{3}y + A_{4}z + A_{5}t)(x + y + z + t)	8
433	parsed	"[""x"", ""y"", ""z"", ""(A0*x+A1*y+A2*z)"", ""(A0*x+A3*z+A4*t)"", ""(A5*y+A3*z+A4*t)"", ""t"", ""(x+y+z+t)""]"	Q(parameters)		xyz(A_{0}x + A_{1}y + A_{2}z)(A_{0}x + A_{3}z + A_{4}t)(A_{5}y + A_{3}z + A_{4}t)t(x + y + z + t)	8
434	parsed	"[""x"", ""y"", ""z"", ""(A0*x+A1*y+A2*z)"", ""((A0+A3)*x+(A1+A3)*y+A3*t)"", ""t"", ""(x+y+z+t)"", ""(A0*x+A4*y+A5*z+A5*t)""]"	Q(parameters)		xyz(A_{0}x + A_{1}y + A_{2}z)((A_{0} + A_{3})x + (A_{1} + A_{3})y + A_{3}t)t(x + y + z + t)(A_{0}x + A_{4}y + A_{5}z + A_{5}t)	8
435	parsed	"[""x"", ""y"", ""z"", ""((A3-A5)*x+A0*y+(A4-A5)*z)"", ""(A3*x+A1*y+A2*t)"", ""t"", ""(x+y+z+t)"", ""(A3*x+A5*y+A4*z+A5*t)""]"	Q(parameters)		xyz((A_{3} - A_{5})x + A_{0}y + (A_{4} - A_{5})z)(A_{3}x + A_{1}y + A_{2}t)t(x + y + z + t)(A_{3}x + A_{5}y + A_{4}z + A_{5}t)	8
436	parsed	"[""x"", ""y"", ""z"", ""((A0+A2-A4)*x+(A0+A3-A4)*y+A0*z)"", ""((A1+A2-A5)*x+(A1+A3-A5)*y+A1*t)"", ""t"", ""(x+y+z+t)"", ""(A2*x+A3*y+A4*z+A5*t)""]"	Q(parameters)		xyz((A_{0} + A_{2} - A_{4})x + (A_{0} + A_{3} - A_{4})y + A_{0}z)((A_{1} + A_{2} - A_{5})x + (A_{1} + A_{3} - A_{5})y + A_{1}t)t(x + y + z + t)(A_{2}x + A_{3}y + A_{4}z + A_{5}t)	8
437	parsed	"[""x"", ""y"", ""z"", ""(A0*x+A1*y+A2*z)"", ""(A0*x+A1*y+A3*t)"", ""t"", ""(x+y+z+t)"", ""(A0*x+A4*y+A5*z+A5*t)""]"	Q(parameters)		xyz(A_{0}x + A_{1}y + A_{2}z)(A_{0}x + A_{1}y + A_{3}t)t(x + y + z + t)(A_{0}x + A_{4}y + A_{5}z + A_{5}t)	8
438	parsed	"[""x"", ""y"", ""z"", ""((A2-A5)*x+(A3-A5)*y+A0*z)"", ""((A2-A4)*x+(A3-A4)*y+A1*t)"", ""t"", ""(x+y+z+t)"", ""(A2*x+A3*y+A4*z+A5*t)""]"	Q(parameters)		xyz((A_{2} - A_{5})x + (A_{3} - A_{5})y + A_{0}z)((A_{2} - A_{4})x + (A_{3} - A_{4})y + A_{1}t)t(x + y + z + t)(A_{2}x + A_{3}y + A_{4}z + A_{5}t)	8
439	parsed	"[""x"", ""y"", ""z"", ""(A0*x+A1*y+A2*z)"", ""(A0*x+A3*y+A4*t)"", ""t"", ""(A5*x+A3*y+A6*z+A4*t)"", ""(x+y+z+t)""]"	Q(parameters)		xyz(A_{0}x + A_{1}y + A_{2}z)(A_{0}x + A_{3}y + A_{4}t)t(A_{5}x + A_{3}y + A_{6}z + A_{4}t)(x + y + z + t)	8
440	parsed	"[""x"", ""y"", ""z"", ""(A0*x+A1*y+A2*z)"", ""(A0*x+A3*y+A4*t)"", ""t"", ""(x+y+z+t)"", ""((A0+A6)*x+(A1+A6)*y+A5*z+A6*t)""]"	Q(parameters)		xyz(A_{0}x + A_{1}y + A_{2}z)(A_{0}x + A_{3}y + A_{4}t)t(x + y + z + t)((A_{0} + A_{6})x + (A_{1} + A_{6})y + A_{5}z + A_{6}t)	8
441	parsed	"[""x"", ""y"", ""z"", ""(A0*x+A1*y+A2*z)"", ""((A0+A3)*x+(A1+A3)*y+A3*t)"", ""t"", ""(x+y+z+t)"", ""(A0*x+A4*y+A5*z+A6*t)""]"	Q(parameters)		xyz(A_{0}x + A_{1}y + A_{2}z)((A_{0} + A_{3})x + (A_{1} + A_{3})y + A_{3}t)t(x + y + z + t)(A_{0}x + A_{4}y + A_{5}z + A_{6}t)	8
442	parsed	"[""x"", ""y"", ""z"", ""(A0*x+A1*y+A2*z)"", ""(A0*x+A3*y+A4*t)"", ""t"", ""(x+y+z+t)"", ""(A0*x+A5*y+A6*z+A5*t)""]"	Q(parameters)		xyz(A_{0}x + A_{1}y + A_{2}z)(A_{0}x + A_{3}y + A_{4}t)t(x + y + z + t)(A_{0}x + A_{5}y + A_{6}z + A_{5}t)	8
443	parsed	"[""x"", ""y"", ""z"", ""(A2*x+A0*y+A1*z)"", ""(A2*x+A3*y+A4*t)"", ""t"", ""(x+y+z+t)"", ""((A2-A4+A6)*x+(A3-A4+A6)*y+A5*z+A6*t)""]"	Q(parameters)		xyz(A_{2}x + A_{0}y + A_{1}z)(A_{2}x + A_{3}y + A_{4}t)t(x + y + z + t)((A_{2} - A_{4} + A_{6})x + (A_{3} - A_{4} + A_{6})y + A_{5}z + A_{6}t)	8
444	parsed	"[""x"", ""y"", ""z"", ""(A0*x+A1*y+A2*z)"", ""(A0*x+A1*y+A3*t)"", ""t"", ""(x+y+z+t)"", ""(A0*x+A4*y+A5*z+A6*t)""]"	Q(parameters)		xyz(A_{0}x + A_{1}y + A_{2}z)(A_{0}x + A_{1}y + A_{3}t)t(x + y + z + t)(A_{0}x + A_{4}y + A_{5}z + A_{6}t)	8
445	parsed	"[""x"", ""y"", ""z"", ""(A0*x+A1*y+A2*z)"", ""(A0*x+A3*y+A4*t)"", ""t"", ""(x+y+z+t)"", ""(A0*x+A5*y+A6*z+A6*t)""]"	Q(parameters)		xyz(A_{0}x + A_{1}y + A_{2}z)(A_{0}x + A_{3}y + A_{4}t)t(x + y + z + t)(A_{0}x + A_{5}y + A_{6}z + A_{6}t)	8
446	parsed	"[""x"", ""y"", ""z"", ""(A0*x+A1*y+A2*z)"", ""(A0*x+A3*y+A4*t)"", ""t"", ""(x+y+z+t)"", ""(A0*x+A5*y+A6*z+A7*t)""]"	Q(parameters)		xyz(A_{0}x + A_{1}y + A_{2}z)(A_{0}x + A_{3}y + A_{4}t)t(x + y + z + t)(A_{0}x + A_{5}y + A_{6}z + A_{7}t)	8
447	parsed	"[""x"", ""y"", ""z"", ""(A0*x+A1*y+A2*z)"", ""t"", ""(A0*x+A3*y+A4*z+A5*t)"", ""(A6*x+A3*y+A4*z+A7*t)"", ""(x+y+z+t)""]"	Q(parameters)		xyz(A_{0}x + A_{1}y + A_{2}z)t(A_{0}x + A_{3}y + A_{4}z + A_{5}t)(A_{6}x + A_{3}y + A_{4}z + A_{7}t)(x + y + z + t)	8
448	parsed	"[""x"", ""y"", ""z"", ""(A2*x+A0*y+A1*z)"", ""t"", ""(A2*x+A3*y+A4*z+A5*t)"", ""((A2-A3+A6)*x+A6*y+(-A3+A4+A6)*z+A7*t)"", ""(x+y+z+t)""]"	Q(parameters)		xyz(A_{2}x + A_{0}y + A_{1}z)t(A_{2}x + A_{3}y + A_{4}z + A_{5}t)((A_{2} - A_{3} + A_{6})x + A_{6}y + (-A_{3} + A_{4} + A_{6})z + A_{7}t)(x + y + z + t)	8
449	parsed	"[""x"", ""y"", ""z"", ""(A0*x+A1*y+A2*z)"", ""t"", ""(A0*x+A3*y+A4*z+A5*t)"", ""(A0*x+A6*y+A7*z+A8*t)"", ""(x+y+z+t)""]"	Q(parameters)		xyz(A_{0}x + A_{1}y + A_{2}z)t(A_{0}x + A_{3}y + A_{4}z + A_{5}t)(A_{0}x + A_{6}y + A_{7}z + A_{8}t)(x + y + z + t)	8
450	parsed	"[""x"", ""y"", ""z"", ""t"", ""(x+y+z+t)"", ""(A0*x+A1*y+A2*z+A3*t)"", ""(A0*x+A4*y+A5*z+A6*t)"", ""(A0*x+A7*y+A8*z+A9*t)""]"	Q(parameters)		xyzt(x + y + z + t)(A_{0}x + A_{1}y + A_{2}z + A_{3}t)(A_{0}x + A_{4}y + A_{5}z + A_{6}t)(A_{0}x + A_{7}y + A_{8}z + A_{9}t)	8
451	parsed	"[""(x+((sqrt(-3)-1)/(2))*y)"", ""x"", ""y"", ""(y+t)"", ""(x+t)"", ""(-x-((sqrt(-3)+1)/(2))*y+((sqrt(-3)-1)/(2))*z-t)"", ""z"", ""(z+t)""]"	number_field	451:unbalanced_parenthesis_inside_fraction_argument	(x + \frac{\sqrt{-3} - 1}2y)xy(y + t)(x + t)(-x + -\frac{\sqrt{-3} + 1}2y + \frac{\sqrt{-3} - 1)}2z - t)z(z + t)	8
452	parsed	"[""x"", ""y"", ""(((sqrt(-3)+3)/(2))*x+y+((sqrt(-3)+3)/(2))*z)"", ""z"", ""t"", ""(((3)/(2))(sqrt(-3)+1)*x+((sqrt(-3)+3)/(2))*y+3*t)"", ""(y+((sqrt(-3)+3)/(2))*z+((sqrt(-3)+3)/(2))*t)"", ""(x+y+z+t)""]"	number_field		xy(\frac{\sqrt{-3} + 3}2x + y + \frac{\sqrt{-3} + 3}2z)zt(\frac32(\sqrt{-3} + 1)x + \frac{\sqrt{-3} + 3}2y + 3t)(y + \frac{\sqrt{-3} + 3}2z + \frac{\sqrt{-3} + 3}2t)(x + y + z + t)	8
453	parsed	"[""x"", ""y"", ""z"", ""(x+y+((sqrt(5)+1)/(2))*z)"", ""(((sqrt(5)+3)/(2))*x+((3*sqrt(5)+7)/(2))*y+((3*sqrt(5)+7)/(2))*t)"", ""t"", ""(x+y+z+t)"", ""(((sqrt(5)+3)/(2))*x+((3*sqrt(5)+7)/(2))*z+((3*sqrt(5)+7)/(2))*t)""]"	number_field		xyz(x + y + \frac{\sqrt{5} + 1}2z)(\frac{\sqrt{5} + 3}2x + \frac{3\sqrt{5} + 7}2y + \frac{3\sqrt{5} + 7}2t)t(x + y + z + t)(\frac{\sqrt{5} + 3}2x + \frac{3\sqrt{5} + 7}2z + \frac{3\sqrt{5} + 7}2t)	8
454	parsed	"[""x"", ""(A0*x+A1*y+A1*z)"", ""y"", ""z"", ""t"", ""(x+y+z+t)"", ""(A0*x+A0*y+((1)/(2))(sqrt(-3)+1)*A0*t)"", ""(A0*y+((1)/(2))(sqrt(-3)+1)*A0*z+A0*t)""]"	Qbar(parameters)		x(A_{0}x + A_{1}y + A_{1}z)yzt(x + y + z + t)(A_{0}x + A_{0}y + \frac{1}{2}(\sqrt{-3} + 1)A_{0}t)(A_{0}y + \frac{1}{2}(\sqrt{-3} + 1)A_{0}z + A_{0}t)	8
455	parsed	"[""x"", ""y"", ""(A1*x+A1*y+(A1+A2)*z)"", ""z"", ""t"", ""(A0*A2*x+(A1*A2+A2**2)*y+(A0*A1+A0*A2)*t)"", ""(A0*A1*x+A1*A2*y+(A1*A2+A2**2)*z+A0*A1*t)"", ""(x+y+z+t)""]"	Q(parameters)		xy(A_{1}x + A_{1}y + (A_{1} + A_{2})z)zt(A_{0}A_{2}x + (A_{1}A_{2} + A_{2}^2)y + (A_{0}A_{1} + A_{0}A_{2})t)(A_{0}A_{1}x + A_{1}A_{2}y + (A_{1}A_{2} + A_{2}^2)z + A_{0}A_{1}t)(x + y + z + t)	8
