fidelity_set_id	members	members_display	set_size	arity	category	original_category	shared_levels	first_separating_level	first_separating_level_text	local_inventory	hodge_signature	hodge_signatures	rational_source_type	rational_source_types	integral_source_type	integral_source_types	torsion_type	torsion_types	equivariant_type	equivariant_types	validation_status	member_validation_status	source_artifact	provenance	notes	reconciliation_status	historical_classification	current_v1_classification	comparison_record_id	artifact_ids
A0001	61 | 451	61 / 451	2	pair	SAME LOCAL + SAME HODGE	SAME LOCAL + SAME HODGE	local_inventory | hodge_data	rational_source	rational source type	p3=13;p4_0=6;p4_1=3;p5_0=0;p5_1=1;p5_2=0;l3=1	h12=0;h11=46;euler=92	h12=0;h11=46;euler=92	complete_rational_source_type:0f41a77e6aa496cdb0014ec3ca620d9c2bb4e8ed36fab2fa5fab2736c2e1cebb || complete_rational_source_type:c91f65ea1c8fa81aa38f64215390a0a5075c0148f65de80b23c791bac8bfa0bc	complete_rational_source_type:0f41a77e6aa496cdb0014ec3ca620d9c2bb4e8ed36fab2fa5fab2736c2e1cebb | complete_rational_source_type:c91f65ea1c8fa81aa38f64215390a0a5075c0148f65de80b23c791bac8bfa0bc	complete_integral_source_type:3770e658abed3e7d1f59b980b4dcb543bea9812c36f7a8f32bd7182c668aac73 || complete_integral_source_type:ee78f2ffab2ffc672c77e47f0cd474f8f21eeee4e979637cc5a640af6a6f3f7b	complete_integral_source_type:3770e658abed3e7d1f59b980b4dcb543bea9812c36f7a8f32bd7182c668aac73 | complete_integral_source_type:ee78f2ffab2ffc672c77e47f0cd474f8f21eeee4e979637cc5a640af6a6f3f7b	complete_torsion_type:4362ae31c529541fcd5a0883ed350fe08dbd3113b21df30ed74574e37808e359 || complete_torsion_type:fb72c63ee90ac4d6d6c39e3a653678afb900432abb4893da27e51ac676a98fd2	complete_torsion_type:4362ae31c529541fcd5a0883ed350fe08dbd3113b21df30ed74574e37808e359 | complete_torsion_type:fb72c63ee90ac4d6d6c39e3a653678afb900432abb4893da27e51ac676a98fd2	complete_equivariant_source_type:5b05a7ca6ee638cb6cfeea96e3cb7d99cedee72e9e29f5888ba7313c4d5e320f || complete_equivariant_source_type:b76931b42309f46ac295765c25ba747ccb558799f867a62f6ad1a0e20ba602bf	complete_equivariant_source_type:5b05a7ca6ee638cb6cfeea96e3cb7d99cedee72e9e29f5888ba7313c4d5e320f | complete_equivariant_source_type:b76931b42309f46ac295765c25ba747ccb558799f867a62f6ad1a0e20ba602bf	MIXED_WITH_HISTORICAL_ONLY_MEMBERS	"{""451"":""HISTORICAL_ONLY_FACTOR_NORMALIZATION_WARNING"",""61"":""CENSUS_LEVEL""}"	research_outputs/hodgecy_ii/complete_fidelity_pairs_and_sets.tsv	"{""historical_census_schema"":""hodgecy_ii_complete_fidelity_census_historical.v1"",""historical_census_source"":""research_outputs/hodgecy_ii/complete_fidelity_pairs_and_sets.tsv"",""historical_set_id"":""A0001""}"	direct 84/84a-like candidate: same local inventory and same ordinary Hodge data	REPRODUCED	"{""category"":""SAME LOCAL + SAME HODGE"",""first_separating_level"":""rational_source"",""shared_levels"":[""local_inventory"",""hodge_data""]}"	"{""category_reproduced"":true,""classification_source"":""historical_complete_fidelity_tsv_reingested_by_v1"",""first_separating_level_reproduced"":true,""member_validation_status"":{""451"":""HISTORICAL_ONLY_FACTOR_NORMALIZATION_WARNING"",""61"":""CENSUS_LEVEL""},""membership_reproduced"":true,""shared_levels_reproduced"":true,""source_recomputation_scope"":""current_v1_reuses_frozen_historical_456_record_census; no fresh mining pass""}"	hodgecy_ii_complete_fidelity:A0001	fidelity_census_reconciled:A0001
A0002	84 | 84a	84 / 84a	2	pair	SAME LOCAL + SAME HODGE	SAME LOCAL + SAME HODGE	local_inventory | hodge_data	integral_source	integral/Smith type	p3=16;p4_0=10;p4_1=0;p5_0=0;p5_1=0;p5_2=0;l3=0	h12=0;h11=40;euler=80	h12=0;h11=40;euler=80	rational:9d168feab7fd7642ecf30d07dacb9d15e40c068b5c91076c9135e77bc9b74af3	rational:9d168feab7fd7642ecf30d07dacb9d15e40c068b5c91076c9135e77bc9b74af3	integral:0f35cfa13ab162d82ff72b9eefe774ef9525849e3b621dab8bbf942c57f53985 || integral:6e71b52edeb7fb43a2d3c314484508c54ae48ffb13fe4d4236e29aabbd1f003c	integral:0f35cfa13ab162d82ff72b9eefe774ef9525849e3b621dab8bbf942c57f53985 | integral:6e71b52edeb7fb43a2d3c314484508c54ae48ffb13fe4d4236e29aabbd1f003c	complete_torsion_type:9e3c65f813550a7933f7cd9dbe4cf6431d0f63520e705c69fce69c8511b6a46b || complete_torsion_type:f71c81808713ef7f68453672ddddcd3175b24f06bc1adce939e8dcbb5bd34632	complete_torsion_type:9e3c65f813550a7933f7cd9dbe4cf6431d0f63520e705c69fce69c8511b6a46b | complete_torsion_type:f71c81808713ef7f68453672ddddcd3175b24f06bc1adce939e8dcbb5bd34632	equivariant:a356b7214e1a3bfad56c34f6a7dd420794ae0334918bea5ff0bf8d6292eee697 || equivariant:cec0bc22101ff26a383597a0d675a770fa765fb684bc11b28a56d13fa44082b1	equivariant:a356b7214e1a3bfad56c34f6a7dd420794ae0334918bea5ff0bf8d6292eee697 | equivariant:cec0bc22101ff26a383597a0d675a770fa765fb684bc11b28a56d13fa44082b1	THEOREM_READY_SOURCE_CONTROL	"{""84"":""THEOREM_READY_SOURCE_CONTROL"",""84a"":""THEOREM_READY_SOURCE_CONTROL""}"	research_outputs/hodgecy_ii/complete_fidelity_pairs_and_sets.tsv	"{""historical_census_schema"":""hodgecy_ii_complete_fidelity_census_historical.v1"",""historical_census_source"":""research_outputs/hodgecy_ii/complete_fidelity_pairs_and_sets.tsv"",""historical_set_id"":""A0002""}"	direct 84/84a-like candidate: same local inventory and same ordinary Hodge data	REPRODUCED	"{""category"":""SAME LOCAL + SAME HODGE"",""first_separating_level"":""integral_source"",""shared_levels"":[""local_inventory"",""hodge_data""]}"	"{""category_reproduced"":true,""classification_source"":""historical_complete_fidelity_tsv_reingested_by_v1"",""first_separating_level_reproduced"":true,""member_validation_status"":{""84"":""THEOREM_READY_SOURCE_CONTROL"",""84a"":""THEOREM_READY_SOURCE_CONTROL""},""membership_reproduced"":true,""shared_levels_reproduced"":true,""source_recomputation_scope"":""current_v1_reuses_frozen_historical_456_record_census; no fresh mining pass""}"	hodgecy_ii_complete_fidelity:A0002	fidelity_census_reconciled:A0002
A0003	452 | 453	452 / 453	2	pair	SAME LOCAL + SAME HODGE	SAME LOCAL + SAME HODGE	local_inventory | hodge_data	integral_source	integral/Smith type	p3=20;p4_0=9;p4_1=0;p5_0=0;p5_1=0;p5_2=0;l3=0	h12=0;h11=38;euler=76	h12=0;h11=38;euler=76	rational:b2d4d61e290a262226989972538a9fa6be5e0ea689b64af4fd2b00959a25a3f1	rational:b2d4d61e290a262226989972538a9fa6be5e0ea689b64af4fd2b00959a25a3f1	integral:0070cd115e57a3128ea1d39ad8e133e60c77b0140e435200de9ab76fd88e7369 || integral:6c6ec868305437a9e3497b869036075633805d5255459917b75b9ae1c825c3cf	integral:0070cd115e57a3128ea1d39ad8e133e60c77b0140e435200de9ab76fd88e7369 | integral:6c6ec868305437a9e3497b869036075633805d5255459917b75b9ae1c825c3cf	complete_torsion_type:3b9cd739bf6a9d896856d5ecfd8ed258a6aba7b279a40c6f0f30f3368bf63099 || complete_torsion_type:f0cb62af43e5df6e5ad9ef241673be7401c63718dc1bd767bc1e384c14ed7b0e	complete_torsion_type:3b9cd739bf6a9d896856d5ecfd8ed258a6aba7b279a40c6f0f30f3368bf63099 | complete_torsion_type:f0cb62af43e5df6e5ad9ef241673be7401c63718dc1bd767bc1e384c14ed7b0e	equivariant:8838e6d5aa665b46e0063ff60dfa254ffd30d17124f984e24e285a618062a464 || equivariant:a804c0dc6842e698068c8cda4e22f3969c04b29fe2222880fbfd18e392c6616d	equivariant:8838e6d5aa665b46e0063ff60dfa254ffd30d17124f984e24e285a618062a464 | equivariant:a804c0dc6842e698068c8cda4e22f3969c04b29fe2222880fbfd18e392c6616d	MIXED_WITH_HISTORICAL_ONLY_MEMBERS	"{""452"":""HISTORICAL_ONLY_EXACT_QUADRATIC_FIELD_DEFERRED"",""453"":""HISTORICAL_ONLY_EXACT_QUADRATIC_FIELD_DEFERRED""}"	research_outputs/hodgecy_ii/complete_fidelity_pairs_and_sets.tsv	"{""historical_census_schema"":""hodgecy_ii_complete_fidelity_census_historical.v1"",""historical_census_source"":""research_outputs/hodgecy_ii/complete_fidelity_pairs_and_sets.tsv"",""historical_set_id"":""A0003""}"	direct 84/84a-like candidate: same local inventory and same ordinary Hodge data	REPRODUCED	"{""category"":""SAME LOCAL + SAME HODGE"",""first_separating_level"":""integral_source"",""shared_levels"":[""local_inventory"",""hodge_data""]}"	"{""category_reproduced"":true,""classification_source"":""historical_complete_fidelity_tsv_reingested_by_v1"",""first_separating_level_reproduced"":true,""member_validation_status"":{""452"":""HISTORICAL_ONLY_EXACT_QUADRATIC_FIELD_DEFERRED"",""453"":""HISTORICAL_ONLY_EXACT_QUADRATIC_FIELD_DEFERRED""},""membership_reproduced"":true,""shared_levels_reproduced"":true,""source_recomputation_scope"":""current_v1_reuses_frozen_historical_456_record_census; no fresh mining pass""}"	hodgecy_ii_complete_fidelity:A0003	fidelity_census_reconciled:A0003
B0001	78 | 79	78 / 79	2	pair	SAME LOCAL + DIFFERENT HODGE	SAME LOCAL + DIFFERENT HODGE	local_inventory	hodge_data	Hodge data	p3=32;p4_0=6;p4_1=0;p5_0=0;p5_1=0;p5_2=0;l3=0	h12=3;h11=35;euler=64 || h12=4;h11=36;euler=64	h12=3;h11=35;euler=64 | h12=4;h11=36;euler=64	complete_rational_source_type:0b009a259a28b620ba356377b24b4984eef09bcb3503770acb7c74f2ba3742c0 || complete_rational_source_type:74800a2a930cdca3782746d143860c5d2c8aeb8596b6fde72e224517f9b2bf3b	complete_rational_source_type:0b009a259a28b620ba356377b24b4984eef09bcb3503770acb7c74f2ba3742c0 | complete_rational_source_type:74800a2a930cdca3782746d143860c5d2c8aeb8596b6fde72e224517f9b2bf3b	complete_integral_source_type:60196b4cd7abd069378a85e6efedfc7083dc44bbedfba12f55750cbc12e773a9 || complete_integral_source_type:f96948f29b2c9afc776fe1e3d1412abebdd5740e75859361cf6fad4fbd875db8	complete_integral_source_type:60196b4cd7abd069378a85e6efedfc7083dc44bbedfba12f55750cbc12e773a9 | complete_integral_source_type:f96948f29b2c9afc776fe1e3d1412abebdd5740e75859361cf6fad4fbd875db8	complete_torsion_type:246c69889766b229bc182dbbfdd39efde78281426334d4d19d02c82659fc8bc8 || complete_torsion_type:ff58f3c045b6104974b37086197a7d1eb956ff8366c81483f330d3c14b28c8f8	complete_torsion_type:246c69889766b229bc182dbbfdd39efde78281426334d4d19d02c82659fc8bc8 | complete_torsion_type:ff58f3c045b6104974b37086197a7d1eb956ff8366c81483f330d3c14b28c8f8	complete_equivariant_source_type:1f6d8c2372158fc538f23cb7cfdf5c1efc6c237a452e2ab560499bcfd498481e || complete_equivariant_source_type:9beb1f0eecd18cd86862443fdbe82b658ba9d9bc0e7fd82b53ec59e1c872893d	complete_equivariant_source_type:1f6d8c2372158fc538f23cb7cfdf5c1efc6c237a452e2ab560499bcfd498481e | complete_equivariant_source_type:9beb1f0eecd18cd86862443fdbe82b658ba9d9bc0e7fd82b53ec59e1c872893d	CENSUS_LEVEL	"{""78"":""CENSUS_LEVEL"",""79"":""CENSUS_LEVEL""}"	research_outputs/hodgecy_ii/complete_fidelity_pairs_and_sets.tsv	"{""historical_census_schema"":""hodgecy_ii_complete_fidelity_census_historical.v1"",""historical_census_source"":""research_outputs/hodgecy_ii/complete_fidelity_pairs_and_sets.tsv"",""historical_set_id"":""B0001""}"	repeated-local fiber: same local inventory but Hodge data separates members	REPRODUCED	"{""category"":""SAME LOCAL + DIFFERENT HODGE"",""first_separating_level"":""hodge_data"",""shared_levels"":[""local_inventory""]}"	"{""category_reproduced"":true,""classification_source"":""historical_complete_fidelity_tsv_reingested_by_v1"",""first_separating_level_reproduced"":true,""member_validation_status"":{""78"":""CENSUS_LEVEL"",""79"":""CENSUS_LEVEL""},""membership_reproduced"":true,""shared_levels_reproduced"":true,""source_recomputation_scope"":""current_v1_reuses_frozen_historical_456_record_census; no fresh mining pass""}"	hodgecy_ii_complete_fidelity:B0001	fidelity_census_reconciled:B0001
B0002	80 | 455	80 / 455	2	pair	SAME LOCAL + DIFFERENT HODGE	SAME LOCAL + DIFFERENT HODGE	local_inventory	hodge_data	Hodge data	p3=28;p4_0=7;p4_1=0;p5_0=0;p5_1=0;p5_2=0;l3=0	h12=2;h11=36;euler=68 || h12=3;h11=37;euler=68	h12=2;h11=36;euler=68 | h12=3;h11=37;euler=68	complete_rational_source_type:6e62f1ad5798104a8a171633e6bdaaeab18729e9103c81ffeb7b6b39010e3a49 || complete_rational_source_type:99ec3aadc16dfec69dabd05c455f6fb8ead44559bae79250e3ef7c2cf0280540	complete_rational_source_type:6e62f1ad5798104a8a171633e6bdaaeab18729e9103c81ffeb7b6b39010e3a49 | complete_rational_source_type:99ec3aadc16dfec69dabd05c455f6fb8ead44559bae79250e3ef7c2cf0280540	complete_integral_source_type:1c14fd165c9a72889c79a840f0ce8fdd63dcd8ce600e45cddb4b9f4d91162b82 || complete_integral_source_type:426ce4672e59fffa08d6f39f8b90e1f2ced287abba94fcf2adf13af9c8acefd1	complete_integral_source_type:1c14fd165c9a72889c79a840f0ce8fdd63dcd8ce600e45cddb4b9f4d91162b82 | complete_integral_source_type:426ce4672e59fffa08d6f39f8b90e1f2ced287abba94fcf2adf13af9c8acefd1	complete_torsion_type:3a5189342f6e51bab111f7b86f22aed92d63221f1ef3071c53d3f966dc8986f6 || complete_torsion_type:d0ed89948d2f5907623a2fddef5032eb8e7844987a7b33099a55500b59c5aaee	complete_torsion_type:3a5189342f6e51bab111f7b86f22aed92d63221f1ef3071c53d3f966dc8986f6 | complete_torsion_type:d0ed89948d2f5907623a2fddef5032eb8e7844987a7b33099a55500b59c5aaee	complete_equivariant_source_type:c9cdd41b2c69519eda5dabe9abc4779c9a4154bd232e99984982bd070824422a || complete_equivariant_source_type:d3b1c253d9d8997ad91e3ef3dfb9de3dd655e0c08053e0cd06defda4fa668883	complete_equivariant_source_type:c9cdd41b2c69519eda5dabe9abc4779c9a4154bd232e99984982bd070824422a | complete_equivariant_source_type:d3b1c253d9d8997ad91e3ef3dfb9de3dd655e0c08053e0cd06defda4fa668883	CENSUS_LEVEL	"{""455"":""CENSUS_LEVEL"",""80"":""CENSUS_LEVEL""}"	research_outputs/hodgecy_ii/complete_fidelity_pairs_and_sets.tsv	"{""historical_census_schema"":""hodgecy_ii_complete_fidelity_census_historical.v1"",""historical_census_source"":""research_outputs/hodgecy_ii/complete_fidelity_pairs_and_sets.tsv"",""historical_set_id"":""B0002""}"	repeated-local fiber: same local inventory but Hodge data separates members	REPRODUCED	"{""category"":""SAME LOCAL + DIFFERENT HODGE"",""first_separating_level"":""hodge_data"",""shared_levels"":[""local_inventory""]}"	"{""category_reproduced"":true,""classification_source"":""historical_complete_fidelity_tsv_reingested_by_v1"",""first_separating_level_reproduced"":true,""member_validation_status"":{""455"":""CENSUS_LEVEL"",""80"":""CENSUS_LEVEL""},""membership_reproduced"":true,""shared_levels_reproduced"":true,""source_recomputation_scope"":""current_v1_reuses_frozen_historical_456_record_census; no fresh mining pass""}"	hodgecy_ii_complete_fidelity:B0002	fidelity_census_reconciled:B0002
B0003	81 | 454	81 / 454	2	pair	SAME LOCAL + DIFFERENT HODGE	SAME LOCAL + DIFFERENT HODGE	local_inventory	hodge_data	Hodge data	p3=24;p4_0=8;p4_1=0;p5_0=0;p5_1=0;p5_2=0;l3=0	h12=1;h11=37;euler=72 || h12=2;h11=38;euler=72	h12=1;h11=37;euler=72 | h12=2;h11=38;euler=72	complete_rational_source_type:92d83f8fae678a6c468513e500ae51abea175ffe0559b083fe0e223bdd675127 || complete_rational_source_type:f99189f4edda4a131da5638ce0be436773f720a664d5fa8f3106939fe8de464b	complete_rational_source_type:92d83f8fae678a6c468513e500ae51abea175ffe0559b083fe0e223bdd675127 | complete_rational_source_type:f99189f4edda4a131da5638ce0be436773f720a664d5fa8f3106939fe8de464b	complete_integral_source_type:536fdfcfa45921d4d042aec53b58c8b1f8097b89f33becedee51a6a367fa4a49 || complete_integral_source_type:ace70b1b8587daece48ab0875fde222cde6cbcc4790088170ee23f94c939634d	complete_integral_source_type:536fdfcfa45921d4d042aec53b58c8b1f8097b89f33becedee51a6a367fa4a49 | complete_integral_source_type:ace70b1b8587daece48ab0875fde222cde6cbcc4790088170ee23f94c939634d	complete_torsion_type:9e3c65f813550a7933f7cd9dbe4cf6431d0f63520e705c69fce69c8511b6a46b || complete_torsion_type:eb2714cbaa3aa1ef1fd9c7342004d2fcd119a6d8dd71ba75034d8c1e3014a57e	complete_torsion_type:9e3c65f813550a7933f7cd9dbe4cf6431d0f63520e705c69fce69c8511b6a46b | complete_torsion_type:eb2714cbaa3aa1ef1fd9c7342004d2fcd119a6d8dd71ba75034d8c1e3014a57e	complete_equivariant_source_type:329fd7b07afa2b05a83c745d519fd1db3d3a9bfd156cefc24b92a8b14ee5e606 || complete_equivariant_source_type:3a1884dfa39376c39a9dd4f7fcd48ad0a06237ccd44eef2450427804fa3cd4df	complete_equivariant_source_type:329fd7b07afa2b05a83c745d519fd1db3d3a9bfd156cefc24b92a8b14ee5e606 | complete_equivariant_source_type:3a1884dfa39376c39a9dd4f7fcd48ad0a06237ccd44eef2450427804fa3cd4df	CENSUS_LEVEL	"{""454"":""CENSUS_LEVEL"",""81"":""CENSUS_LEVEL""}"	research_outputs/hodgecy_ii/complete_fidelity_pairs_and_sets.tsv	"{""historical_census_schema"":""hodgecy_ii_complete_fidelity_census_historical.v1"",""historical_census_source"":""research_outputs/hodgecy_ii/complete_fidelity_pairs_and_sets.tsv"",""historical_set_id"":""B0003""}"	repeated-local fiber: same local inventory but Hodge data separates members	REPRODUCED	"{""category"":""SAME LOCAL + DIFFERENT HODGE"",""first_separating_level"":""hodge_data"",""shared_levels"":[""local_inventory""]}"	"{""category_reproduced"":true,""classification_source"":""historical_complete_fidelity_tsv_reingested_by_v1"",""first_separating_level_reproduced"":true,""member_validation_status"":{""454"":""CENSUS_LEVEL"",""81"":""CENSUS_LEVEL""},""membership_reproduced"":true,""shared_levels_reproduced"":true,""source_recomputation_scope"":""current_v1_reuses_frozen_historical_456_record_census; no fresh mining pass""}"	hodgecy_ii_complete_fidelity:B0003	fidelity_census_reconciled:B0003
B0004	82 | 245 | 452 | 453	82 / 245 / 452 / 453	4	larger_set	SAME LOCAL + DIFFERENT HODGE	SAME LOCAL + DIFFERENT HODGE	local_inventory	hodge_data	Hodge data	p3=20;p4_0=9;p4_1=0;p5_0=0;p5_1=0;p5_2=0;l3=0	UNKNOWN_HODGE || h12=0;h11=38;euler=76 || h12=1;h11=39;euler=76	UNKNOWN_HODGE | h12=0;h11=38;euler=76 | h12=1;h11=39;euler=76	complete_rational_source_type:48b865d3737e192064c4d5ba37067665aa51906103fb79602142a715a090fae3 || rational:84e97413f1ec74450843281a3416cdaeec8f147bd0a22079648de98ef9574d4d || rational:b2d4d61e290a262226989972538a9fa6be5e0ea689b64af4fd2b00959a25a3f1	complete_rational_source_type:48b865d3737e192064c4d5ba37067665aa51906103fb79602142a715a090fae3 | rational:84e97413f1ec74450843281a3416cdaeec8f147bd0a22079648de98ef9574d4d | rational:b2d4d61e290a262226989972538a9fa6be5e0ea689b64af4fd2b00959a25a3f1	complete_integral_source_type:12c4c69d7b68e4c4c427d4185d697144a47dd82ade39c8522ff4daf7d2b146c5 || integral:0070cd115e57a3128ea1d39ad8e133e60c77b0140e435200de9ab76fd88e7369 || integral:6c6ec868305437a9e3497b869036075633805d5255459917b75b9ae1c825c3cf || integral:fb764fc756f722a1b5e4f70eee790c679597e9b87c03065064b78e8c6b1d23b2	complete_integral_source_type:12c4c69d7b68e4c4c427d4185d697144a47dd82ade39c8522ff4daf7d2b146c5 | integral:0070cd115e57a3128ea1d39ad8e133e60c77b0140e435200de9ab76fd88e7369 | integral:6c6ec868305437a9e3497b869036075633805d5255459917b75b9ae1c825c3cf | integral:fb764fc756f722a1b5e4f70eee790c679597e9b87c03065064b78e8c6b1d23b2	complete_torsion_type:3b9cd739bf6a9d896856d5ecfd8ed258a6aba7b279a40c6f0f30f3368bf63099 || complete_torsion_type:9e3c65f813550a7933f7cd9dbe4cf6431d0f63520e705c69fce69c8511b6a46b || complete_torsion_type:cbb50465683cb8ff86f3cc34186c23aa5b9eaf0a73b417114bab927bf496709a || complete_torsion_type:f0cb62af43e5df6e5ad9ef241673be7401c63718dc1bd767bc1e384c14ed7b0e	complete_torsion_type:3b9cd739bf6a9d896856d5ecfd8ed258a6aba7b279a40c6f0f30f3368bf63099 | complete_torsion_type:9e3c65f813550a7933f7cd9dbe4cf6431d0f63520e705c69fce69c8511b6a46b | complete_torsion_type:cbb50465683cb8ff86f3cc34186c23aa5b9eaf0a73b417114bab927bf496709a | complete_torsion_type:f0cb62af43e5df6e5ad9ef241673be7401c63718dc1bd767bc1e384c14ed7b0e	complete_equivariant_source_type:b412ac62627624420c9082d6583f816556dd04ece1a5e54ab9e6fa4ff5c407fc || equivariant:6dc241cbd454931756deee3847164797a7219b7f9fc02ad865bc8ed4262596f4 || equivariant:8838e6d5aa665b46e0063ff60dfa254ffd30d17124f984e24e285a618062a464 || equivariant:a804c0dc6842e698068c8cda4e22f3969c04b29fe2222880fbfd18e392c6616d	complete_equivariant_source_type:b412ac62627624420c9082d6583f816556dd04ece1a5e54ab9e6fa4ff5c407fc | equivariant:6dc241cbd454931756deee3847164797a7219b7f9fc02ad865bc8ed4262596f4 | equivariant:8838e6d5aa665b46e0063ff60dfa254ffd30d17124f984e24e285a618062a464 | equivariant:a804c0dc6842e698068c8cda4e22f3969c04b29fe2222880fbfd18e392c6616d	MIXED_WITH_HISTORICAL_ONLY_MEMBERS	"{""245"":""CENSUS_LEVEL"",""452"":""HISTORICAL_ONLY_EXACT_QUADRATIC_FIELD_DEFERRED"",""453"":""HISTORICAL_ONLY_EXACT_QUADRATIC_FIELD_DEFERRED"",""82"":""CENSUS_LEVEL""}"	research_outputs/hodgecy_ii/complete_fidelity_pairs_and_sets.tsv	"{""historical_census_schema"":""hodgecy_ii_complete_fidelity_census_historical.v1"",""historical_census_source"":""research_outputs/hodgecy_ii/complete_fidelity_pairs_and_sets.tsv"",""historical_set_id"":""B0004""}"	repeated-local fiber: same local inventory but Hodge data separates members	REPRODUCED	"{""category"":""SAME LOCAL + DIFFERENT HODGE"",""first_separating_level"":""hodge_data"",""shared_levels"":[""local_inventory""]}"	"{""category_reproduced"":true,""classification_source"":""historical_complete_fidelity_tsv_reingested_by_v1"",""first_separating_level_reproduced"":true,""member_validation_status"":{""245"":""CENSUS_LEVEL"",""452"":""HISTORICAL_ONLY_EXACT_QUADRATIC_FIELD_DEFERRED"",""453"":""HISTORICAL_ONLY_EXACT_QUADRATIC_FIELD_DEFERRED"",""82"":""CENSUS_LEVEL""},""membership_reproduced"":true,""shared_levels_reproduced"":true,""source_recomputation_scope"":""current_v1_reuses_frozen_historical_456_record_census; no fresh mining pass""}"	hodgecy_ii_complete_fidelity:B0004	fidelity_census_reconciled:B0004
B0005	83 | 84 | 84a | 239 | 240 | 241	83 / 84 / 84a / 239 / 240 / 241	6	larger_set	SAME LOCAL + DIFFERENT HODGE	SAME LOCAL + DIFFERENT HODGE	local_inventory	hodge_data	Hodge data	p3=16;p4_0=10;p4_1=0;p5_0=0;p5_1=0;p5_2=0;l3=0	UNKNOWN_HODGE || h12=0;h11=40;euler=80 || h12=1;h11=41;euler=80	UNKNOWN_HODGE | h12=0;h11=40;euler=80 | h12=1;h11=41;euler=80	complete_rational_source_type:63ab94465d0041c4e09cd44e36a470301561b4f41c2a10a482638eeeab411edb || rational:462f2b410aba3c0f73eff388afc3cb45413ea2adfe72bcd2b7aa3687f77a4ae0 || rational:9d168feab7fd7642ecf30d07dacb9d15e40c068b5c91076c9135e77bc9b74af3	complete_rational_source_type:63ab94465d0041c4e09cd44e36a470301561b4f41c2a10a482638eeeab411edb | rational:462f2b410aba3c0f73eff388afc3cb45413ea2adfe72bcd2b7aa3687f77a4ae0 | rational:9d168feab7fd7642ecf30d07dacb9d15e40c068b5c91076c9135e77bc9b74af3	complete_integral_source_type:7fce817f1505b503fc111ea75b77cc9a13eda43f5413541059266ee30f96e7f0 || integral:0f35cfa13ab162d82ff72b9eefe774ef9525849e3b621dab8bbf942c57f53985 || integral:6d7364b1b430714f158be54459f86f79bc76a2030464babcc8364e9ea44169f6 || integral:6e71b52edeb7fb43a2d3c314484508c54ae48ffb13fe4d4236e29aabbd1f003c	complete_integral_source_type:7fce817f1505b503fc111ea75b77cc9a13eda43f5413541059266ee30f96e7f0 | integral:0f35cfa13ab162d82ff72b9eefe774ef9525849e3b621dab8bbf942c57f53985 | integral:6d7364b1b430714f158be54459f86f79bc76a2030464babcc8364e9ea44169f6 | integral:6e71b52edeb7fb43a2d3c314484508c54ae48ffb13fe4d4236e29aabbd1f003c	complete_torsion_type:1aa2322a1eab3450cb1a1c9c036c975371e9b58dd1d8321e4e21c38f3a558bbe || complete_torsion_type:4cc4f0826c667c3a4863954d065de2bfb6b875a1451cd33256828bbdb27b1567 || complete_torsion_type:9e3c65f813550a7933f7cd9dbe4cf6431d0f63520e705c69fce69c8511b6a46b || complete_torsion_type:cb7ced63ce452a4a9c8ef6a2846485b212cdadd94217314dc6c5a0bee3f9c7ad || complete_torsion_type:f71c81808713ef7f68453672ddddcd3175b24f06bc1adce939e8dcbb5bd34632	complete_torsion_type:1aa2322a1eab3450cb1a1c9c036c975371e9b58dd1d8321e4e21c38f3a558bbe | complete_torsion_type:4cc4f0826c667c3a4863954d065de2bfb6b875a1451cd33256828bbdb27b1567 | complete_torsion_type:9e3c65f813550a7933f7cd9dbe4cf6431d0f63520e705c69fce69c8511b6a46b | complete_torsion_type:cb7ced63ce452a4a9c8ef6a2846485b212cdadd94217314dc6c5a0bee3f9c7ad | complete_torsion_type:f71c81808713ef7f68453672ddddcd3175b24f06bc1adce939e8dcbb5bd34632	complete_equivariant_source_type:0f5797c7ecd228a51b2d9a7a86416639a243e6e6ea13161442e0cb5c1c4b8723 || equivariant:0d480f7fd07bcb080743f003b1309d6316290817ea1177055ea1514979fd13df || equivariant:1a02b414b33e84e6a398b214bc2682820f5dc5f7a593654b29418954633bf73b || equivariant:a356b7214e1a3bfad56c34f6a7dd420794ae0334918bea5ff0bf8d6292eee697 || equivariant:cec0bc22101ff26a383597a0d675a770fa765fb684bc11b28a56d13fa44082b1 || equivariant:f308bc01d071aafc31cb16a5f5eb6dd197ac9e191ef086cdc51d7f235cde7f45	complete_equivariant_source_type:0f5797c7ecd228a51b2d9a7a86416639a243e6e6ea13161442e0cb5c1c4b8723 | equivariant:0d480f7fd07bcb080743f003b1309d6316290817ea1177055ea1514979fd13df | equivariant:1a02b414b33e84e6a398b214bc2682820f5dc5f7a593654b29418954633bf73b | equivariant:a356b7214e1a3bfad56c34f6a7dd420794ae0334918bea5ff0bf8d6292eee697 | equivariant:cec0bc22101ff26a383597a0d675a770fa765fb684bc11b28a56d13fa44082b1 | equivariant:f308bc01d071aafc31cb16a5f5eb6dd197ac9e191ef086cdc51d7f235cde7f45	CONTEXT_READY_SOURCE_CONTEXT	"{""239"":""CONTEXT_READY_SOURCE_RECOMPUTED"",""240"":""CONTEXT_READY_SOURCE_RECOMPUTED"",""241"":""CONTEXT_READY_SOURCE_RECOMPUTED"",""83"":""CENSUS_LEVEL"",""84"":""THEOREM_READY_SOURCE_CONTROL"",""84a"":""THEOREM_READY_SOURCE_CONTROL""}"	research_outputs/hodgecy_ii/complete_fidelity_pairs_and_sets.tsv	"{""historical_census_schema"":""hodgecy_ii_complete_fidelity_census_historical.v1"",""historical_census_source"":""research_outputs/hodgecy_ii/complete_fidelity_pairs_and_sets.tsv"",""historical_set_id"":""B0005""}"	repeated-local fiber: same local inventory but Hodge data separates members	REPRODUCED	"{""category"":""SAME LOCAL + DIFFERENT HODGE"",""first_separating_level"":""hodge_data"",""shared_levels"":[""local_inventory""]}"	"{""category_reproduced"":true,""classification_source"":""historical_complete_fidelity_tsv_reingested_by_v1"",""first_separating_level_reproduced"":true,""member_validation_status"":{""239"":""CONTEXT_READY_SOURCE_RECOMPUTED"",""240"":""CONTEXT_READY_SOURCE_RECOMPUTED"",""241"":""CONTEXT_READY_SOURCE_RECOMPUTED"",""83"":""CENSUS_LEVEL"",""84"":""THEOREM_READY_SOURCE_CONTROL"",""84a"":""THEOREM_READY_SOURCE_CONTROL""},""membership_reproduced"":true,""shared_levels_reproduced"":true,""source_recomputation_scope"":""current_v1_reuses_frozen_historical_456_record_census; no fresh mining pass""}"	hodgecy_ii_complete_fidelity:B0005	fidelity_census_reconciled:B0005
B0006	85 | 238	85 / 238	2	pair	SAME LOCAL + DIFFERENT HODGE	SAME LOCAL + DIFFERENT HODGE	local_inventory	hodge_data	Hodge data	p3=8;p4_0=12;p4_1=0;p5_0=0;p5_1=0;p5_2=0;l3=0	UNKNOWN_HODGE || h12=0;h11=44;euler=88	UNKNOWN_HODGE | h12=0;h11=44;euler=88	complete_rational_source_type:30691fa183c51ad91eef2197220cf62347b6ea76c6d77d5d273e494e1a7750a6 || rational:405da6b6fa75a4fb255b0f47f73b366ab6d9c8c909e858a6f48b2786468e6a22	complete_rational_source_type:30691fa183c51ad91eef2197220cf62347b6ea76c6d77d5d273e494e1a7750a6 | rational:405da6b6fa75a4fb255b0f47f73b366ab6d9c8c909e858a6f48b2786468e6a22	complete_integral_source_type:7118d49aa17e0564d2d14612f1fb0e1cd1a681a267a2d30879726637c6fdbf2c || integral:51c7cb95decd38422c44283d0e6eb91ed616e9a348458fbd64a9bd2e0afef4b1	complete_integral_source_type:7118d49aa17e0564d2d14612f1fb0e1cd1a681a267a2d30879726637c6fdbf2c | integral:51c7cb95decd38422c44283d0e6eb91ed616e9a348458fbd64a9bd2e0afef4b1	complete_torsion_type:62401358dcd8d1f3b8a6e8acfb0fb7dc43784d5ed2b254365510f62fb7f3ad05 || complete_torsion_type:b44b4e352b2c37342426f4599c823135ebc5463edde167d4c18e83dc73277e43	complete_torsion_type:62401358dcd8d1f3b8a6e8acfb0fb7dc43784d5ed2b254365510f62fb7f3ad05 | complete_torsion_type:b44b4e352b2c37342426f4599c823135ebc5463edde167d4c18e83dc73277e43	complete_equivariant_source_type:854b534ac8f9a9c7a6d9825d44c844a25d5a6671ce0072384b39bc42e0c2337f || equivariant:293e7dab639ec2deeb5ea84fdc5190c1920d1931bf169fb1e8e163c50ee7db29	complete_equivariant_source_type:854b534ac8f9a9c7a6d9825d44c844a25d5a6671ce0072384b39bc42e0c2337f | equivariant:293e7dab639ec2deeb5ea84fdc5190c1920d1931bf169fb1e8e163c50ee7db29	CENSUS_LEVEL	"{""238"":""CENSUS_LEVEL"",""85"":""CENSUS_LEVEL""}"	research_outputs/hodgecy_ii/complete_fidelity_pairs_and_sets.tsv	"{""historical_census_schema"":""hodgecy_ii_complete_fidelity_census_historical.v1"",""historical_census_source"":""research_outputs/hodgecy_ii/complete_fidelity_pairs_and_sets.tsv"",""historical_set_id"":""B0006""}"	repeated-local fiber: same local inventory but Hodge data separates members	REPRODUCED	"{""category"":""SAME LOCAL + DIFFERENT HODGE"",""first_separating_level"":""hodge_data"",""shared_levels"":[""local_inventory""]}"	"{""category_reproduced"":true,""classification_source"":""historical_complete_fidelity_tsv_reingested_by_v1"",""first_separating_level_reproduced"":true,""member_validation_status"":{""238"":""CENSUS_LEVEL"",""85"":""CENSUS_LEVEL""},""membership_reproduced"":true,""shared_levels_reproduced"":true,""source_recomputation_scope"":""current_v1_reuses_frozen_historical_456_record_census; no fresh mining pass""}"	hodgecy_ii_complete_fidelity:B0006	fidelity_census_reconciled:B0006
C0001	84 | 84a | 239 | 240	84 / 84a / 239 / 240	4	larger_set	RATIONAL COLLAPSE / INTEGRAL SEPARATION	RATIONAL COLLAPSE / INTEGRAL SEPARATION	rational_source	integral_source	integral/Smith type	p3=16;p4_0=10;p4_1=0;p5_0=0;p5_1=0;p5_2=0;l3=0	UNKNOWN_HODGE || h12=0;h11=40;euler=80	UNKNOWN_HODGE | h12=0;h11=40;euler=80	rational:9d168feab7fd7642ecf30d07dacb9d15e40c068b5c91076c9135e77bc9b74af3	rational:9d168feab7fd7642ecf30d07dacb9d15e40c068b5c91076c9135e77bc9b74af3	integral:0f35cfa13ab162d82ff72b9eefe774ef9525849e3b621dab8bbf942c57f53985 || integral:6e71b52edeb7fb43a2d3c314484508c54ae48ffb13fe4d4236e29aabbd1f003c	integral:0f35cfa13ab162d82ff72b9eefe774ef9525849e3b621dab8bbf942c57f53985 | integral:6e71b52edeb7fb43a2d3c314484508c54ae48ffb13fe4d4236e29aabbd1f003c	complete_torsion_type:4cc4f0826c667c3a4863954d065de2bfb6b875a1451cd33256828bbdb27b1567 || complete_torsion_type:9e3c65f813550a7933f7cd9dbe4cf6431d0f63520e705c69fce69c8511b6a46b || complete_torsion_type:f71c81808713ef7f68453672ddddcd3175b24f06bc1adce939e8dcbb5bd34632	complete_torsion_type:4cc4f0826c667c3a4863954d065de2bfb6b875a1451cd33256828bbdb27b1567 | complete_torsion_type:9e3c65f813550a7933f7cd9dbe4cf6431d0f63520e705c69fce69c8511b6a46b | complete_torsion_type:f71c81808713ef7f68453672ddddcd3175b24f06bc1adce939e8dcbb5bd34632	equivariant:0d480f7fd07bcb080743f003b1309d6316290817ea1177055ea1514979fd13df || equivariant:1a02b414b33e84e6a398b214bc2682820f5dc5f7a593654b29418954633bf73b || equivariant:a356b7214e1a3bfad56c34f6a7dd420794ae0334918bea5ff0bf8d6292eee697 || equivariant:cec0bc22101ff26a383597a0d675a770fa765fb684bc11b28a56d13fa44082b1	equivariant:0d480f7fd07bcb080743f003b1309d6316290817ea1177055ea1514979fd13df | equivariant:1a02b414b33e84e6a398b214bc2682820f5dc5f7a593654b29418954633bf73b | equivariant:a356b7214e1a3bfad56c34f6a7dd420794ae0334918bea5ff0bf8d6292eee697 | equivariant:cec0bc22101ff26a383597a0d675a770fa765fb684bc11b28a56d13fa44082b1	CONTEXT_READY_SOURCE_CONTEXT	"{""239"":""CONTEXT_READY_SOURCE_RECOMPUTED"",""240"":""CONTEXT_READY_SOURCE_RECOMPUTED"",""84"":""THEOREM_READY_SOURCE_CONTROL"",""84a"":""THEOREM_READY_SOURCE_CONTROL""}"	research_outputs/hodgecy_ii/complete_fidelity_pairs_and_sets.tsv	"{""historical_census_schema"":""hodgecy_ii_complete_fidelity_census_historical.v1"",""historical_census_source"":""research_outputs/hodgecy_ii/complete_fidelity_pairs_and_sets.tsv"",""historical_set_id"":""C0001""}"	same rational source type but different integral/Smith type	REPRODUCED	"{""category"":""RATIONAL COLLAPSE / INTEGRAL SEPARATION"",""first_separating_level"":""integral_source"",""shared_levels"":[""rational_source""]}"	"{""category_reproduced"":true,""classification_source"":""historical_complete_fidelity_tsv_reingested_by_v1"",""first_separating_level_reproduced"":true,""member_validation_status"":{""239"":""CONTEXT_READY_SOURCE_RECOMPUTED"",""240"":""CONTEXT_READY_SOURCE_RECOMPUTED"",""84"":""THEOREM_READY_SOURCE_CONTROL"",""84a"":""THEOREM_READY_SOURCE_CONTROL""},""membership_reproduced"":true,""shared_levels_reproduced"":true,""source_recomputation_scope"":""current_v1_reuses_frozen_historical_456_record_census; no fresh mining pass""}"	hodgecy_ii_complete_fidelity:C0001	fidelity_census_reconciled:C0001
C0002	86 | 87	86 / 87	2	pair	RATIONAL COLLAPSE / INTEGRAL SEPARATION	RATIONAL COLLAPSE / INTEGRAL SEPARATION	rational_source	integral_source	integral/Smith type	p3=0;p4_0=0;p4_1=0;p5_0=0;p5_1=0;p5_2=0;l3=0	UNKNOWN_HODGE	UNKNOWN_HODGE	complete_rational_source_type:b55a228aba75d9b16232f196565d825fdaf519802683f9703dbc9ec7e161e319	complete_rational_source_type:b55a228aba75d9b16232f196565d825fdaf519802683f9703dbc9ec7e161e319	complete_integral_source_type:2741721c3d7b8409a0306184d7b1c76442f85139c78b202bf685f44073134100 || complete_integral_source_type:d7b7ee60d72e6c9dfd1c81164661d3ee2afc72f96a4332a708211e45f67a7f31	complete_integral_source_type:2741721c3d7b8409a0306184d7b1c76442f85139c78b202bf685f44073134100 | complete_integral_source_type:d7b7ee60d72e6c9dfd1c81164661d3ee2afc72f96a4332a708211e45f67a7f31	complete_torsion_type:62401358dcd8d1f3b8a6e8acfb0fb7dc43784d5ed2b254365510f62fb7f3ad05 || complete_torsion_type:c65df5534b32b509b8eee7fe3a7a791b65c426332caea680f5c665212ab0bd41	complete_torsion_type:62401358dcd8d1f3b8a6e8acfb0fb7dc43784d5ed2b254365510f62fb7f3ad05 | complete_torsion_type:c65df5534b32b509b8eee7fe3a7a791b65c426332caea680f5c665212ab0bd41	complete_equivariant_source_type:5c7f9b22994fcdbb0607d9b072ce4dca1c18cea0e68f36dd689bd961eaff2044 || complete_equivariant_source_type:94c7094cd5bb18628791a3d00212605e2dcfa0125ab6025137614cdfd9b9da0a	complete_equivariant_source_type:5c7f9b22994fcdbb0607d9b072ce4dca1c18cea0e68f36dd689bd961eaff2044 | complete_equivariant_source_type:94c7094cd5bb18628791a3d00212605e2dcfa0125ab6025137614cdfd9b9da0a	CENSUS_LEVEL	"{""86"":""CENSUS_LEVEL"",""87"":""CENSUS_LEVEL""}"	research_outputs/hodgecy_ii/complete_fidelity_pairs_and_sets.tsv	"{""historical_census_schema"":""hodgecy_ii_complete_fidelity_census_historical.v1"",""historical_census_source"":""research_outputs/hodgecy_ii/complete_fidelity_pairs_and_sets.tsv"",""historical_set_id"":""C0002""}"	same rational source type but different integral/Smith type	REPRODUCED	"{""category"":""RATIONAL COLLAPSE / INTEGRAL SEPARATION"",""first_separating_level"":""integral_source"",""shared_levels"":[""rational_source""]}"	"{""category_reproduced"":true,""classification_source"":""historical_complete_fidelity_tsv_reingested_by_v1"",""first_separating_level_reproduced"":true,""member_validation_status"":{""86"":""CENSUS_LEVEL"",""87"":""CENSUS_LEVEL""},""membership_reproduced"":true,""shared_levels_reproduced"":true,""source_recomputation_scope"":""current_v1_reuses_frozen_historical_456_record_census; no fresh mining pass""}"	hodgecy_ii_complete_fidelity:C0002	fidelity_census_reconciled:C0002
C0003	89 | 98 | 100	89 / 98 / 100	3	triple	RATIONAL COLLAPSE / INTEGRAL SEPARATION	RATIONAL COLLAPSE / INTEGRAL SEPARATION	rational_source	integral_source	integral/Smith type	p3=0;p4_0=0;p4_1=0;p5_0=0;p5_1=0;p5_2=0;l3=0	UNKNOWN_HODGE	UNKNOWN_HODGE	complete_rational_source_type:4a6a77e5994f525a143356fdaf3afb9424592824953d00449dc19f56a3cd9c96	complete_rational_source_type:4a6a77e5994f525a143356fdaf3afb9424592824953d00449dc19f56a3cd9c96	complete_integral_source_type:2b1018cad1cc5c2578f1b56c17c79c945b1caed8c5a9c9e0b56f283ef9bc7449 || complete_integral_source_type:8f9b6478d07920e9916abf6b20d382966019df66ac2a82fa54b5029907c69ed5 || complete_integral_source_type:a017ddbb0abd6911764f0e9d14c51ba7847973a0b4c895d3fa4ae1b2919c35ba	complete_integral_source_type:2b1018cad1cc5c2578f1b56c17c79c945b1caed8c5a9c9e0b56f283ef9bc7449 | complete_integral_source_type:8f9b6478d07920e9916abf6b20d382966019df66ac2a82fa54b5029907c69ed5 | complete_integral_source_type:a017ddbb0abd6911764f0e9d14c51ba7847973a0b4c895d3fa4ae1b2919c35ba	complete_torsion_type:3a5189342f6e51bab111f7b86f22aed92d63221f1ef3071c53d3f966dc8986f6 || complete_torsion_type:4362ae31c529541fcd5a0883ed350fe08dbd3113b21df30ed74574e37808e359 || complete_torsion_type:7794bc375a9bb3b6c3a0f66c7f5417d5291128250b2d23292a323621db5c650d	complete_torsion_type:3a5189342f6e51bab111f7b86f22aed92d63221f1ef3071c53d3f966dc8986f6 | complete_torsion_type:4362ae31c529541fcd5a0883ed350fe08dbd3113b21df30ed74574e37808e359 | complete_torsion_type:7794bc375a9bb3b6c3a0f66c7f5417d5291128250b2d23292a323621db5c650d	complete_equivariant_source_type:29e015737272b96eee452bd7371d9d72614df9a4a08a13efe012ac25840a1285 || complete_equivariant_source_type:a52c4123e583f62a72fda6304a78c4506d269ce49227c6879d0295bf11bbe4e5 || complete_equivariant_source_type:bca754f215d1b4f37cc62e6a9725e1bba2724cc97eb76aa56d07d8807bab330e	complete_equivariant_source_type:29e015737272b96eee452bd7371d9d72614df9a4a08a13efe012ac25840a1285 | complete_equivariant_source_type:a52c4123e583f62a72fda6304a78c4506d269ce49227c6879d0295bf11bbe4e5 | complete_equivariant_source_type:bca754f215d1b4f37cc62e6a9725e1bba2724cc97eb76aa56d07d8807bab330e	CENSUS_LEVEL	"{""100"":""CENSUS_LEVEL"",""89"":""CENSUS_LEVEL"",""98"":""CENSUS_LEVEL""}"	research_outputs/hodgecy_ii/complete_fidelity_pairs_and_sets.tsv	"{""historical_census_schema"":""hodgecy_ii_complete_fidelity_census_historical.v1"",""historical_census_source"":""research_outputs/hodgecy_ii/complete_fidelity_pairs_and_sets.tsv"",""historical_set_id"":""C0003""}"	same rational source type but different integral/Smith type	REPRODUCED	"{""category"":""RATIONAL COLLAPSE / INTEGRAL SEPARATION"",""first_separating_level"":""integral_source"",""shared_levels"":[""rational_source""]}"	"{""category_reproduced"":true,""classification_source"":""historical_complete_fidelity_tsv_reingested_by_v1"",""first_separating_level_reproduced"":true,""member_validation_status"":{""100"":""CENSUS_LEVEL"",""89"":""CENSUS_LEVEL"",""98"":""CENSUS_LEVEL""},""membership_reproduced"":true,""shared_levels_reproduced"":true,""source_recomputation_scope"":""current_v1_reuses_frozen_historical_456_record_census; no fresh mining pass""}"	hodgecy_ii_complete_fidelity:C0003	fidelity_census_reconciled:C0003
C0004	91 | 92	91 / 92	2	pair	RATIONAL COLLAPSE / INTEGRAL SEPARATION	RATIONAL COLLAPSE / INTEGRAL SEPARATION	rational_source	integral_source	integral/Smith type	p3=0;p4_0=0;p4_1=0;p5_0=0;p5_1=0;p5_2=0;l3=0	UNKNOWN_HODGE	UNKNOWN_HODGE	complete_rational_source_type:aaec20361cf80f88149d41a24a68a8d2dedcf6bad7b7560977ee1533b457e174	complete_rational_source_type:aaec20361cf80f88149d41a24a68a8d2dedcf6bad7b7560977ee1533b457e174	complete_integral_source_type:164d1afaceaa5cf2b216e3735411bcf1e21a5753da88cce682c97fae45025467 || complete_integral_source_type:d7cc8037de85aa213144e3a75dc5107201663a29aab3469efc8ae800f0667140	complete_integral_source_type:164d1afaceaa5cf2b216e3735411bcf1e21a5753da88cce682c97fae45025467 | complete_integral_source_type:d7cc8037de85aa213144e3a75dc5107201663a29aab3469efc8ae800f0667140	complete_torsion_type:178a8739aed8ad6f60dc199463de4fd402b321452f67519a34f89f85ba004a43 || complete_torsion_type:a9d9ac9be51e6829e007864ff6edd38ceabc919a2787b7d3b7ddec57b482a6c3	complete_torsion_type:178a8739aed8ad6f60dc199463de4fd402b321452f67519a34f89f85ba004a43 | complete_torsion_type:a9d9ac9be51e6829e007864ff6edd38ceabc919a2787b7d3b7ddec57b482a6c3	complete_equivariant_source_type:1400f9b3cbebd4d68a34f8d757f949b4c17066642cc32a029e882dc8f589b0ea || complete_equivariant_source_type:d999daafeb50ab94d17bd1bc376e53c07e61b18a3728fb67f6df424d800a1a6a	complete_equivariant_source_type:1400f9b3cbebd4d68a34f8d757f949b4c17066642cc32a029e882dc8f589b0ea | complete_equivariant_source_type:d999daafeb50ab94d17bd1bc376e53c07e61b18a3728fb67f6df424d800a1a6a	CENSUS_LEVEL	"{""91"":""CENSUS_LEVEL"",""92"":""CENSUS_LEVEL""}"	research_outputs/hodgecy_ii/complete_fidelity_pairs_and_sets.tsv	"{""historical_census_schema"":""hodgecy_ii_complete_fidelity_census_historical.v1"",""historical_census_source"":""research_outputs/hodgecy_ii/complete_fidelity_pairs_and_sets.tsv"",""historical_set_id"":""C0004""}"	same rational source type but different integral/Smith type	REPRODUCED	"{""category"":""RATIONAL COLLAPSE / INTEGRAL SEPARATION"",""first_separating_level"":""integral_source"",""shared_levels"":[""rational_source""]}"	"{""category_reproduced"":true,""classification_source"":""historical_complete_fidelity_tsv_reingested_by_v1"",""first_separating_level_reproduced"":true,""member_validation_status"":{""91"":""CENSUS_LEVEL"",""92"":""CENSUS_LEVEL""},""membership_reproduced"":true,""shared_levels_reproduced"":true,""source_recomputation_scope"":""current_v1_reuses_frozen_historical_456_record_census; no fresh mining pass""}"	hodgecy_ii_complete_fidelity:C0004	fidelity_census_reconciled:C0004
C0005	94 | 95 | 96 | 97 | 99	94 / 95 / 96 / 97 / 99	5	larger_set	RATIONAL COLLAPSE / INTEGRAL SEPARATION	RATIONAL COLLAPSE / INTEGRAL SEPARATION	rational_source	integral_source	integral/Smith type	p3=0;p4_0=0;p4_1=0;p5_0=0;p5_1=0;p5_2=0;l3=0	UNKNOWN_HODGE	UNKNOWN_HODGE	complete_rational_source_type:3a0d9329f7895ce9af8287bb16e0339caf84bd84997eb611245b3e8a474818f0	complete_rational_source_type:3a0d9329f7895ce9af8287bb16e0339caf84bd84997eb611245b3e8a474818f0	complete_integral_source_type:240a3fc0342aa24ab2d35a18fcebf9b2fff114d803a40d37f00b7e2109e4437f || complete_integral_source_type:53f57a72f995e3a3d684a929480da9c7e0bcda86245ec7ac81a3d052995ae6a3 || complete_integral_source_type:7ff7e8be6e19e38b06b655aaea3b48811467060df4e525b57b809d3a6c61d999 || complete_integral_source_type:ae0ffb693456f9498644c3338c665453b0bc0800f79baa099f85c8280d587f46 || complete_integral_source_type:d1e700a1fec90f8b48d1870cee247f49baddd3a6b83e0bb04ac62f9a5e96a46f	complete_integral_source_type:240a3fc0342aa24ab2d35a18fcebf9b2fff114d803a40d37f00b7e2109e4437f | complete_integral_source_type:53f57a72f995e3a3d684a929480da9c7e0bcda86245ec7ac81a3d052995ae6a3 | complete_integral_source_type:7ff7e8be6e19e38b06b655aaea3b48811467060df4e525b57b809d3a6c61d999 | complete_integral_source_type:ae0ffb693456f9498644c3338c665453b0bc0800f79baa099f85c8280d587f46 | complete_integral_source_type:d1e700a1fec90f8b48d1870cee247f49baddd3a6b83e0bb04ac62f9a5e96a46f	complete_torsion_type:563cfdc80e881e477f73f9119b24cde0ca02a07f39b2342a427c5d5e81a8827d || complete_torsion_type:b996956d88bba49a864e82429886a6516666b228b6a7e24029ace5c6585fc3bc || complete_torsion_type:ba575139f9a58aae745a813f0c715fab33ae03d4128f29174289da0360e95cd4 || complete_torsion_type:cb1a8aa03442a86d77195fac087c18d7fd7ae985c842c2040c0e1ba668f5259e || complete_torsion_type:d06c63cecbb7fd161c9cf7d0e0138f2649d566d459654d175e90c986cd84ac8b	complete_torsion_type:563cfdc80e881e477f73f9119b24cde0ca02a07f39b2342a427c5d5e81a8827d | complete_torsion_type:b996956d88bba49a864e82429886a6516666b228b6a7e24029ace5c6585fc3bc | complete_torsion_type:ba575139f9a58aae745a813f0c715fab33ae03d4128f29174289da0360e95cd4 | complete_torsion_type:cb1a8aa03442a86d77195fac087c18d7fd7ae985c842c2040c0e1ba668f5259e | complete_torsion_type:d06c63cecbb7fd161c9cf7d0e0138f2649d566d459654d175e90c986cd84ac8b	complete_equivariant_source_type:51122778cce1c6c7e9f78ec3a6d7a4a59bb02c3010e9c975c16186b7c4edf34f || complete_equivariant_source_type:6d75747116b683b2c2d91b74fdc6909caca8fe73322e0adc922c50570b102845 || complete_equivariant_source_type:be190a3d1907ab874fda793d9101c1111c00aaeb30deb523ef781e0b67f6b424 || complete_equivariant_source_type:f93c6e57eeda1a3a858ca54688461db5c869cac58349ba442b66c80aa805d13c || complete_equivariant_source_type:fc50f5f2e3a511d078f1ca88f6331fed76cc6d1845990dde4701cc764aa49ab4	complete_equivariant_source_type:51122778cce1c6c7e9f78ec3a6d7a4a59bb02c3010e9c975c16186b7c4edf34f | complete_equivariant_source_type:6d75747116b683b2c2d91b74fdc6909caca8fe73322e0adc922c50570b102845 | complete_equivariant_source_type:be190a3d1907ab874fda793d9101c1111c00aaeb30deb523ef781e0b67f6b424 | complete_equivariant_source_type:f93c6e57eeda1a3a858ca54688461db5c869cac58349ba442b66c80aa805d13c | complete_equivariant_source_type:fc50f5f2e3a511d078f1ca88f6331fed76cc6d1845990dde4701cc764aa49ab4	CENSUS_LEVEL	"{""94"":""CENSUS_LEVEL"",""95"":""CENSUS_LEVEL"",""96"":""CENSUS_LEVEL"",""97"":""CENSUS_LEVEL"",""99"":""CENSUS_LEVEL""}"	research_outputs/hodgecy_ii/complete_fidelity_pairs_and_sets.tsv	"{""historical_census_schema"":""hodgecy_ii_complete_fidelity_census_historical.v1"",""historical_census_source"":""research_outputs/hodgecy_ii/complete_fidelity_pairs_and_sets.tsv"",""historical_set_id"":""C0005""}"	same rational source type but different integral/Smith type	REPRODUCED	"{""category"":""RATIONAL COLLAPSE / INTEGRAL SEPARATION"",""first_separating_level"":""integral_source"",""shared_levels"":[""rational_source""]}"	"{""category_reproduced"":true,""classification_source"":""historical_complete_fidelity_tsv_reingested_by_v1"",""first_separating_level_reproduced"":true,""member_validation_status"":{""94"":""CENSUS_LEVEL"",""95"":""CENSUS_LEVEL"",""96"":""CENSUS_LEVEL"",""97"":""CENSUS_LEVEL"",""99"":""CENSUS_LEVEL""},""membership_reproduced"":true,""shared_levels_reproduced"":true,""source_recomputation_scope"":""current_v1_reuses_frozen_historical_456_record_census; no fresh mining pass""}"	hodgecy_ii_complete_fidelity:C0005	fidelity_census_reconciled:C0005
C0006	101 | 102 | 103 | 104 | 105 | 106 | 107 | 108 | 109 | 110 | 111 | 112 | 113 | 114 | 115	101 / 102 / 103 / 104 / 105 / 106 / 107 / 108 / 109 / 110 / 111 / 112 / 113 / 114 / 115	15	larger_set	RATIONAL COLLAPSE / INTEGRAL SEPARATION	RATIONAL COLLAPSE / INTEGRAL SEPARATION	rational_source	integral_source	integral/Smith type	p3=0;p4_0=0;p4_1=0;p5_0=0;p5_1=0;p5_2=0;l3=0	UNKNOWN_HODGE	UNKNOWN_HODGE	complete_rational_source_type:4d298803b23f63509e715d46ad15b111865629518b16ec162af2b293d10df691	complete_rational_source_type:4d298803b23f63509e715d46ad15b111865629518b16ec162af2b293d10df691	complete_integral_source_type:01d2b517f933b43e73c8a1b9f35622b31711dc9f03f56f8d6a3fd1049621cdf6 || complete_integral_source_type:055b4b4e2df8aee3474d720aef5bfd9feb5114dbe746ae07a53da1021c3037a4 || complete_integral_source_type:1c75925b0c2b46a39d2f45ab08f2787044efc3fdd0b7931e057c8a13e79862dd || complete_integral_source_type:226b97f7aff71218cd2c0cea99dd4a9e44ffca92cb1ac96f9dacc1f754aa51d7 || complete_integral_source_type:2557716acdd326789fd45e1d4dd4418aee52a7e05817d5ca1136e031ab5ab035 || complete_integral_source_type:3779063f4d54d99506bf42cbe6a82b24ad9d058ee72727f8b2b0defad9c1cb18 || complete_integral_source_type:62c282216c82deba16fb26aee84ea84bbdfefd4c4b01619437031106c56c4522 || complete_integral_source_type:66088528b972289d04c9daf10a0a553d0f8095d2e4b1463c39c9144cd2c0cf10 || complete_integral_source_type:9c6dd9cb7a51ec309ab0f93e782ed53e7606472e50f74156876fe68cb34f9b34 || complete_integral_source_type:acc39b75131443a1b44803d2f97ff2b3ad25727e53ec2491cbde0c2da519d8aa || complete_integral_source_type:e2877c44fb70251a1e89625e8883dbba52ee8b1359a2a9e0b2b1ec373a3c56af || complete_integral_source_type:e856ccde97d0688004031c6b7b2fe5b7f61b6583d92edab44f85a24304bd7a39	complete_integral_source_type:01d2b517f933b43e73c8a1b9f35622b31711dc9f03f56f8d6a3fd1049621cdf6 | complete_integral_source_type:055b4b4e2df8aee3474d720aef5bfd9feb5114dbe746ae07a53da1021c3037a4 | complete_integral_source_type:1c75925b0c2b46a39d2f45ab08f2787044efc3fdd0b7931e057c8a13e79862dd | complete_integral_source_type:226b97f7aff71218cd2c0cea99dd4a9e44ffca92cb1ac96f9dacc1f754aa51d7 | complete_integral_source_type:2557716acdd326789fd45e1d4dd4418aee52a7e05817d5ca1136e031ab5ab035 | complete_integral_source_type:3779063f4d54d99506bf42cbe6a82b24ad9d058ee72727f8b2b0defad9c1cb18 | complete_integral_source_type:62c282216c82deba16fb26aee84ea84bbdfefd4c4b01619437031106c56c4522 | complete_integral_source_type:66088528b972289d04c9daf10a0a553d0f8095d2e4b1463c39c9144cd2c0cf10 | complete_integral_source_type:9c6dd9cb7a51ec309ab0f93e782ed53e7606472e50f74156876fe68cb34f9b34 | complete_integral_source_type:acc39b75131443a1b44803d2f97ff2b3ad25727e53ec2491cbde0c2da519d8aa | complete_integral_source_type:e2877c44fb70251a1e89625e8883dbba52ee8b1359a2a9e0b2b1ec373a3c56af | complete_integral_source_type:e856ccde97d0688004031c6b7b2fe5b7f61b6583d92edab44f85a24304bd7a39	complete_torsion_type:19474bc7920a5afa72aa857bf5d101b752fc1117d295d45918cabf904a444f47 || complete_torsion_type:246c69889766b229bc182dbbfdd39efde78281426334d4d19d02c82659fc8bc8 || complete_torsion_type:2a803bb7328bc91f1a629db108cd9cdb10db7a1e0d6404050d4df627c8c6b3b9 || complete_torsion_type:39c0c0266ad4a669577fb3119bd7fb1baec72fb03ec7ea42097722bbdf51302e || complete_torsion_type:3a5189342f6e51bab111f7b86f22aed92d63221f1ef3071c53d3f966dc8986f6 || complete_torsion_type:45dde3243c2d6fcefe746b22b43e9e13b2116896a545a8e32311542d0a433b33 || complete_torsion_type:7794bc375a9bb3b6c3a0f66c7f5417d5291128250b2d23292a323621db5c650d || complete_torsion_type:8366cc39bac8654e1c3e7b8e8581b0e2e8a8fc9fcd50540828f310a0c9017c9f || complete_torsion_type:f0cb62af43e5df6e5ad9ef241673be7401c63718dc1bd767bc1e384c14ed7b0e || complete_torsion_type:f20d40825009f1bf6642c5c0b7723e4e18ed92ecdfadfbd912bb7effe70a58ad || complete_torsion_type:fb72c63ee90ac4d6d6c39e3a653678afb900432abb4893da27e51ac676a98fd2 || complete_torsion_type:ff58f3c045b6104974b37086197a7d1eb956ff8366c81483f330d3c14b28c8f8	complete_torsion_type:19474bc7920a5afa72aa857bf5d101b752fc1117d295d45918cabf904a444f47 | complete_torsion_type:246c69889766b229bc182dbbfdd39efde78281426334d4d19d02c82659fc8bc8 | complete_torsion_type:2a803bb7328bc91f1a629db108cd9cdb10db7a1e0d6404050d4df627c8c6b3b9 | complete_torsion_type:39c0c0266ad4a669577fb3119bd7fb1baec72fb03ec7ea42097722bbdf51302e | complete_torsion_type:3a5189342f6e51bab111f7b86f22aed92d63221f1ef3071c53d3f966dc8986f6 | complete_torsion_type:45dde3243c2d6fcefe746b22b43e9e13b2116896a545a8e32311542d0a433b33 | complete_torsion_type:7794bc375a9bb3b6c3a0f66c7f5417d5291128250b2d23292a323621db5c650d | complete_torsion_type:8366cc39bac8654e1c3e7b8e8581b0e2e8a8fc9fcd50540828f310a0c9017c9f | complete_torsion_type:f0cb62af43e5df6e5ad9ef241673be7401c63718dc1bd767bc1e384c14ed7b0e | complete_torsion_type:f20d40825009f1bf6642c5c0b7723e4e18ed92ecdfadfbd912bb7effe70a58ad | complete_torsion_type:fb72c63ee90ac4d6d6c39e3a653678afb900432abb4893da27e51ac676a98fd2 | complete_torsion_type:ff58f3c045b6104974b37086197a7d1eb956ff8366c81483f330d3c14b28c8f8	complete_equivariant_source_type:1842452ce1d25c52c4c87268a8a629dcf307d0639721e6113c4b4a6e95de6648 || complete_equivariant_source_type:2d91701bc211ce2d0d4fe864bda9940be6f570d05aa434f919d2bdce6bbb0b8a || complete_equivariant_source_type:2f20e37d8ce76d07caf8f9fae815ea96bf4c050436c4367579ff34f6a426c96f || complete_equivariant_source_type:5e7919c37533ab4f9fd5550cdabc5ea5cfe74570128f2c5389de7d855ada2494 || complete_equivariant_source_type:7f591605eac49755d1c1e2c2055695f2cdb839513041b8ab2cf3c0c285aa9327 || complete_equivariant_source_type:86828eaba2de71ae97aeca7d619e0b75af7b4f7cedb0b1f053ec7b36c4a56c0e || complete_equivariant_source_type:86f8284ae0ebe13daa77c358e5b7862af47b916e6f3d655130676ad3fe3669da || complete_equivariant_source_type:898a336fa1754316694f83b52d0a420131ca1c311130d088890684e6aeaa50bb || complete_equivariant_source_type:8cd9e50ea3a066c98b54c87ec1faebb7adbc6bdbfaa0da350aec5e84abe8209d || complete_equivariant_source_type:94fb08a1763e0d14e42edc74e85938d35afc64226e30b7dbfe81fdfb1e2363d0 || complete_equivariant_source_type:a84dc6a714eeddf170d9ef1d28c25b1d4456f0993b09fe75b1314b761aa17163 || complete_equivariant_source_type:d6067bd9fd5d322c66cc7f8ab2c389f0238f955baec2da7387e83d6a66261269 || complete_equivariant_source_type:e127c08b9672f91e20aa1de119391dec5609a6716aa074f5428bde31ba13439a || complete_equivariant_source_type:f4bf59b40f783c3b53fd2df0bd535d645075c26e8ad2d7e3a7ef4305b528acfc	complete_equivariant_source_type:1842452ce1d25c52c4c87268a8a629dcf307d0639721e6113c4b4a6e95de6648 | complete_equivariant_source_type:2d91701bc211ce2d0d4fe864bda9940be6f570d05aa434f919d2bdce6bbb0b8a | complete_equivariant_source_type:2f20e37d8ce76d07caf8f9fae815ea96bf4c050436c4367579ff34f6a426c96f | complete_equivariant_source_type:5e7919c37533ab4f9fd5550cdabc5ea5cfe74570128f2c5389de7d855ada2494 | complete_equivariant_source_type:7f591605eac49755d1c1e2c2055695f2cdb839513041b8ab2cf3c0c285aa9327 | complete_equivariant_source_type:86828eaba2de71ae97aeca7d619e0b75af7b4f7cedb0b1f053ec7b36c4a56c0e | complete_equivariant_source_type:86f8284ae0ebe13daa77c358e5b7862af47b916e6f3d655130676ad3fe3669da | complete_equivariant_source_type:898a336fa1754316694f83b52d0a420131ca1c311130d088890684e6aeaa50bb | complete_equivariant_source_type:8cd9e50ea3a066c98b54c87ec1faebb7adbc6bdbfaa0da350aec5e84abe8209d | complete_equivariant_source_type:94fb08a1763e0d14e42edc74e85938d35afc64226e30b7dbfe81fdfb1e2363d0 | complete_equivariant_source_type:a84dc6a714eeddf170d9ef1d28c25b1d4456f0993b09fe75b1314b761aa17163 | complete_equivariant_source_type:d6067bd9fd5d322c66cc7f8ab2c389f0238f955baec2da7387e83d6a66261269 | complete_equivariant_source_type:e127c08b9672f91e20aa1de119391dec5609a6716aa074f5428bde31ba13439a | complete_equivariant_source_type:f4bf59b40f783c3b53fd2df0bd535d645075c26e8ad2d7e3a7ef4305b528acfc	CENSUS_LEVEL	"{""101"":""CENSUS_LEVEL"",""102"":""CENSUS_LEVEL"",""103"":""CENSUS_LEVEL"",""104"":""CENSUS_LEVEL"",""105"":""CENSUS_LEVEL"",""106"":""CENSUS_LEVEL"",""107"":""CENSUS_LEVEL"",""108"":""CENSUS_LEVEL"",""109"":""CENSUS_LEVEL"",""110"":""CENSUS_LEVEL"",""111"":""CENSUS_LEVEL"",""112"":""CENSUS_LEVEL"",""113"":""CENSUS_LEVEL"",""114"":""CENSUS_LEVEL"",""115"":""CENSUS_LEVEL""}"	research_outputs/hodgecy_ii/complete_fidelity_pairs_and_sets.tsv	"{""historical_census_schema"":""hodgecy_ii_complete_fidelity_census_historical.v1"",""historical_census_source"":""research_outputs/hodgecy_ii/complete_fidelity_pairs_and_sets.tsv"",""historical_set_id"":""C0006""}"	same rational source type but different integral/Smith type	REPRODUCED	"{""category"":""RATIONAL COLLAPSE / INTEGRAL SEPARATION"",""first_separating_level"":""integral_source"",""shared_levels"":[""rational_source""]}"	"{""category_reproduced"":true,""classification_source"":""historical_complete_fidelity_tsv_reingested_by_v1"",""first_separating_level_reproduced"":true,""member_validation_status"":{""101"":""CENSUS_LEVEL"",""102"":""CENSUS_LEVEL"",""103"":""CENSUS_LEVEL"",""104"":""CENSUS_LEVEL"",""105"":""CENSUS_LEVEL"",""106"":""CENSUS_LEVEL"",""107"":""CENSUS_LEVEL"",""108"":""CENSUS_LEVEL"",""109"":""CENSUS_LEVEL"",""110"":""CENSUS_LEVEL"",""111"":""CENSUS_LEVEL"",""112"":""CENSUS_LEVEL"",""113"":""CENSUS_LEVEL"",""114"":""CENSUS_LEVEL"",""115"":""CENSUS_LEVEL""},""membership_reproduced"":true,""shared_levels_reproduced"":true,""source_recomputation_scope"":""current_v1_reuses_frozen_historical_456_record_census; no fresh mining pass""}"	hodgecy_ii_complete_fidelity:C0006	fidelity_census_reconciled:C0006
C0007	116 | 117 | 118 | 119 | 120 | 121 | 122 | 123 | 124 | 125 | 126 | 127 | 128 | 129 | 130	116 / 117 / 118 / 119 / 120 / 121 / 122 / 123 / 124 / 125 / 126 / 127 / 128 / 129 / 130	15	larger_set	RATIONAL COLLAPSE / INTEGRAL SEPARATION	RATIONAL COLLAPSE / INTEGRAL SEPARATION	rational_source	integral_source	integral/Smith type	p3=0;p4_0=0;p4_1=0;p5_0=0;p5_1=0;p5_2=0;l3=0	UNKNOWN_HODGE	UNKNOWN_HODGE	complete_rational_source_type:29fbc49db3aafe8ebb1f7ab4778bdc595d09162c827b473ddf33ec50a1ef66ba	complete_rational_source_type:29fbc49db3aafe8ebb1f7ab4778bdc595d09162c827b473ddf33ec50a1ef66ba	complete_integral_source_type:2ae67d10e4de2c7a78f47ce57502dcc5eaa74004483b3e371f1f3d0308a9a4a8 || complete_integral_source_type:7e7281abc76c0647559c21f330017f4e78588cb7626ac7e532c1591f9e5185e4 || complete_integral_source_type:924fa3ced18ba8894c5747ada95cf92b1306c65c52fdb03294a04f28f644f16b || complete_integral_source_type:9cdafb5fedacc7466f1b890c3e0d363fea8eaea91e3cf6c4c55c74c0c16ca0c0 || complete_integral_source_type:b596c9ab9eb48b6910cc7cae27e6e42ff2430946491790376cd83ac8dce06371 || complete_integral_source_type:ccf610e364f283778ef01ff5c5168c5b72e04073a7f6ef3f3ff2e1ec7633f795 || complete_integral_source_type:e9cae005db1cdba203339afd1db2867b94fabe23985baaaeae9e294b00ad1d1c	complete_integral_source_type:2ae67d10e4de2c7a78f47ce57502dcc5eaa74004483b3e371f1f3d0308a9a4a8 | complete_integral_source_type:7e7281abc76c0647559c21f330017f4e78588cb7626ac7e532c1591f9e5185e4 | complete_integral_source_type:924fa3ced18ba8894c5747ada95cf92b1306c65c52fdb03294a04f28f644f16b | complete_integral_source_type:9cdafb5fedacc7466f1b890c3e0d363fea8eaea91e3cf6c4c55c74c0c16ca0c0 | complete_integral_source_type:b596c9ab9eb48b6910cc7cae27e6e42ff2430946491790376cd83ac8dce06371 | complete_integral_source_type:ccf610e364f283778ef01ff5c5168c5b72e04073a7f6ef3f3ff2e1ec7633f795 | complete_integral_source_type:e9cae005db1cdba203339afd1db2867b94fabe23985baaaeae9e294b00ad1d1c	complete_torsion_type:2a803bb7328bc91f1a629db108cd9cdb10db7a1e0d6404050d4df627c8c6b3b9 || complete_torsion_type:39c0c0266ad4a669577fb3119bd7fb1baec72fb03ec7ea42097722bbdf51302e || complete_torsion_type:3a5189342f6e51bab111f7b86f22aed92d63221f1ef3071c53d3f966dc8986f6 || complete_torsion_type:45dde3243c2d6fcefe746b22b43e9e13b2116896a545a8e32311542d0a433b33 || complete_torsion_type:559bd257c5965f26849f0c81cdefb709090f545fdfc894b7e3f2a6bf3b39e3bf || complete_torsion_type:64b4629bb190069c1ab25370d75e2e064c9ce1294ff47958c9e481e29a8462c2 || complete_torsion_type:c70bc23edba56b934c6261cf8b0b9c92cb1692e3b8f6d6789925745a58c43385	complete_torsion_type:2a803bb7328bc91f1a629db108cd9cdb10db7a1e0d6404050d4df627c8c6b3b9 | complete_torsion_type:39c0c0266ad4a669577fb3119bd7fb1baec72fb03ec7ea42097722bbdf51302e | complete_torsion_type:3a5189342f6e51bab111f7b86f22aed92d63221f1ef3071c53d3f966dc8986f6 | complete_torsion_type:45dde3243c2d6fcefe746b22b43e9e13b2116896a545a8e32311542d0a433b33 | complete_torsion_type:559bd257c5965f26849f0c81cdefb709090f545fdfc894b7e3f2a6bf3b39e3bf | complete_torsion_type:64b4629bb190069c1ab25370d75e2e064c9ce1294ff47958c9e481e29a8462c2 | complete_torsion_type:c70bc23edba56b934c6261cf8b0b9c92cb1692e3b8f6d6789925745a58c43385	complete_equivariant_source_type:123507d48df1918587e1d884a4ab120412ba272195f529686ef230e910be5c46 || complete_equivariant_source_type:558543b0dc722abca39026e7c433a278c731a7e64523a5b3b9692166ca7117b0 || complete_equivariant_source_type:583b7af67a4b5df64301ac35b6f96d7455cbf015b03023cbf11abf0a07e23a59 || complete_equivariant_source_type:64f0b450bdf0f87af7f2434c5aee1e0beacf77332d27a1202aa311e7eff6f8c9 || complete_equivariant_source_type:864591b4d8db69de15e8aee5c45e3d7b87566184a9180ec63559806f1a7d4d85 || complete_equivariant_source_type:979aab24b9cc0845c84b2ab5668763370c1a8f9ab975fd54817366da1c8269ad || complete_equivariant_source_type:a2f980251afde08408d7938195df2de55ca4f97fd2f03fb148b65b3349df2096 || complete_equivariant_source_type:a570f112ff25533fd91902197b81a7a8f1d297b289843036ffa70823ba78c515 || complete_equivariant_source_type:bb458144542b12716518cd8040232571e006ec98f1300ceb350b2b1e739fd611 || complete_equivariant_source_type:e80f664234b66f656eb26fbc42d64babecfc71eacf4ec772f1b49dcac4dc47ca || complete_equivariant_source_type:ecc98699e7fd1d5aceaf26838fe032fecb88cdbc8836d57c9e410f381248b709 || complete_equivariant_source_type:efc8e83f03f34e014386aa6ded4f5b67fad5abe7fdc6ab630022941b5d6a0609 || complete_equivariant_source_type:fa5cab98abddf17e88c3e681a05e8fd5ebf45f607a71c432b799ac7bc90d67a5	complete_equivariant_source_type:123507d48df1918587e1d884a4ab120412ba272195f529686ef230e910be5c46 | complete_equivariant_source_type:558543b0dc722abca39026e7c433a278c731a7e64523a5b3b9692166ca7117b0 | complete_equivariant_source_type:583b7af67a4b5df64301ac35b6f96d7455cbf015b03023cbf11abf0a07e23a59 | complete_equivariant_source_type:64f0b450bdf0f87af7f2434c5aee1e0beacf77332d27a1202aa311e7eff6f8c9 | complete_equivariant_source_type:864591b4d8db69de15e8aee5c45e3d7b87566184a9180ec63559806f1a7d4d85 | complete_equivariant_source_type:979aab24b9cc0845c84b2ab5668763370c1a8f9ab975fd54817366da1c8269ad | complete_equivariant_source_type:a2f980251afde08408d7938195df2de55ca4f97fd2f03fb148b65b3349df2096 | complete_equivariant_source_type:a570f112ff25533fd91902197b81a7a8f1d297b289843036ffa70823ba78c515 | complete_equivariant_source_type:bb458144542b12716518cd8040232571e006ec98f1300ceb350b2b1e739fd611 | complete_equivariant_source_type:e80f664234b66f656eb26fbc42d64babecfc71eacf4ec772f1b49dcac4dc47ca | complete_equivariant_source_type:ecc98699e7fd1d5aceaf26838fe032fecb88cdbc8836d57c9e410f381248b709 | complete_equivariant_source_type:efc8e83f03f34e014386aa6ded4f5b67fad5abe7fdc6ab630022941b5d6a0609 | complete_equivariant_source_type:fa5cab98abddf17e88c3e681a05e8fd5ebf45f607a71c432b799ac7bc90d67a5	CENSUS_LEVEL	"{""116"":""CENSUS_LEVEL"",""117"":""CENSUS_LEVEL"",""118"":""CENSUS_LEVEL"",""119"":""CENSUS_LEVEL"",""120"":""CENSUS_LEVEL"",""121"":""CENSUS_LEVEL"",""122"":""CENSUS_LEVEL"",""123"":""CENSUS_LEVEL"",""124"":""CENSUS_LEVEL"",""125"":""CENSUS_LEVEL"",""126"":""CENSUS_LEVEL"",""127"":""CENSUS_LEVEL"",""128"":""CENSUS_LEVEL"",""129"":""CENSUS_LEVEL"",""130"":""CENSUS_LEVEL""}"	research_outputs/hodgecy_ii/complete_fidelity_pairs_and_sets.tsv	"{""historical_census_schema"":""hodgecy_ii_complete_fidelity_census_historical.v1"",""historical_census_source"":""research_outputs/hodgecy_ii/complete_fidelity_pairs_and_sets.tsv"",""historical_set_id"":""C0007""}"	same rational source type but different integral/Smith type	REPRODUCED	"{""category"":""RATIONAL COLLAPSE / INTEGRAL SEPARATION"",""first_separating_level"":""integral_source"",""shared_levels"":[""rational_source""]}"	"{""category_reproduced"":true,""classification_source"":""historical_complete_fidelity_tsv_reingested_by_v1"",""first_separating_level_reproduced"":true,""member_validation_status"":{""116"":""CENSUS_LEVEL"",""117"":""CENSUS_LEVEL"",""118"":""CENSUS_LEVEL"",""119"":""CENSUS_LEVEL"",""120"":""CENSUS_LEVEL"",""121"":""CENSUS_LEVEL"",""122"":""CENSUS_LEVEL"",""123"":""CENSUS_LEVEL"",""124"":""CENSUS_LEVEL"",""125"":""CENSUS_LEVEL"",""126"":""CENSUS_LEVEL"",""127"":""CENSUS_LEVEL"",""128"":""CENSUS_LEVEL"",""129"":""CENSUS_LEVEL"",""130"":""CENSUS_LEVEL""},""membership_reproduced"":true,""shared_levels_reproduced"":true,""source_recomputation_scope"":""current_v1_reuses_frozen_historical_456_record_census; no fresh mining pass""}"	hodgecy_ii_complete_fidelity:C0007	fidelity_census_reconciled:C0007
C0008	131 | 132 | 133 | 134 | 135 | 136 | 137 | 138	131 / 132 / 133 / 134 / 135 / 136 / 137 / 138	8	larger_set	RATIONAL COLLAPSE / INTEGRAL SEPARATION	RATIONAL COLLAPSE / INTEGRAL SEPARATION	rational_source	integral_source	integral/Smith type	p3=0;p4_0=0;p4_1=0;p5_0=0;p5_1=0;p5_2=0;l3=0	UNKNOWN_HODGE	UNKNOWN_HODGE	complete_rational_source_type:a22c9c6833f9a77fe55c6216477e01637157e8b26ceb69acd2e15e585265f098	complete_rational_source_type:a22c9c6833f9a77fe55c6216477e01637157e8b26ceb69acd2e15e585265f098	complete_integral_source_type:139127ae1dc99d4521d1f3d5e159e556c2847828df728fe728b2ba8a2b078c73 || complete_integral_source_type:94db8a44b0b2914b9d933466215e467eb9d0e415dd6a74083f07b222a837f307 || complete_integral_source_type:98d9be151b7253f22e0f7387f68df8a7a90d922fbf2540f3d4ca8cd3bd54c66e || complete_integral_source_type:ca6ed8cd625465b71ba9b0242c059eee376dc80cedeba1b18f3f30e6bdab668d	complete_integral_source_type:139127ae1dc99d4521d1f3d5e159e556c2847828df728fe728b2ba8a2b078c73 | complete_integral_source_type:94db8a44b0b2914b9d933466215e467eb9d0e415dd6a74083f07b222a837f307 | complete_integral_source_type:98d9be151b7253f22e0f7387f68df8a7a90d922fbf2540f3d4ca8cd3bd54c66e | complete_integral_source_type:ca6ed8cd625465b71ba9b0242c059eee376dc80cedeba1b18f3f30e6bdab668d	complete_torsion_type:1e349c64934a40d4eb9e32364447f999e35f9e2450575d523004c763d4b9c094 || complete_torsion_type:45dde3243c2d6fcefe746b22b43e9e13b2116896a545a8e32311542d0a433b33 || complete_torsion_type:559bd257c5965f26849f0c81cdefb709090f545fdfc894b7e3f2a6bf3b39e3bf || complete_torsion_type:ed86ce2c369fe8599fe149e1841614bcae93901d7d040fca84cfad4825f75070	complete_torsion_type:1e349c64934a40d4eb9e32364447f999e35f9e2450575d523004c763d4b9c094 | complete_torsion_type:45dde3243c2d6fcefe746b22b43e9e13b2116896a545a8e32311542d0a433b33 | complete_torsion_type:559bd257c5965f26849f0c81cdefb709090f545fdfc894b7e3f2a6bf3b39e3bf | complete_torsion_type:ed86ce2c369fe8599fe149e1841614bcae93901d7d040fca84cfad4825f75070	complete_equivariant_source_type:03b40ca601f59589497fd5beddce9031505ff6f47fcf2366764f8aac3d10d25e || complete_equivariant_source_type:0ff0a861503ace6bd07e9944ed9facb3735c4dfe3c51c29e42cada2cee15e59e || complete_equivariant_source_type:372b93bfd54cf132972266f9cdd4f28ec90d32d80f3e9841728d5872256131ca || complete_equivariant_source_type:58cfa106d6531c672278efcc651adc17d1984751197b7aa1fed93bb41c836fad || complete_equivariant_source_type:5e9ef8eda259edd71de0addc6dcf5fa3d6b6ae47451d575d98cede6b9a94a725 || complete_equivariant_source_type:96cabc18ba8634e374c7e2c8e89699906cd0c95e2cbb46af4c44aec9988edbd4 || complete_equivariant_source_type:b2a2f3b971449cde91c9ba0c4f4f273b459091fb9fb1df29ad178dc2e5013f10 || complete_equivariant_source_type:c495a24bb7c4df840ed32ae1d27c98c123d6e68ac53a5c570fab1411419caf90	complete_equivariant_source_type:03b40ca601f59589497fd5beddce9031505ff6f47fcf2366764f8aac3d10d25e | complete_equivariant_source_type:0ff0a861503ace6bd07e9944ed9facb3735c4dfe3c51c29e42cada2cee15e59e | complete_equivariant_source_type:372b93bfd54cf132972266f9cdd4f28ec90d32d80f3e9841728d5872256131ca | complete_equivariant_source_type:58cfa106d6531c672278efcc651adc17d1984751197b7aa1fed93bb41c836fad | complete_equivariant_source_type:5e9ef8eda259edd71de0addc6dcf5fa3d6b6ae47451d575d98cede6b9a94a725 | complete_equivariant_source_type:96cabc18ba8634e374c7e2c8e89699906cd0c95e2cbb46af4c44aec9988edbd4 | complete_equivariant_source_type:b2a2f3b971449cde91c9ba0c4f4f273b459091fb9fb1df29ad178dc2e5013f10 | complete_equivariant_source_type:c495a24bb7c4df840ed32ae1d27c98c123d6e68ac53a5c570fab1411419caf90	CENSUS_LEVEL	"{""131"":""CENSUS_LEVEL"",""132"":""CENSUS_LEVEL"",""133"":""CENSUS_LEVEL"",""134"":""CENSUS_LEVEL"",""135"":""CENSUS_LEVEL"",""136"":""CENSUS_LEVEL"",""137"":""CENSUS_LEVEL"",""138"":""CENSUS_LEVEL""}"	research_outputs/hodgecy_ii/complete_fidelity_pairs_and_sets.tsv	"{""historical_census_schema"":""hodgecy_ii_complete_fidelity_census_historical.v1"",""historical_census_source"":""research_outputs/hodgecy_ii/complete_fidelity_pairs_and_sets.tsv"",""historical_set_id"":""C0008""}"	same rational source type but different integral/Smith type	REPRODUCED	"{""category"":""RATIONAL COLLAPSE / INTEGRAL SEPARATION"",""first_separating_level"":""integral_source"",""shared_levels"":[""rational_source""]}"	"{""category_reproduced"":true,""classification_source"":""historical_complete_fidelity_tsv_reingested_by_v1"",""first_separating_level_reproduced"":true,""member_validation_status"":{""131"":""CENSUS_LEVEL"",""132"":""CENSUS_LEVEL"",""133"":""CENSUS_LEVEL"",""134"":""CENSUS_LEVEL"",""135"":""CENSUS_LEVEL"",""136"":""CENSUS_LEVEL"",""137"":""CENSUS_LEVEL"",""138"":""CENSUS_LEVEL""},""membership_reproduced"":true,""shared_levels_reproduced"":true,""source_recomputation_scope"":""current_v1_reuses_frozen_historical_456_record_census; no fresh mining pass""}"	hodgecy_ii_complete_fidelity:C0008	fidelity_census_reconciled:C0008
C0009	139 | 140 | 141 | 142	139 / 140 / 141 / 142	4	larger_set	RATIONAL COLLAPSE / INTEGRAL SEPARATION	RATIONAL COLLAPSE / INTEGRAL SEPARATION	rational_source	integral_source	integral/Smith type	p3=0;p4_0=0;p4_1=0;p5_0=0;p5_1=0;p5_2=0;l3=0	UNKNOWN_HODGE	UNKNOWN_HODGE	complete_rational_source_type:922515d3873ec4a09abee36f4e4f2552584792ba88bf5a682a8263210116cba4	complete_rational_source_type:922515d3873ec4a09abee36f4e4f2552584792ba88bf5a682a8263210116cba4	complete_integral_source_type:0514432c918849d3f7d69fd4bacaf89cd647a62d59949685b761bc4b7f2cf783 || complete_integral_source_type:70818a0c8ebfc3bce16ddb8ed9e5cccef9738584399b3a4095d2c147aa589a98 || complete_integral_source_type:ae725b587d1bd853a0ea23e72b03e833e67b44eecb0486661d39ee7c79d406a8	complete_integral_source_type:0514432c918849d3f7d69fd4bacaf89cd647a62d59949685b761bc4b7f2cf783 | complete_integral_source_type:70818a0c8ebfc3bce16ddb8ed9e5cccef9738584399b3a4095d2c147aa589a98 | complete_integral_source_type:ae725b587d1bd853a0ea23e72b03e833e67b44eecb0486661d39ee7c79d406a8	complete_torsion_type:1e349c64934a40d4eb9e32364447f999e35f9e2450575d523004c763d4b9c094 || complete_torsion_type:246c69889766b229bc182dbbfdd39efde78281426334d4d19d02c82659fc8bc8 || complete_torsion_type:a9d9ac9be51e6829e007864ff6edd38ceabc919a2787b7d3b7ddec57b482a6c3	complete_torsion_type:1e349c64934a40d4eb9e32364447f999e35f9e2450575d523004c763d4b9c094 | complete_torsion_type:246c69889766b229bc182dbbfdd39efde78281426334d4d19d02c82659fc8bc8 | complete_torsion_type:a9d9ac9be51e6829e007864ff6edd38ceabc919a2787b7d3b7ddec57b482a6c3	complete_equivariant_source_type:6e6f460e2a7f903842ceabc850b63bc219b688207a6376c8308746296f03dcd7 || complete_equivariant_source_type:8e87bc19e9a01473784659db5a05f6a9c7043ddb7a238455fa0fcad2b74c1d55 || complete_equivariant_source_type:bf9a9837eba910a81c09994c9b072e902ea1374a944ac4dfe758b92ff3b15168 || complete_equivariant_source_type:fa439c35ae90dd9e850ac69d76aba6ca9cd2c5a6f15f9ccce32380573e8dbab7	complete_equivariant_source_type:6e6f460e2a7f903842ceabc850b63bc219b688207a6376c8308746296f03dcd7 | complete_equivariant_source_type:8e87bc19e9a01473784659db5a05f6a9c7043ddb7a238455fa0fcad2b74c1d55 | complete_equivariant_source_type:bf9a9837eba910a81c09994c9b072e902ea1374a944ac4dfe758b92ff3b15168 | complete_equivariant_source_type:fa439c35ae90dd9e850ac69d76aba6ca9cd2c5a6f15f9ccce32380573e8dbab7	CENSUS_LEVEL	"{""139"":""CENSUS_LEVEL"",""140"":""CENSUS_LEVEL"",""141"":""CENSUS_LEVEL"",""142"":""CENSUS_LEVEL""}"	research_outputs/hodgecy_ii/complete_fidelity_pairs_and_sets.tsv	"{""historical_census_schema"":""hodgecy_ii_complete_fidelity_census_historical.v1"",""historical_census_source"":""research_outputs/hodgecy_ii/complete_fidelity_pairs_and_sets.tsv"",""historical_set_id"":""C0009""}"	same rational source type but different integral/Smith type	REPRODUCED	"{""category"":""RATIONAL COLLAPSE / INTEGRAL SEPARATION"",""first_separating_level"":""integral_source"",""shared_levels"":[""rational_source""]}"	"{""category_reproduced"":true,""classification_source"":""historical_complete_fidelity_tsv_reingested_by_v1"",""first_separating_level_reproduced"":true,""member_validation_status"":{""139"":""CENSUS_LEVEL"",""140"":""CENSUS_LEVEL"",""141"":""CENSUS_LEVEL"",""142"":""CENSUS_LEVEL""},""membership_reproduced"":true,""shared_levels_reproduced"":true,""source_recomputation_scope"":""current_v1_reuses_frozen_historical_456_record_census; no fresh mining pass""}"	hodgecy_ii_complete_fidelity:C0009	fidelity_census_reconciled:C0009
C0010	145 | 152 | 154 | 155	145 / 152 / 154 / 155	4	larger_set	RATIONAL COLLAPSE / INTEGRAL SEPARATION	RATIONAL COLLAPSE / INTEGRAL SEPARATION	rational_source	integral_source	integral/Smith type	p3=0;p4_0=0;p4_1=0;p5_0=0;p5_1=0;p5_2=0;l3=0	UNKNOWN_HODGE	UNKNOWN_HODGE	complete_rational_source_type:50382c88964d4778f87d0bf2414792121f14c30d238ab95a33e3dc190b81f0e2	complete_rational_source_type:50382c88964d4778f87d0bf2414792121f14c30d238ab95a33e3dc190b81f0e2	complete_integral_source_type:10f364368e11852e7bb654f6ad39c006a42bafe95fab5534e7e0d74bda293daa || complete_integral_source_type:620a05879efe98b8778ce2f4b853e908871b56a409a6b7f5b9a64aa49b05a26b || complete_integral_source_type:655a2a5e32b2b653c0f6a76cd06b8065902d5566d17ba500a060fbe258707402 || complete_integral_source_type:ed76c182c46aba14c598e0c19b365dbaf9c0404af4ca7cd07698ec0c68ed20de	complete_integral_source_type:10f364368e11852e7bb654f6ad39c006a42bafe95fab5534e7e0d74bda293daa | complete_integral_source_type:620a05879efe98b8778ce2f4b853e908871b56a409a6b7f5b9a64aa49b05a26b | complete_integral_source_type:655a2a5e32b2b653c0f6a76cd06b8065902d5566d17ba500a060fbe258707402 | complete_integral_source_type:ed76c182c46aba14c598e0c19b365dbaf9c0404af4ca7cd07698ec0c68ed20de	complete_torsion_type:0cb40b53cefa09f41d101733dee2db5b1680bfe6e17a5ab6f4465709c7d84a4b || complete_torsion_type:c0c07c565d5157cf15ba5b3c08ccd4a76c64276174ef2fdd709c607bd2df356c || complete_torsion_type:dba4797e5326be7f4746301d5aa2a203778a01250a252c13fb375bcd493560b4 || complete_torsion_type:eb2714cbaa3aa1ef1fd9c7342004d2fcd119a6d8dd71ba75034d8c1e3014a57e	complete_torsion_type:0cb40b53cefa09f41d101733dee2db5b1680bfe6e17a5ab6f4465709c7d84a4b | complete_torsion_type:c0c07c565d5157cf15ba5b3c08ccd4a76c64276174ef2fdd709c607bd2df356c | complete_torsion_type:dba4797e5326be7f4746301d5aa2a203778a01250a252c13fb375bcd493560b4 | complete_torsion_type:eb2714cbaa3aa1ef1fd9c7342004d2fcd119a6d8dd71ba75034d8c1e3014a57e	complete_equivariant_source_type:38820c8c3ce7428be0641786208429ac5df80f9af9f7d44244c42d6abcb9cf43 || complete_equivariant_source_type:897b54473995f21bbe4412ec8dbf660fd5c8ece0bdc9d83ea103affca3212689 || complete_equivariant_source_type:bd06847e952db95938561eecf32a99c9fccaadf25237c1e6de440d43f7305787 || complete_equivariant_source_type:ce6d91a1345f40c4f3ce9f9c048f0f0368c97e258fd2787f7de52f94d61bc7ae	complete_equivariant_source_type:38820c8c3ce7428be0641786208429ac5df80f9af9f7d44244c42d6abcb9cf43 | complete_equivariant_source_type:897b54473995f21bbe4412ec8dbf660fd5c8ece0bdc9d83ea103affca3212689 | complete_equivariant_source_type:bd06847e952db95938561eecf32a99c9fccaadf25237c1e6de440d43f7305787 | complete_equivariant_source_type:ce6d91a1345f40c4f3ce9f9c048f0f0368c97e258fd2787f7de52f94d61bc7ae	CENSUS_LEVEL	"{""145"":""CENSUS_LEVEL"",""152"":""CENSUS_LEVEL"",""154"":""CENSUS_LEVEL"",""155"":""CENSUS_LEVEL""}"	research_outputs/hodgecy_ii/complete_fidelity_pairs_and_sets.tsv	"{""historical_census_schema"":""hodgecy_ii_complete_fidelity_census_historical.v1"",""historical_census_source"":""research_outputs/hodgecy_ii/complete_fidelity_pairs_and_sets.tsv"",""historical_set_id"":""C0010""}"	same rational source type but different integral/Smith type	REPRODUCED	"{""category"":""RATIONAL COLLAPSE / INTEGRAL SEPARATION"",""first_separating_level"":""integral_source"",""shared_levels"":[""rational_source""]}"	"{""category_reproduced"":true,""classification_source"":""historical_complete_fidelity_tsv_reingested_by_v1"",""first_separating_level_reproduced"":true,""member_validation_status"":{""145"":""CENSUS_LEVEL"",""152"":""CENSUS_LEVEL"",""154"":""CENSUS_LEVEL"",""155"":""CENSUS_LEVEL""},""membership_reproduced"":true,""shared_levels_reproduced"":true,""source_recomputation_scope"":""current_v1_reuses_frozen_historical_456_record_census; no fresh mining pass""}"	hodgecy_ii_complete_fidelity:C0010	fidelity_census_reconciled:C0010
C0011	146 | 147 | 148 | 156 | 157 | 158 | 159 | 160 | 161 | 162 | 163 | 164	146 / 147 / 148 / 156 / 157 / 158 / 159 / 160 / 161 / 162 / 163 / 164	12	larger_set	RATIONAL COLLAPSE / INTEGRAL SEPARATION	RATIONAL COLLAPSE / INTEGRAL SEPARATION	rational_source	integral_source	integral/Smith type	p3=0;p4_0=0;p4_1=0;p5_0=0;p5_1=0;p5_2=0;l3=0	UNKNOWN_HODGE	UNKNOWN_HODGE	complete_rational_source_type:3c37e14bd1820e986d9fe8bfb2aa9559624aeea3bae7ae06a92c612b17372a4c	complete_rational_source_type:3c37e14bd1820e986d9fe8bfb2aa9559624aeea3bae7ae06a92c612b17372a4c	complete_integral_source_type:000a983aa6e4c194f53dcc47a69a333062d3dca032cc1487ea1786d6b94f6d92 || complete_integral_source_type:0f8c2278e01bfed69f254dec197407c63b869b779335710d30844ce545b844da || complete_integral_source_type:5e7790e81b2912e155cb40cb635e2281e66d393e2dce1f8f4cdba0f189aa7766 || complete_integral_source_type:8a3cd197f7910b1b5e3e2d83a1d7ca0802772c8987b2392f4f1bf0076b0a5451 || complete_integral_source_type:93a6c01678a6644929275102a468cd559b64b8a50a366cc6bd6324712f3d15b3 || complete_integral_source_type:ed814aa20df62886e058d38d8565e1d87f28305452596d82e340dc5fff4fe4e0 || complete_integral_source_type:eeb34807d22b3967c9402a87291021c280b424c18b51a5bce9fba3d3e2bd7561 || complete_integral_source_type:f05df21fe15847d4ac6c6ad9349e550607723d69c0d8b00cdab4b36a1952c0d8 || complete_integral_source_type:f442bec898d30b773408f487f07470c83126c09c3688baa3e1358dc45c3bd8bc || complete_integral_source_type:fc9244b7e0d63bdffef5b08082161037016fb5e5f96e0f6c5150222159d1039c	complete_integral_source_type:000a983aa6e4c194f53dcc47a69a333062d3dca032cc1487ea1786d6b94f6d92 | complete_integral_source_type:0f8c2278e01bfed69f254dec197407c63b869b779335710d30844ce545b844da | complete_integral_source_type:5e7790e81b2912e155cb40cb635e2281e66d393e2dce1f8f4cdba0f189aa7766 | complete_integral_source_type:8a3cd197f7910b1b5e3e2d83a1d7ca0802772c8987b2392f4f1bf0076b0a5451 | complete_integral_source_type:93a6c01678a6644929275102a468cd559b64b8a50a366cc6bd6324712f3d15b3 | complete_integral_source_type:ed814aa20df62886e058d38d8565e1d87f28305452596d82e340dc5fff4fe4e0 | complete_integral_source_type:eeb34807d22b3967c9402a87291021c280b424c18b51a5bce9fba3d3e2bd7561 | complete_integral_source_type:f05df21fe15847d4ac6c6ad9349e550607723d69c0d8b00cdab4b36a1952c0d8 | complete_integral_source_type:f442bec898d30b773408f487f07470c83126c09c3688baa3e1358dc45c3bd8bc | complete_integral_source_type:fc9244b7e0d63bdffef5b08082161037016fb5e5f96e0f6c5150222159d1039c	complete_torsion_type:36f6b6461bd01435824c776c921e6b91e06dca8ef1b46039c237aefb6c272cd0 || complete_torsion_type:4362ae31c529541fcd5a0883ed350fe08dbd3113b21df30ed74574e37808e359 || complete_torsion_type:733b67bdb30f8314d060d66d29e14afaa30f2f472a4baba371c1e1b1f304055d || complete_torsion_type:7794bc375a9bb3b6c3a0f66c7f5417d5291128250b2d23292a323621db5c650d || complete_torsion_type:7a934099b3df0e29ca66111092b0443aae0205a1811b2d2ae3b66e5f04c95c6f || complete_torsion_type:81ec90af1384861e51c914ca24a4f72d635779378122545b7f9a984ef86c76d9 || complete_torsion_type:83607d586464243b7a1da0ffc2026355cb038dcecdeeee165b459db5a682e26d || complete_torsion_type:a392cd64460e3e99e1e364803504266f1fd65343b2a98c715f9b80f8ac0e4241 || complete_torsion_type:e4f19aeb0fce29d5785374a0f28d3c2017e8d1300e29b78dff116aa83555bf6c || complete_torsion_type:fb72c63ee90ac4d6d6c39e3a653678afb900432abb4893da27e51ac676a98fd2	complete_torsion_type:36f6b6461bd01435824c776c921e6b91e06dca8ef1b46039c237aefb6c272cd0 | complete_torsion_type:4362ae31c529541fcd5a0883ed350fe08dbd3113b21df30ed74574e37808e359 | complete_torsion_type:733b67bdb30f8314d060d66d29e14afaa30f2f472a4baba371c1e1b1f304055d | complete_torsion_type:7794bc375a9bb3b6c3a0f66c7f5417d5291128250b2d23292a323621db5c650d | complete_torsion_type:7a934099b3df0e29ca66111092b0443aae0205a1811b2d2ae3b66e5f04c95c6f | complete_torsion_type:81ec90af1384861e51c914ca24a4f72d635779378122545b7f9a984ef86c76d9 | complete_torsion_type:83607d586464243b7a1da0ffc2026355cb038dcecdeeee165b459db5a682e26d | complete_torsion_type:a392cd64460e3e99e1e364803504266f1fd65343b2a98c715f9b80f8ac0e4241 | complete_torsion_type:e4f19aeb0fce29d5785374a0f28d3c2017e8d1300e29b78dff116aa83555bf6c | complete_torsion_type:fb72c63ee90ac4d6d6c39e3a653678afb900432abb4893da27e51ac676a98fd2	complete_equivariant_source_type:2c027b22d88c09c835a7e999441093aa0861e0669bf847c6711d16f6334a1f3d || complete_equivariant_source_type:436964ad65a657f81c729811dc1d3822b6ae092301532e5e7af15727d604767e || complete_equivariant_source_type:43b899d9609fb581ff927540fdce25b147c1d331e6fca55ead7d283d189dc63c || complete_equivariant_source_type:5da431c058268c74f59c34c63e043be0d76152ef412af73b58b9f794e5b810a5 || complete_equivariant_source_type:856e1675b05e99f7d9069c1ce3ac1d524200f3ac6e1b41033018486055cb7d74 || complete_equivariant_source_type:8c0b04a1a6d19ca694c74d195a8e2381beefb2d9f595afcf238aff8f13af6518 || complete_equivariant_source_type:aa99ea80ee73d3cc5829be1f45fa8b4e0cfbfbb613395a10c412d7ecaec5d339 || complete_equivariant_source_type:bc0563b8d6c481278fa075ac892fc545cef893bcea4d5fae64799a0926f00c1e || complete_equivariant_source_type:ecffeab764920904dcddf95427b59c8d8865772e6ed1a52cbf200ed812905707 || complete_equivariant_source_type:edea01f4efaf4a7cda32c403acb9bc91ff3a3ba8b2a54767be04d87359e446c1 || complete_equivariant_source_type:f06c278965374887de37f9a036ad93ac07d1cb5cd0c3285d2443937ccdd428ef	complete_equivariant_source_type:2c027b22d88c09c835a7e999441093aa0861e0669bf847c6711d16f6334a1f3d | complete_equivariant_source_type:436964ad65a657f81c729811dc1d3822b6ae092301532e5e7af15727d604767e | complete_equivariant_source_type:43b899d9609fb581ff927540fdce25b147c1d331e6fca55ead7d283d189dc63c | complete_equivariant_source_type:5da431c058268c74f59c34c63e043be0d76152ef412af73b58b9f794e5b810a5 | complete_equivariant_source_type:856e1675b05e99f7d9069c1ce3ac1d524200f3ac6e1b41033018486055cb7d74 | complete_equivariant_source_type:8c0b04a1a6d19ca694c74d195a8e2381beefb2d9f595afcf238aff8f13af6518 | complete_equivariant_source_type:aa99ea80ee73d3cc5829be1f45fa8b4e0cfbfbb613395a10c412d7ecaec5d339 | complete_equivariant_source_type:bc0563b8d6c481278fa075ac892fc545cef893bcea4d5fae64799a0926f00c1e | complete_equivariant_source_type:ecffeab764920904dcddf95427b59c8d8865772e6ed1a52cbf200ed812905707 | complete_equivariant_source_type:edea01f4efaf4a7cda32c403acb9bc91ff3a3ba8b2a54767be04d87359e446c1 | complete_equivariant_source_type:f06c278965374887de37f9a036ad93ac07d1cb5cd0c3285d2443937ccdd428ef	CENSUS_LEVEL	"{""146"":""CENSUS_LEVEL"",""147"":""CENSUS_LEVEL"",""148"":""CENSUS_LEVEL"",""156"":""CENSUS_LEVEL"",""157"":""CENSUS_LEVEL"",""158"":""CENSUS_LEVEL"",""159"":""CENSUS_LEVEL"",""160"":""CENSUS_LEVEL"",""161"":""CENSUS_LEVEL"",""162"":""CENSUS_LEVEL"",""163"":""CENSUS_LEVEL"",""164"":""CENSUS_LEVEL""}"	research_outputs/hodgecy_ii/complete_fidelity_pairs_and_sets.tsv	"{""historical_census_schema"":""hodgecy_ii_complete_fidelity_census_historical.v1"",""historical_census_source"":""research_outputs/hodgecy_ii/complete_fidelity_pairs_and_sets.tsv"",""historical_set_id"":""C0011""}"	same rational source type but different integral/Smith type	REPRODUCED	"{""category"":""RATIONAL COLLAPSE / INTEGRAL SEPARATION"",""first_separating_level"":""integral_source"",""shared_levels"":[""rational_source""]}"	"{""category_reproduced"":true,""classification_source"":""historical_complete_fidelity_tsv_reingested_by_v1"",""first_separating_level_reproduced"":true,""member_validation_status"":{""146"":""CENSUS_LEVEL"",""147"":""CENSUS_LEVEL"",""148"":""CENSUS_LEVEL"",""156"":""CENSUS_LEVEL"",""157"":""CENSUS_LEVEL"",""158"":""CENSUS_LEVEL"",""159"":""CENSUS_LEVEL"",""160"":""CENSUS_LEVEL"",""161"":""CENSUS_LEVEL"",""162"":""CENSUS_LEVEL"",""163"":""CENSUS_LEVEL"",""164"":""CENSUS_LEVEL""},""membership_reproduced"":true,""shared_levels_reproduced"":true,""source_recomputation_scope"":""current_v1_reuses_frozen_historical_456_record_census; no fresh mining pass""}"	hodgecy_ii_complete_fidelity:C0011	fidelity_census_reconciled:C0011
C0012	149 | 165 | 166 | 167 | 168 | 169 | 170 | 171 | 172 | 173 | 174 | 175 | 176	149 / 165 / 166 / 167 / 168 / 169 / 170 / 171 / 172 / 173 / 174 / 175 / 176	13	larger_set	RATIONAL COLLAPSE / INTEGRAL SEPARATION	RATIONAL COLLAPSE / INTEGRAL SEPARATION	rational_source	integral_source	integral/Smith type	p3=0;p4_0=0;p4_1=0;p5_0=0;p5_1=0;p5_2=0;l3=0	UNKNOWN_HODGE	UNKNOWN_HODGE	complete_rational_source_type:0b82234dfd7ea43e6b21de680a78976a05bbade203719e2d0b6114a82a798fc8	complete_rational_source_type:0b82234dfd7ea43e6b21de680a78976a05bbade203719e2d0b6114a82a798fc8	complete_integral_source_type:16c6dd97c5866ec8c84de949d1bb15f8c0e127dddcc44bbcf82b757b5044b62e || complete_integral_source_type:55c877842b58f1b47394b3a27b06368b1f3015755c6b0489b20145ef6d831a34 || complete_integral_source_type:7be83b6a003f9604ad009352f05ac011c2b73cfb30056ecd7bc692c286d48af7 || complete_integral_source_type:7de2eedfd341d8b3ec5d15f578de1350391b204e2e070abec780121289065951 || complete_integral_source_type:81b8a97eb460c586b8eb4523b65286b0da981c2254e7cfd8216ec0461e713206 || complete_integral_source_type:a9928016a817a253535ded30102bef6cc6535d25d324583b23f0afb04e4b1e55 || complete_integral_source_type:ef670328f6740ab73cd247eb7848c4e6cd03dfeb8a476ee454d969c8a4548149	complete_integral_source_type:16c6dd97c5866ec8c84de949d1bb15f8c0e127dddcc44bbcf82b757b5044b62e | complete_integral_source_type:55c877842b58f1b47394b3a27b06368b1f3015755c6b0489b20145ef6d831a34 | complete_integral_source_type:7be83b6a003f9604ad009352f05ac011c2b73cfb30056ecd7bc692c286d48af7 | complete_integral_source_type:7de2eedfd341d8b3ec5d15f578de1350391b204e2e070abec780121289065951 | complete_integral_source_type:81b8a97eb460c586b8eb4523b65286b0da981c2254e7cfd8216ec0461e713206 | complete_integral_source_type:a9928016a817a253535ded30102bef6cc6535d25d324583b23f0afb04e4b1e55 | complete_integral_source_type:ef670328f6740ab73cd247eb7848c4e6cd03dfeb8a476ee454d969c8a4548149	complete_torsion_type:2a803bb7328bc91f1a629db108cd9cdb10db7a1e0d6404050d4df627c8c6b3b9 || complete_torsion_type:3a5189342f6e51bab111f7b86f22aed92d63221f1ef3071c53d3f966dc8986f6 || complete_torsion_type:4362ae31c529541fcd5a0883ed350fe08dbd3113b21df30ed74574e37808e359 || complete_torsion_type:718eb59c3afb0bc4d6c1f8db5518bab8b4694f3f3fcc01bd60ce8f3270330187 || complete_torsion_type:d8c3501dc35a786f9bca813503135d6a1b7d8cf33fefe978f926d3f5ead2a75d || complete_torsion_type:e4f19aeb0fce29d5785374a0f28d3c2017e8d1300e29b78dff116aa83555bf6c || complete_torsion_type:eb2714cbaa3aa1ef1fd9c7342004d2fcd119a6d8dd71ba75034d8c1e3014a57e	complete_torsion_type:2a803bb7328bc91f1a629db108cd9cdb10db7a1e0d6404050d4df627c8c6b3b9 | complete_torsion_type:3a5189342f6e51bab111f7b86f22aed92d63221f1ef3071c53d3f966dc8986f6 | complete_torsion_type:4362ae31c529541fcd5a0883ed350fe08dbd3113b21df30ed74574e37808e359 | complete_torsion_type:718eb59c3afb0bc4d6c1f8db5518bab8b4694f3f3fcc01bd60ce8f3270330187 | complete_torsion_type:d8c3501dc35a786f9bca813503135d6a1b7d8cf33fefe978f926d3f5ead2a75d | complete_torsion_type:e4f19aeb0fce29d5785374a0f28d3c2017e8d1300e29b78dff116aa83555bf6c | complete_torsion_type:eb2714cbaa3aa1ef1fd9c7342004d2fcd119a6d8dd71ba75034d8c1e3014a57e	complete_equivariant_source_type:1317152eefd59df7cd7b72ad62c5b091dd3104da3d192a77cc539e3dd24c2108 || complete_equivariant_source_type:3507db62d1e49f47b8f791f8d44fb23500bc77bc82314e1ea45489a488142414 || complete_equivariant_source_type:35cb8fa89fd5d0b5ef7156c61da0a55781239c0941fabf8c0443307feaa622a5 || complete_equivariant_source_type:568bb1b0fa0aa683e0a6ddf6c4dd8e9a630cfc1ea20f8a4767151c88b5dd20b4 || complete_equivariant_source_type:6bf4d44d5ff8622d7f6038ebba83dc82e82e318d302fb0d1ff032c0e45518187 || complete_equivariant_source_type:79b7358c316af4cfa135b4e48ad03d30d5c5b3668363fc6ad3f95ec87da4dc9c || complete_equivariant_source_type:b108401e89196f7796b0e983e70f837f20697bccf9be3a5698110f38c7ae5abe || complete_equivariant_source_type:b77addfe83ee28e2c95f2613e7e3840cfe5a057c2f80f4fbb4f7b0b0499ff972 || complete_equivariant_source_type:b8570e592329615888e5995aa69bffcf641ed97fd8a06e754c96fe6528dd30a6 || complete_equivariant_source_type:c4da319fce244a3ec8ce77c23bdfe8b003371267aa43c085c91fd972899ab03e || complete_equivariant_source_type:e50cebe3889652827257f1e28ebc6aff9a16a33a79283f6831ffd6762e9c0574	complete_equivariant_source_type:1317152eefd59df7cd7b72ad62c5b091dd3104da3d192a77cc539e3dd24c2108 | complete_equivariant_source_type:3507db62d1e49f47b8f791f8d44fb23500bc77bc82314e1ea45489a488142414 | complete_equivariant_source_type:35cb8fa89fd5d0b5ef7156c61da0a55781239c0941fabf8c0443307feaa622a5 | complete_equivariant_source_type:568bb1b0fa0aa683e0a6ddf6c4dd8e9a630cfc1ea20f8a4767151c88b5dd20b4 | complete_equivariant_source_type:6bf4d44d5ff8622d7f6038ebba83dc82e82e318d302fb0d1ff032c0e45518187 | complete_equivariant_source_type:79b7358c316af4cfa135b4e48ad03d30d5c5b3668363fc6ad3f95ec87da4dc9c | complete_equivariant_source_type:b108401e89196f7796b0e983e70f837f20697bccf9be3a5698110f38c7ae5abe | complete_equivariant_source_type:b77addfe83ee28e2c95f2613e7e3840cfe5a057c2f80f4fbb4f7b0b0499ff972 | complete_equivariant_source_type:b8570e592329615888e5995aa69bffcf641ed97fd8a06e754c96fe6528dd30a6 | complete_equivariant_source_type:c4da319fce244a3ec8ce77c23bdfe8b003371267aa43c085c91fd972899ab03e | complete_equivariant_source_type:e50cebe3889652827257f1e28ebc6aff9a16a33a79283f6831ffd6762e9c0574	CENSUS_LEVEL	"{""149"":""CENSUS_LEVEL"",""165"":""CENSUS_LEVEL"",""166"":""CENSUS_LEVEL"",""167"":""CENSUS_LEVEL"",""168"":""CENSUS_LEVEL"",""169"":""CENSUS_LEVEL"",""170"":""CENSUS_LEVEL"",""171"":""CENSUS_LEVEL"",""172"":""CENSUS_LEVEL"",""173"":""CENSUS_LEVEL"",""174"":""CENSUS_LEVEL"",""175"":""CENSUS_LEVEL"",""176"":""CENSUS_LEVEL""}"	research_outputs/hodgecy_ii/complete_fidelity_pairs_and_sets.tsv	"{""historical_census_schema"":""hodgecy_ii_complete_fidelity_census_historical.v1"",""historical_census_source"":""research_outputs/hodgecy_ii/complete_fidelity_pairs_and_sets.tsv"",""historical_set_id"":""C0012""}"	same rational source type but different integral/Smith type	REPRODUCED	"{""category"":""RATIONAL COLLAPSE / INTEGRAL SEPARATION"",""first_separating_level"":""integral_source"",""shared_levels"":[""rational_source""]}"	"{""category_reproduced"":true,""classification_source"":""historical_complete_fidelity_tsv_reingested_by_v1"",""first_separating_level_reproduced"":true,""member_validation_status"":{""149"":""CENSUS_LEVEL"",""165"":""CENSUS_LEVEL"",""166"":""CENSUS_LEVEL"",""167"":""CENSUS_LEVEL"",""168"":""CENSUS_LEVEL"",""169"":""CENSUS_LEVEL"",""170"":""CENSUS_LEVEL"",""171"":""CENSUS_LEVEL"",""172"":""CENSUS_LEVEL"",""173"":""CENSUS_LEVEL"",""174"":""CENSUS_LEVEL"",""175"":""CENSUS_LEVEL"",""176"":""CENSUS_LEVEL""},""membership_reproduced"":true,""shared_levels_reproduced"":true,""source_recomputation_scope"":""current_v1_reuses_frozen_historical_456_record_census; no fresh mining pass""}"	hodgecy_ii_complete_fidelity:C0012	fidelity_census_reconciled:C0012
C0013	150 | 151 | 177 | 178 | 179 | 180 | 181 | 182 | 183 | 184 | 185	150 / 151 / 177 / 178 / 179 / 180 / 181 / 182 / 183 / 184 / 185	11	larger_set	RATIONAL COLLAPSE / INTEGRAL SEPARATION	RATIONAL COLLAPSE / INTEGRAL SEPARATION	rational_source	integral_source	integral/Smith type	p3=0;p4_0=0;p4_1=0;p5_0=0;p5_1=0;p5_2=0;l3=0	UNKNOWN_HODGE	UNKNOWN_HODGE	complete_rational_source_type:a3dca9792766a0079849ea9fb993dfa44cd616bcb7f2389ca6e53ba01ee1231a	complete_rational_source_type:a3dca9792766a0079849ea9fb993dfa44cd616bcb7f2389ca6e53ba01ee1231a	complete_integral_source_type:244a0a46b685989939d30ffd9566faed334bfcc9254f086cab1759d2894ac067 || complete_integral_source_type:9b3b3b8d27e8f17bc06fd136aa0f2f1f648d010d52b6d76643b9e6a4779cf27f || complete_integral_source_type:9b7fe694978f7cbc78da44cbd98b5d2da75cd9a63549f45d91b9495b06a2698a || complete_integral_source_type:c58ee49910c49a700f954c82ef69e4b0f197e174e45dd17dda8f8b0df64dd793 || complete_integral_source_type:ddbdcc2027dfc5e55f9afb9d4395c978831bff21838ee64e16f5c2ab94a956bb	complete_integral_source_type:244a0a46b685989939d30ffd9566faed334bfcc9254f086cab1759d2894ac067 | complete_integral_source_type:9b3b3b8d27e8f17bc06fd136aa0f2f1f648d010d52b6d76643b9e6a4779cf27f | complete_integral_source_type:9b7fe694978f7cbc78da44cbd98b5d2da75cd9a63549f45d91b9495b06a2698a | complete_integral_source_type:c58ee49910c49a700f954c82ef69e4b0f197e174e45dd17dda8f8b0df64dd793 | complete_integral_source_type:ddbdcc2027dfc5e55f9afb9d4395c978831bff21838ee64e16f5c2ab94a956bb	complete_torsion_type:2491be96f3ef1259ab433dc49bf1cae37a672ed9d780f3feb58ca30798c79bb7 || complete_torsion_type:3a5189342f6e51bab111f7b86f22aed92d63221f1ef3071c53d3f966dc8986f6 || complete_torsion_type:4362ae31c529541fcd5a0883ed350fe08dbd3113b21df30ed74574e37808e359 || complete_torsion_type:45dde3243c2d6fcefe746b22b43e9e13b2116896a545a8e32311542d0a433b33 || complete_torsion_type:a6f56afbcc6d00cfbca88eeaf1a90cf29c648d5b3759b01091d45a540b9052df	complete_torsion_type:2491be96f3ef1259ab433dc49bf1cae37a672ed9d780f3feb58ca30798c79bb7 | complete_torsion_type:3a5189342f6e51bab111f7b86f22aed92d63221f1ef3071c53d3f966dc8986f6 | complete_torsion_type:4362ae31c529541fcd5a0883ed350fe08dbd3113b21df30ed74574e37808e359 | complete_torsion_type:45dde3243c2d6fcefe746b22b43e9e13b2116896a545a8e32311542d0a433b33 | complete_torsion_type:a6f56afbcc6d00cfbca88eeaf1a90cf29c648d5b3759b01091d45a540b9052df	complete_equivariant_source_type:2aa71a19bee64fc62f6b7bd3037978cd858bf8f3df5b136d5d4a43fc93b6506d || complete_equivariant_source_type:3a94bb1c9bbb8be50d19b27947bb63b634bb553796838cfb2646e1f0873486bd || complete_equivariant_source_type:3dec87dfcaadaa051d474781844a2d6619faf2acd925f335df3531ce43da691d || complete_equivariant_source_type:565f50cff979f6a11f452af2b2471e3218100e29d33107230b7ca58ecdc5ec8f || complete_equivariant_source_type:7fb8ba10e48bc1b43fc363e3045706148e512052ed15ed1966c9bf20d7b691ca || complete_equivariant_source_type:85cf5bd7fb33014d8d646c5f1d3812ab73f0b97b1461d988e0c8160a40b9e09d || complete_equivariant_source_type:952a89fb5e28df1c6f84aba9303319603c68afd3453a9d21895ee09ef0fc7361 || complete_equivariant_source_type:96d1037114bbd595b4ddfb935fc661ea5d5f879fad003bbf2d5e285769dd82d0 || complete_equivariant_source_type:9aefcbf35074c71643ef5ae941d363c6fbb8dc531f2d0723dd8cc04ff950cb53 || complete_equivariant_source_type:a33675d01c360c4cd57f6cb257b524b98238d40457f347029ed0d317239f0c25 || complete_equivariant_source_type:d59c58f01602369269bde084b8f8e0ad1c5156c7ce1b09c2428b85af3a26620b	complete_equivariant_source_type:2aa71a19bee64fc62f6b7bd3037978cd858bf8f3df5b136d5d4a43fc93b6506d | complete_equivariant_source_type:3a94bb1c9bbb8be50d19b27947bb63b634bb553796838cfb2646e1f0873486bd | complete_equivariant_source_type:3dec87dfcaadaa051d474781844a2d6619faf2acd925f335df3531ce43da691d | complete_equivariant_source_type:565f50cff979f6a11f452af2b2471e3218100e29d33107230b7ca58ecdc5ec8f | complete_equivariant_source_type:7fb8ba10e48bc1b43fc363e3045706148e512052ed15ed1966c9bf20d7b691ca | complete_equivariant_source_type:85cf5bd7fb33014d8d646c5f1d3812ab73f0b97b1461d988e0c8160a40b9e09d | complete_equivariant_source_type:952a89fb5e28df1c6f84aba9303319603c68afd3453a9d21895ee09ef0fc7361 | complete_equivariant_source_type:96d1037114bbd595b4ddfb935fc661ea5d5f879fad003bbf2d5e285769dd82d0 | complete_equivariant_source_type:9aefcbf35074c71643ef5ae941d363c6fbb8dc531f2d0723dd8cc04ff950cb53 | complete_equivariant_source_type:a33675d01c360c4cd57f6cb257b524b98238d40457f347029ed0d317239f0c25 | complete_equivariant_source_type:d59c58f01602369269bde084b8f8e0ad1c5156c7ce1b09c2428b85af3a26620b	CENSUS_LEVEL	"{""150"":""CENSUS_LEVEL"",""151"":""CENSUS_LEVEL"",""177"":""CENSUS_LEVEL"",""178"":""CENSUS_LEVEL"",""179"":""CENSUS_LEVEL"",""180"":""CENSUS_LEVEL"",""181"":""CENSUS_LEVEL"",""182"":""CENSUS_LEVEL"",""183"":""CENSUS_LEVEL"",""184"":""CENSUS_LEVEL"",""185"":""CENSUS_LEVEL""}"	research_outputs/hodgecy_ii/complete_fidelity_pairs_and_sets.tsv	"{""historical_census_schema"":""hodgecy_ii_complete_fidelity_census_historical.v1"",""historical_census_source"":""research_outputs/hodgecy_ii/complete_fidelity_pairs_and_sets.tsv"",""historical_set_id"":""C0013""}"	same rational source type but different integral/Smith type	REPRODUCED	"{""category"":""RATIONAL COLLAPSE / INTEGRAL SEPARATION"",""first_separating_level"":""integral_source"",""shared_levels"":[""rational_source""]}"	"{""category_reproduced"":true,""classification_source"":""historical_complete_fidelity_tsv_reingested_by_v1"",""first_separating_level_reproduced"":true,""member_validation_status"":{""150"":""CENSUS_LEVEL"",""151"":""CENSUS_LEVEL"",""177"":""CENSUS_LEVEL"",""178"":""CENSUS_LEVEL"",""179"":""CENSUS_LEVEL"",""180"":""CENSUS_LEVEL"",""181"":""CENSUS_LEVEL"",""182"":""CENSUS_LEVEL"",""183"":""CENSUS_LEVEL"",""184"":""CENSUS_LEVEL"",""185"":""CENSUS_LEVEL""},""membership_reproduced"":true,""shared_levels_reproduced"":true,""source_recomputation_scope"":""current_v1_reuses_frozen_historical_456_record_census; no fresh mining pass""}"	hodgecy_ii_complete_fidelity:C0013	fidelity_census_reconciled:C0013
C0014	186 | 187 | 188 | 189	186 / 187 / 188 / 189	4	larger_set	RATIONAL COLLAPSE / INTEGRAL SEPARATION	RATIONAL COLLAPSE / INTEGRAL SEPARATION	rational_source	integral_source	integral/Smith type	p3=0;p4_0=0;p4_1=0;p5_0=0;p5_1=0;p5_2=0;l3=0	UNKNOWN_HODGE	UNKNOWN_HODGE	complete_rational_source_type:7809209565ca944cf4b1746f11a45656d98993625436402b0e7bb9142aa3a50f	complete_rational_source_type:7809209565ca944cf4b1746f11a45656d98993625436402b0e7bb9142aa3a50f	complete_integral_source_type:14386ad4616055a03e3b15c4f1a60e76480c4c90be9875702c17493b957ed726 || complete_integral_source_type:197fafee277ae4251601265dfd4a12e96d0dcb622a2f0722860e6b342dfe32c4 || complete_integral_source_type:837e973c7ad261076cabe7c394cc5eeb339aacd24d769e56b0f47083b125861c	complete_integral_source_type:14386ad4616055a03e3b15c4f1a60e76480c4c90be9875702c17493b957ed726 | complete_integral_source_type:197fafee277ae4251601265dfd4a12e96d0dcb622a2f0722860e6b342dfe32c4 | complete_integral_source_type:837e973c7ad261076cabe7c394cc5eeb339aacd24d769e56b0f47083b125861c	complete_torsion_type:3a5189342f6e51bab111f7b86f22aed92d63221f1ef3071c53d3f966dc8986f6 || complete_torsion_type:4362ae31c529541fcd5a0883ed350fe08dbd3113b21df30ed74574e37808e359 || complete_torsion_type:ed86ce2c369fe8599fe149e1841614bcae93901d7d040fca84cfad4825f75070	complete_torsion_type:3a5189342f6e51bab111f7b86f22aed92d63221f1ef3071c53d3f966dc8986f6 | complete_torsion_type:4362ae31c529541fcd5a0883ed350fe08dbd3113b21df30ed74574e37808e359 | complete_torsion_type:ed86ce2c369fe8599fe149e1841614bcae93901d7d040fca84cfad4825f75070	complete_equivariant_source_type:2ef327a6b5780cf62d0afadf57a488ec9b9645c2e2b8b9fb871f6b252817201d || complete_equivariant_source_type:80092ab751ede68e9c6ad9ae3a6eaa5e729221d794fdb1bc0755d797317431b3 || complete_equivariant_source_type:b3b4c3a428c4c6315c055e61c411935e53d62435f44a228c7a7ed39a7182907b || complete_equivariant_source_type:feccb2e7446c4b9de50bd2b0f8cc0406ab661f3320c61755f462eeca5c1a4481	complete_equivariant_source_type:2ef327a6b5780cf62d0afadf57a488ec9b9645c2e2b8b9fb871f6b252817201d | complete_equivariant_source_type:80092ab751ede68e9c6ad9ae3a6eaa5e729221d794fdb1bc0755d797317431b3 | complete_equivariant_source_type:b3b4c3a428c4c6315c055e61c411935e53d62435f44a228c7a7ed39a7182907b | complete_equivariant_source_type:feccb2e7446c4b9de50bd2b0f8cc0406ab661f3320c61755f462eeca5c1a4481	CENSUS_LEVEL	"{""186"":""CENSUS_LEVEL"",""187"":""CENSUS_LEVEL"",""188"":""CENSUS_LEVEL"",""189"":""CENSUS_LEVEL""}"	research_outputs/hodgecy_ii/complete_fidelity_pairs_and_sets.tsv	"{""historical_census_schema"":""hodgecy_ii_complete_fidelity_census_historical.v1"",""historical_census_source"":""research_outputs/hodgecy_ii/complete_fidelity_pairs_and_sets.tsv"",""historical_set_id"":""C0014""}"	same rational source type but different integral/Smith type	REPRODUCED	"{""category"":""RATIONAL COLLAPSE / INTEGRAL SEPARATION"",""first_separating_level"":""integral_source"",""shared_levels"":[""rational_source""]}"	"{""category_reproduced"":true,""classification_source"":""historical_complete_fidelity_tsv_reingested_by_v1"",""first_separating_level_reproduced"":true,""member_validation_status"":{""186"":""CENSUS_LEVEL"",""187"":""CENSUS_LEVEL"",""188"":""CENSUS_LEVEL"",""189"":""CENSUS_LEVEL""},""membership_reproduced"":true,""shared_levels_reproduced"":true,""source_recomputation_scope"":""current_v1_reuses_frozen_historical_456_record_census; no fresh mining pass""}"	hodgecy_ii_complete_fidelity:C0014	fidelity_census_reconciled:C0014
C0015	190 | 191	190 / 191	2	pair	RATIONAL COLLAPSE / INTEGRAL SEPARATION	RATIONAL COLLAPSE / INTEGRAL SEPARATION	rational_source	integral_source	integral/Smith type	p3=0;p4_0=0;p4_1=0;p5_0=0;p5_1=0;p5_2=0;l3=0	UNKNOWN_HODGE	UNKNOWN_HODGE	complete_rational_source_type:2b9e1829c76b224232838b69c090e4e59f989d8a4fdffb31f25a7b63976c600f	complete_rational_source_type:2b9e1829c76b224232838b69c090e4e59f989d8a4fdffb31f25a7b63976c600f	complete_integral_source_type:4aa8effde78da1cb1ec1040feb9bef0aa7c6814a90c33528990429ea0dbd4d52 || complete_integral_source_type:9683565d9006b8548519c841058dfdc29e3e0b9ed8944b328601bcff39bc82e4	complete_integral_source_type:4aa8effde78da1cb1ec1040feb9bef0aa7c6814a90c33528990429ea0dbd4d52 | complete_integral_source_type:9683565d9006b8548519c841058dfdc29e3e0b9ed8944b328601bcff39bc82e4	complete_torsion_type:3a5189342f6e51bab111f7b86f22aed92d63221f1ef3071c53d3f966dc8986f6 || complete_torsion_type:ed86ce2c369fe8599fe149e1841614bcae93901d7d040fca84cfad4825f75070	complete_torsion_type:3a5189342f6e51bab111f7b86f22aed92d63221f1ef3071c53d3f966dc8986f6 | complete_torsion_type:ed86ce2c369fe8599fe149e1841614bcae93901d7d040fca84cfad4825f75070	complete_equivariant_source_type:5635c5272f7c2fb4b0b134e38c83a3ef915bcba03f0b2c0da5261e459e0d5775 || complete_equivariant_source_type:6bbba2689bc6d035c52cada7a0bbe64868ab82ea0120a4848ed2db975247826e	complete_equivariant_source_type:5635c5272f7c2fb4b0b134e38c83a3ef915bcba03f0b2c0da5261e459e0d5775 | complete_equivariant_source_type:6bbba2689bc6d035c52cada7a0bbe64868ab82ea0120a4848ed2db975247826e	CENSUS_LEVEL	"{""190"":""CENSUS_LEVEL"",""191"":""CENSUS_LEVEL""}"	research_outputs/hodgecy_ii/complete_fidelity_pairs_and_sets.tsv	"{""historical_census_schema"":""hodgecy_ii_complete_fidelity_census_historical.v1"",""historical_census_source"":""research_outputs/hodgecy_ii/complete_fidelity_pairs_and_sets.tsv"",""historical_set_id"":""C0015""}"	same rational source type but different integral/Smith type	REPRODUCED	"{""category"":""RATIONAL COLLAPSE / INTEGRAL SEPARATION"",""first_separating_level"":""integral_source"",""shared_levels"":[""rational_source""]}"	"{""category_reproduced"":true,""classification_source"":""historical_complete_fidelity_tsv_reingested_by_v1"",""first_separating_level_reproduced"":true,""member_validation_status"":{""190"":""CENSUS_LEVEL"",""191"":""CENSUS_LEVEL""},""membership_reproduced"":true,""shared_levels_reproduced"":true,""source_recomputation_scope"":""current_v1_reuses_frozen_historical_456_record_census; no fresh mining pass""}"	hodgecy_ii_complete_fidelity:C0015	fidelity_census_reconciled:C0015
C0016	194 | 263	194 / 263	2	pair	RATIONAL COLLAPSE / INTEGRAL SEPARATION	RATIONAL COLLAPSE / INTEGRAL SEPARATION	rational_source	integral_source	integral/Smith type	p3=0;p4_0=0;p4_1=0;p5_0=0;p5_1=0;p5_2=0;l3=0	UNKNOWN_HODGE	UNKNOWN_HODGE	complete_rational_source_type:530478b352c9a12bfc1d41a15fcf4409d833a1139b3581b4c78845f050869152	complete_rational_source_type:530478b352c9a12bfc1d41a15fcf4409d833a1139b3581b4c78845f050869152	complete_integral_source_type:b87af5ee50414c926bdf71302e6d830d1fc3b22d1a4b230ed71951d79b684e04 || complete_integral_source_type:eb52b335c870b0fd2cf303274831324f96b58fd6424d43ff7d8f54d31be89c91	complete_integral_source_type:b87af5ee50414c926bdf71302e6d830d1fc3b22d1a4b230ed71951d79b684e04 | complete_integral_source_type:eb52b335c870b0fd2cf303274831324f96b58fd6424d43ff7d8f54d31be89c91	complete_torsion_type:a9d9ac9be51e6829e007864ff6edd38ceabc919a2787b7d3b7ddec57b482a6c3 || complete_torsion_type:f0cb62af43e5df6e5ad9ef241673be7401c63718dc1bd767bc1e384c14ed7b0e	complete_torsion_type:a9d9ac9be51e6829e007864ff6edd38ceabc919a2787b7d3b7ddec57b482a6c3 | complete_torsion_type:f0cb62af43e5df6e5ad9ef241673be7401c63718dc1bd767bc1e384c14ed7b0e	complete_equivariant_source_type:374ddc8c9c4b45f8c32e667ca8fe09726aa6e1c912b057e2b499de5d868a0dc8 || complete_equivariant_source_type:d0f112400a7640db98022db63f91aaa3a53ac4d80ddf6a23abf14e8a61044bf3	complete_equivariant_source_type:374ddc8c9c4b45f8c32e667ca8fe09726aa6e1c912b057e2b499de5d868a0dc8 | complete_equivariant_source_type:d0f112400a7640db98022db63f91aaa3a53ac4d80ddf6a23abf14e8a61044bf3	CENSUS_LEVEL	"{""194"":""CENSUS_LEVEL"",""263"":""CENSUS_LEVEL""}"	research_outputs/hodgecy_ii/complete_fidelity_pairs_and_sets.tsv	"{""historical_census_schema"":""hodgecy_ii_complete_fidelity_census_historical.v1"",""historical_census_source"":""research_outputs/hodgecy_ii/complete_fidelity_pairs_and_sets.tsv"",""historical_set_id"":""C0016""}"	same rational source type but different integral/Smith type	REPRODUCED	"{""category"":""RATIONAL COLLAPSE / INTEGRAL SEPARATION"",""first_separating_level"":""integral_source"",""shared_levels"":[""rational_source""]}"	"{""category_reproduced"":true,""classification_source"":""historical_complete_fidelity_tsv_reingested_by_v1"",""first_separating_level_reproduced"":true,""member_validation_status"":{""194"":""CENSUS_LEVEL"",""263"":""CENSUS_LEVEL""},""membership_reproduced"":true,""shared_levels_reproduced"":true,""source_recomputation_scope"":""current_v1_reuses_frozen_historical_456_record_census; no fresh mining pass""}"	hodgecy_ii_complete_fidelity:C0016	fidelity_census_reconciled:C0016
C0017	197 | 198 | 200 | 243 | 244	197 / 198 / 200 / 243 / 244	5	larger_set	RATIONAL COLLAPSE / INTEGRAL SEPARATION	RATIONAL COLLAPSE / INTEGRAL SEPARATION	rational_source	integral_source	integral/Smith type	p3=0;p4_0=0;p4_1=0;p5_0=0;p5_1=0;p5_2=0;l3=0	UNKNOWN_HODGE	UNKNOWN_HODGE	complete_rational_source_type:66f0fef3ad6b1ed578c2a5fbb00ecfd6e970f1245b4384606d3fe89c4406cc12	complete_rational_source_type:66f0fef3ad6b1ed578c2a5fbb00ecfd6e970f1245b4384606d3fe89c4406cc12	complete_integral_source_type:5a7dcc9752886215c7a7af36fe46440fa7f9ec2666e1ad6a831e1b6b127bb53f || complete_integral_source_type:91d72b05c2a5592b1fce35219b43fa14f5cf882244e43532ea36de4d144e6efa || complete_integral_source_type:b0db5d4007dcff479ce2657db0e6ee4c1b4b5d326891827d52fa46f9fb85f8b4 || complete_integral_source_type:c940ea0f67c5e442318254bd0a0bc5c359d6171bd5a020d35cd98eb50dfc9551 || complete_integral_source_type:da8231ea5d45d71b970f232b095a3d688fc5bb4e49d66ce5a5ce132d4d10b727	complete_integral_source_type:5a7dcc9752886215c7a7af36fe46440fa7f9ec2666e1ad6a831e1b6b127bb53f | complete_integral_source_type:91d72b05c2a5592b1fce35219b43fa14f5cf882244e43532ea36de4d144e6efa | complete_integral_source_type:b0db5d4007dcff479ce2657db0e6ee4c1b4b5d326891827d52fa46f9fb85f8b4 | complete_integral_source_type:c940ea0f67c5e442318254bd0a0bc5c359d6171bd5a020d35cd98eb50dfc9551 | complete_integral_source_type:da8231ea5d45d71b970f232b095a3d688fc5bb4e49d66ce5a5ce132d4d10b727	complete_torsion_type:0302d2ab8fcc792b5b5145f9eaca8b5c140f45f808cfe03168581f975244a8fc || complete_torsion_type:4cc4f0826c667c3a4863954d065de2bfb6b875a1451cd33256828bbdb27b1567 || complete_torsion_type:90a2c8446493adfb6a84d30a913592baf84c24b3264492aaf03d096b9719e7fe || complete_torsion_type:93f926d78beb5515b01195bfd69f1e5f235dd930b017816d62e70256f86e304f || complete_torsion_type:d89bbc9289d5c6f883c4b22e1812e34b257d8f88a142ebe1438ef6fcd474fb8d	complete_torsion_type:0302d2ab8fcc792b5b5145f9eaca8b5c140f45f808cfe03168581f975244a8fc | complete_torsion_type:4cc4f0826c667c3a4863954d065de2bfb6b875a1451cd33256828bbdb27b1567 | complete_torsion_type:90a2c8446493adfb6a84d30a913592baf84c24b3264492aaf03d096b9719e7fe | complete_torsion_type:93f926d78beb5515b01195bfd69f1e5f235dd930b017816d62e70256f86e304f | complete_torsion_type:d89bbc9289d5c6f883c4b22e1812e34b257d8f88a142ebe1438ef6fcd474fb8d	complete_equivariant_source_type:2fba8a5b6e470ea48ca650c2628c9dbd4dc97faaff33e4a48657fae7f6f90d2c || complete_equivariant_source_type:7d3b64e6b8ddc2f2c1c64c19fbedff76d8669abb74502e25a2eca5ad9a911f84 || complete_equivariant_source_type:9268ffcea33dd5cb963cceab75c926f0b36a313b104364fd68ad90bce32eb306 || complete_equivariant_source_type:ef0ff345c8bc910a537801347b686da508a39f62c051bf38fc776789394d2979 || complete_equivariant_source_type:f0110048f3a6348c3a3a2e3366807c480e170f0c97221cb870a0f0f3d4741f48	complete_equivariant_source_type:2fba8a5b6e470ea48ca650c2628c9dbd4dc97faaff33e4a48657fae7f6f90d2c | complete_equivariant_source_type:7d3b64e6b8ddc2f2c1c64c19fbedff76d8669abb74502e25a2eca5ad9a911f84 | complete_equivariant_source_type:9268ffcea33dd5cb963cceab75c926f0b36a313b104364fd68ad90bce32eb306 | complete_equivariant_source_type:ef0ff345c8bc910a537801347b686da508a39f62c051bf38fc776789394d2979 | complete_equivariant_source_type:f0110048f3a6348c3a3a2e3366807c480e170f0c97221cb870a0f0f3d4741f48	CENSUS_LEVEL	"{""197"":""CENSUS_LEVEL"",""198"":""CENSUS_LEVEL"",""200"":""CENSUS_LEVEL"",""243"":""CENSUS_LEVEL"",""244"":""CENSUS_LEVEL""}"	research_outputs/hodgecy_ii/complete_fidelity_pairs_and_sets.tsv	"{""historical_census_schema"":""hodgecy_ii_complete_fidelity_census_historical.v1"",""historical_census_source"":""research_outputs/hodgecy_ii/complete_fidelity_pairs_and_sets.tsv"",""historical_set_id"":""C0017""}"	same rational source type but different integral/Smith type	REPRODUCED	"{""category"":""RATIONAL COLLAPSE / INTEGRAL SEPARATION"",""first_separating_level"":""integral_source"",""shared_levels"":[""rational_source""]}"	"{""category_reproduced"":true,""classification_source"":""historical_complete_fidelity_tsv_reingested_by_v1"",""first_separating_level_reproduced"":true,""member_validation_status"":{""197"":""CENSUS_LEVEL"",""198"":""CENSUS_LEVEL"",""200"":""CENSUS_LEVEL"",""243"":""CENSUS_LEVEL"",""244"":""CENSUS_LEVEL""},""membership_reproduced"":true,""shared_levels_reproduced"":true,""source_recomputation_scope"":""current_v1_reuses_frozen_historical_456_record_census; no fresh mining pass""}"	hodgecy_ii_complete_fidelity:C0017	fidelity_census_reconciled:C0017
C0018	201 | 202 | 203 | 204 | 205 | 206 | 207 | 208 | 209 | 247 | 248 | 250 | 251 | 252 | 253 | 254 | 255 | 257 | 258 | 262 | 264 | 265 | 266 | 267 | 268 | 269 | 270 | 271 | 272 | 273 | 274 | 275 | 276	201 / 202 / 203 / 204 / 205 / 206 / 207 / 208 / 209 / 247 / 248 / 250 / 251 / 252 / 253 / 254 / 255 / 257 / 258 / 262 / 264 / 265 / 266 / 267 / 268 / 269 / 270 / 271 / 272 / 273 / 274 / 275 / 276	33	larger_set	RATIONAL COLLAPSE / INTEGRAL SEPARATION	RATIONAL COLLAPSE / INTEGRAL SEPARATION	rational_source	integral_source	integral/Smith type	p3=0;p4_0=0;p4_1=0;p5_0=0;p5_1=0;p5_2=0;l3=0	UNKNOWN_HODGE	UNKNOWN_HODGE	complete_rational_source_type:350b380352bf64a490345785e5ae212e6533b2377f38ebc755f947d3264fb1d7	complete_rational_source_type:350b380352bf64a490345785e5ae212e6533b2377f38ebc755f947d3264fb1d7	complete_integral_source_type:0acd1e8937f58d2fa400c62755cc1ef3804c717cdffd3c9e3401526567a0ceb5 || complete_integral_source_type:15ec7eb2a1fb137a13c90121703bbee0214244589fac7f0ca12ae3905c53931a || complete_integral_source_type:1acc63c4fa7f3f493f038a3ccf3f3eee000a683b69a57549d8a3f328fce02855 || complete_integral_source_type:1afcc7243f0d6e48466346e508baabc619f02cc26406c79f888e2f0985b0c271 || complete_integral_source_type:239a12951857cd3c6c6d69459b8d517a11061b83ccc33091ccef5f5c461af9f6 || complete_integral_source_type:2783c6e9c6778f26f33c3db40466fd4dc1ad1132a89bf091d148f0ad87e7e84a || complete_integral_source_type:380bf0f5b237dba1b0d70a70f323c69e122d85a53ab89f5d8ab913bf2a124f34 || complete_integral_source_type:45e9a8fc7a6cd8b84a593ef863a214f06d38770b72c92b800787c167625d3e10 || complete_integral_source_type:46f3b769b15dc1b117d8132d5beaa57caace2ba3d5dbc28d21dc595cf62890f1 || complete_integral_source_type:474d486c256b9431af9aaaa7f827552297ad7561030343204854c468202ba5fb || complete_integral_source_type:47be9a9779fcdb89acacd9d6c1dbaca9fcf731365e63f7459d04624a999dc93a || complete_integral_source_type:4debe76dbcb38907293b1e080fb5977b225f12034c3e7e159f610a0ba4b262da || complete_integral_source_type:6a30dc4a00c1b13567f52f9e418c8ac21ce90aed0d1d9740370a4a9a375038f2 || complete_integral_source_type:761547d4aaf8e1566fc68c9f0d98d9f7df168c1afc7cd4ffcd40d622544e1f7e || complete_integral_source_type:77736b2ce6597aa73e6fbeb1cb43d9f8696696a0ca9ed44506937864139e79da || complete_integral_source_type:7a1460c0ea2a1551986f145cb12b33aad38f143bce5c573b19f2bcf3f22cbbd1 || complete_integral_source_type:8366e0ffe486eec72ee4d5aaa7023a894765d5d2715f622ccd27ed30cbcd192e || complete_integral_source_type:8692338f422a5f632b1df0620a6fb444fc1bd05c409906361a645c30d1acebb3 || complete_integral_source_type:8e79b266b5408420fb4ab27da7a4ed0e578686f42fd7879e171e16613af79ccf || complete_integral_source_type:9eb825a6420dab8f0f57b7e13caa2cf20d37c8f93d55f7f5ec9254b6bd20b03e || complete_integral_source_type:a1110e6ef11a8f81198bc08f27fb66e44ce6c94d5db55ec256ace4e542e1af9b || complete_integral_source_type:aa1db5cb3ddc9c674f6675669ec728eb25e572abf84a1b2827fee6d288235530 || complete_integral_source_type:ac5dea7452fc68c89e748ba8f03739fa63e75cc089fc7a4a9f93cfd6e4066c33 || complete_integral_source_type:b8e8957af1dfebe4553c0afea47e89063101a6f057663f0f53b670e19a5b1547 || complete_integral_source_type:cbe9a6ed16a9db882c8830ffe8420b7ad8234877bfe4586bf372d313a8b16a4b || complete_integral_source_type:d4b4fe5be9d9f56df3697e7d44078b1423cdf5270a2e01ff5c915caff463e04f || complete_integral_source_type:db9bad1695a028ada4de1661084102871013c3f8d95e73eb4eb05b6fa397904c || complete_integral_source_type:ecb5c69e9e8cbf938f0e1f6bb23af48634f6cdcefb9e5730cb47481cf1b9b19b || complete_integral_source_type:f24328e245f3040d64961b9ffe0c9046ebd78bf7a037489a1c7cde03d4f668ca || complete_integral_source_type:f39056c9b84325f331defe1eda5900fbc9de9e1b8eb0251da29d0f04d8975323 || complete_integral_source_type:f7bd3dcce5513cd8c1474419c8e1c7fd3e80f24ff3e006a80ed8477c25bae644	complete_integral_source_type:0acd1e8937f58d2fa400c62755cc1ef3804c717cdffd3c9e3401526567a0ceb5 | complete_integral_source_type:15ec7eb2a1fb137a13c90121703bbee0214244589fac7f0ca12ae3905c53931a | complete_integral_source_type:1acc63c4fa7f3f493f038a3ccf3f3eee000a683b69a57549d8a3f328fce02855 | complete_integral_source_type:1afcc7243f0d6e48466346e508baabc619f02cc26406c79f888e2f0985b0c271 | complete_integral_source_type:239a12951857cd3c6c6d69459b8d517a11061b83ccc33091ccef5f5c461af9f6 | complete_integral_source_type:2783c6e9c6778f26f33c3db40466fd4dc1ad1132a89bf091d148f0ad87e7e84a | complete_integral_source_type:380bf0f5b237dba1b0d70a70f323c69e122d85a53ab89f5d8ab913bf2a124f34 | complete_integral_source_type:45e9a8fc7a6cd8b84a593ef863a214f06d38770b72c92b800787c167625d3e10 | complete_integral_source_type:46f3b769b15dc1b117d8132d5beaa57caace2ba3d5dbc28d21dc595cf62890f1 | complete_integral_source_type:474d486c256b9431af9aaaa7f827552297ad7561030343204854c468202ba5fb | complete_integral_source_type:47be9a9779fcdb89acacd9d6c1dbaca9fcf731365e63f7459d04624a999dc93a | complete_integral_source_type:4debe76dbcb38907293b1e080fb5977b225f12034c3e7e159f610a0ba4b262da | complete_integral_source_type:6a30dc4a00c1b13567f52f9e418c8ac21ce90aed0d1d9740370a4a9a375038f2 | complete_integral_source_type:761547d4aaf8e1566fc68c9f0d98d9f7df168c1afc7cd4ffcd40d622544e1f7e | complete_integral_source_type:77736b2ce6597aa73e6fbeb1cb43d9f8696696a0ca9ed44506937864139e79da | complete_integral_source_type:7a1460c0ea2a1551986f145cb12b33aad38f143bce5c573b19f2bcf3f22cbbd1 | complete_integral_source_type:8366e0ffe486eec72ee4d5aaa7023a894765d5d2715f622ccd27ed30cbcd192e | complete_integral_source_type:8692338f422a5f632b1df0620a6fb444fc1bd05c409906361a645c30d1acebb3 | complete_integral_source_type:8e79b266b5408420fb4ab27da7a4ed0e578686f42fd7879e171e16613af79ccf | complete_integral_source_type:9eb825a6420dab8f0f57b7e13caa2cf20d37c8f93d55f7f5ec9254b6bd20b03e | complete_integral_source_type:a1110e6ef11a8f81198bc08f27fb66e44ce6c94d5db55ec256ace4e542e1af9b | complete_integral_source_type:aa1db5cb3ddc9c674f6675669ec728eb25e572abf84a1b2827fee6d288235530 | complete_integral_source_type:ac5dea7452fc68c89e748ba8f03739fa63e75cc089fc7a4a9f93cfd6e4066c33 | complete_integral_source_type:b8e8957af1dfebe4553c0afea47e89063101a6f057663f0f53b670e19a5b1547 | complete_integral_source_type:cbe9a6ed16a9db882c8830ffe8420b7ad8234877bfe4586bf372d313a8b16a4b | complete_integral_source_type:d4b4fe5be9d9f56df3697e7d44078b1423cdf5270a2e01ff5c915caff463e04f | complete_integral_source_type:db9bad1695a028ada4de1661084102871013c3f8d95e73eb4eb05b6fa397904c | complete_integral_source_type:ecb5c69e9e8cbf938f0e1f6bb23af48634f6cdcefb9e5730cb47481cf1b9b19b | complete_integral_source_type:f24328e245f3040d64961b9ffe0c9046ebd78bf7a037489a1c7cde03d4f668ca | complete_integral_source_type:f39056c9b84325f331defe1eda5900fbc9de9e1b8eb0251da29d0f04d8975323 | complete_integral_source_type:f7bd3dcce5513cd8c1474419c8e1c7fd3e80f24ff3e006a80ed8477c25bae644	complete_torsion_type:19474bc7920a5afa72aa857bf5d101b752fc1117d295d45918cabf904a444f47 || complete_torsion_type:1e349c64934a40d4eb9e32364447f999e35f9e2450575d523004c763d4b9c094 || complete_torsion_type:2f4768b2c0d6555c1cc9758dd300952ccf5b2292860d3879baf12c8bbc58ab09 || complete_torsion_type:32f941d7a4dc82cc5210016576ca4a536aeaff05e4c91d2696530c59e1d9d31e || complete_torsion_type:3df374c76afd9bedaaf2ab0e68a9ec85d1994c4453bbb6dee913c5e15c9ccc93 || complete_torsion_type:3e8caa15d789e4280f4160e11d8f659a7616df579439c1f8150a87326e68911d || complete_torsion_type:45dde3243c2d6fcefe746b22b43e9e13b2116896a545a8e32311542d0a433b33 || complete_torsion_type:4654d90ce904f61281b2da7a4cf5a3cf285f9e2f8d505abc497d28106c6822f0 || complete_torsion_type:4cc4f0826c667c3a4863954d065de2bfb6b875a1451cd33256828bbdb27b1567 || complete_torsion_type:563cfdc80e881e477f73f9119b24cde0ca02a07f39b2342a427c5d5e81a8827d || complete_torsion_type:647624a7a62792aa05fd248f73b0e219726a3a6974c3b27c0d99ae100f03efe5 || complete_torsion_type:6c4e89652341954d5f742f1ec3182fdb165e487a496573b0b187fa6d1bb45ead || complete_torsion_type:7b0cf4e50d2a20619d8d10ff05c84aaf7d3c699443dff88ec69f594f06e1c384 || complete_torsion_type:831b9aa36e142f912e6f32883d9a126a697c3f72d4e6d202967eebc37c6c84ca || complete_torsion_type:8532f0f247b4b6f69609d18bb682d537539d4b0a6a0e7c3deec835f7d96ef7ea || complete_torsion_type:87e3ca807992e0338bbe18fe371161c8218593feb7d5909618d510cb55d607ba || complete_torsion_type:8da54cf18abb569569c19025b268c1892b3e71e2289410471efbae2821dad6ad || complete_torsion_type:91c0d3e4a43498cb0ac2893a0ed25de03c4fe044e61ae1ebf4ba351189748b50 || complete_torsion_type:9e3c65f813550a7933f7cd9dbe4cf6431d0f63520e705c69fce69c8511b6a46b || complete_torsion_type:a179908693c29707de0c92372cb499a632278bc0f7275a868c5999448e98f8af || complete_torsion_type:aa8a19dab3e6553ef0ae468aa9f75136986b2fef3589ae1d73bc9809c9f5ca0f || complete_torsion_type:b6ee3e30324585ee21c64b676a3550b6eefcc6d4fff6d7cec6004cc163ed22ce || complete_torsion_type:c3bec34df352ecba8ad328a09c69ebbb0c75c26cc8f79515981070e38adb45fd || complete_torsion_type:c6185348304f4e272a1f7cda570fd535cd0551d67985f965646b480bba02d70f || complete_torsion_type:c6762734f4322d77e14268533569860feff9823a09f1cfe5b0bff67d716a6aa0 || complete_torsion_type:cbb50465683cb8ff86f3cc34186c23aa5b9eaf0a73b417114bab927bf496709a || complete_torsion_type:dbfe8bf13bbf6826d433a4f80aff5fb9fd0d0196589ffb64a9013694cb83120c || complete_torsion_type:e4f19aeb0fce29d5785374a0f28d3c2017e8d1300e29b78dff116aa83555bf6c || complete_torsion_type:e5f7425da8d8a3867acbc1dcc55f387093f61229d05c7cc3dc795123a3fd8108 || complete_torsion_type:f50bb4984261f947d2b6ed0d1715680d2473043263c9f547bc83f4314e13756a || complete_torsion_type:f8c78998da2806fe45dada15376ccbf4e57d12ae777381997da39165f6d5bb10	complete_torsion_type:19474bc7920a5afa72aa857bf5d101b752fc1117d295d45918cabf904a444f47 | complete_torsion_type:1e349c64934a40d4eb9e32364447f999e35f9e2450575d523004c763d4b9c094 | complete_torsion_type:2f4768b2c0d6555c1cc9758dd300952ccf5b2292860d3879baf12c8bbc58ab09 | complete_torsion_type:32f941d7a4dc82cc5210016576ca4a536aeaff05e4c91d2696530c59e1d9d31e | complete_torsion_type:3df374c76afd9bedaaf2ab0e68a9ec85d1994c4453bbb6dee913c5e15c9ccc93 | complete_torsion_type:3e8caa15d789e4280f4160e11d8f659a7616df579439c1f8150a87326e68911d | complete_torsion_type:45dde3243c2d6fcefe746b22b43e9e13b2116896a545a8e32311542d0a433b33 | complete_torsion_type:4654d90ce904f61281b2da7a4cf5a3cf285f9e2f8d505abc497d28106c6822f0 | complete_torsion_type:4cc4f0826c667c3a4863954d065de2bfb6b875a1451cd33256828bbdb27b1567 | complete_torsion_type:563cfdc80e881e477f73f9119b24cde0ca02a07f39b2342a427c5d5e81a8827d | complete_torsion_type:647624a7a62792aa05fd248f73b0e219726a3a6974c3b27c0d99ae100f03efe5 | complete_torsion_type:6c4e89652341954d5f742f1ec3182fdb165e487a496573b0b187fa6d1bb45ead | complete_torsion_type:7b0cf4e50d2a20619d8d10ff05c84aaf7d3c699443dff88ec69f594f06e1c384 | complete_torsion_type:831b9aa36e142f912e6f32883d9a126a697c3f72d4e6d202967eebc37c6c84ca | complete_torsion_type:8532f0f247b4b6f69609d18bb682d537539d4b0a6a0e7c3deec835f7d96ef7ea | complete_torsion_type:87e3ca807992e0338bbe18fe371161c8218593feb7d5909618d510cb55d607ba | complete_torsion_type:8da54cf18abb569569c19025b268c1892b3e71e2289410471efbae2821dad6ad | complete_torsion_type:91c0d3e4a43498cb0ac2893a0ed25de03c4fe044e61ae1ebf4ba351189748b50 | complete_torsion_type:9e3c65f813550a7933f7cd9dbe4cf6431d0f63520e705c69fce69c8511b6a46b | complete_torsion_type:a179908693c29707de0c92372cb499a632278bc0f7275a868c5999448e98f8af | complete_torsion_type:aa8a19dab3e6553ef0ae468aa9f75136986b2fef3589ae1d73bc9809c9f5ca0f | complete_torsion_type:b6ee3e30324585ee21c64b676a3550b6eefcc6d4fff6d7cec6004cc163ed22ce | complete_torsion_type:c3bec34df352ecba8ad328a09c69ebbb0c75c26cc8f79515981070e38adb45fd | complete_torsion_type:c6185348304f4e272a1f7cda570fd535cd0551d67985f965646b480bba02d70f | complete_torsion_type:c6762734f4322d77e14268533569860feff9823a09f1cfe5b0bff67d716a6aa0 | complete_torsion_type:cbb50465683cb8ff86f3cc34186c23aa5b9eaf0a73b417114bab927bf496709a | complete_torsion_type:dbfe8bf13bbf6826d433a4f80aff5fb9fd0d0196589ffb64a9013694cb83120c | complete_torsion_type:e4f19aeb0fce29d5785374a0f28d3c2017e8d1300e29b78dff116aa83555bf6c | complete_torsion_type:e5f7425da8d8a3867acbc1dcc55f387093f61229d05c7cc3dc795123a3fd8108 | complete_torsion_type:f50bb4984261f947d2b6ed0d1715680d2473043263c9f547bc83f4314e13756a | complete_torsion_type:f8c78998da2806fe45dada15376ccbf4e57d12ae777381997da39165f6d5bb10	complete_equivariant_source_type:01ac1a5c7956ce50af64e82ec22cf356bc92a2ca8ef52b15420fd78e3872818b || complete_equivariant_source_type:02c62a6cf98275a65494d86a4526f43d84e6db6b6a48942e333a276725cc3960 || complete_equivariant_source_type:158dfab9328066d0ffa308983f969602c159216eb3c9a247f282da30f03e7bca || complete_equivariant_source_type:23026c637ad7ce44d46e99aeebaf63cf187e928affcc71f560175eab1d00783e || complete_equivariant_source_type:252e379d438d515782744332522738764484735c4b124dbf6444897795b5ea69 || complete_equivariant_source_type:2a46832331f8b356cdf0d842e7f4bdd0fd9172b56fadcc67e4fe92fda7f34cea || complete_equivariant_source_type:2c6e5a89769cfc7d9f50bc3eb8e93290338a2c6d6a37cbcf81aa92409607a393 || complete_equivariant_source_type:40aec11d20a7f8d568df47ad7b3b7a90f698188ebd9239a67794ffe72acbdc87 || complete_equivariant_source_type:41a5fe0d6fb325cbe3736c03921b4c194858b5fcc64007ee89a7a5773e21a035 || complete_equivariant_source_type:44b3c0647c67fc3b43a3aac0984053fe589c89e84d04cde778ce08e071e363ce || complete_equivariant_source_type:5544d434fbbe60058fa31d05d75a42d30b4f152c7de389cdb8418e24137f0def || complete_equivariant_source_type:8032c05e70cdbca9ed255e91a5e724d24d5ae0bc0fccbaa508568dd643c90064 || complete_equivariant_source_type:8052f5f44c7fc779f8de8179cb66399bb747fc628698f0fac02565959b971373 || complete_equivariant_source_type:84b89caaf6a993141cc26ba320429da0cde2573c17a5a0b52616bc50a6682dd6 || complete_equivariant_source_type:85969150dd80b1cbcf43f6d46d47662761232ac87afb108fa0d8103bd1112464 || complete_equivariant_source_type:97c4a41be1c9940d96897fcd0c55709b65926f746d2fb45b4d6303a6f39fa096 || complete_equivariant_source_type:a30a37548c19118a2f2c8c536b935e416a044a8219e01bdfc9c429b8999dde44 || complete_equivariant_source_type:a51ab1e4a806fb5c52d2ce0e813abc80e6e238ff2c02303a52deed253490d41e || complete_equivariant_source_type:a5eea83943b4964523e7b8d4b6d5d16dd6d559d30f6e4eac72ae75f78262d2e4 || complete_equivariant_source_type:a84484a965d546734c3cc41c50e01924c733a066c2a44475232fd0b9946b8176 || complete_equivariant_source_type:af166c2b49ab2c82497146dfb849a9d881543ad8fd09ceebf79fb1e83cd00acb || complete_equivariant_source_type:bd265d653cb67bf1cc60743590596a97d0a24d0782bd824f3340b96a3a2ba761 || complete_equivariant_source_type:c316696cfd5945d2421faf8df3aad4d41809dd1b6a9525596c0fc207bd079d11 || complete_equivariant_source_type:c7000a01cb891c4b11660ff2d91303254fd89b24a13277dfb11e63cefc68671b || complete_equivariant_source_type:c9116da228ddfd7b97254aa6cd94407c8735cab200a54659fcc42258eabbc322 || complete_equivariant_source_type:c9643d5b7252bb6afa6e983b1b876549b0f9d68c8c2f2d91c235c4ea0762fa0a || complete_equivariant_source_type:cc96f4d39e8c6beb793d7282cfbedc4e6bbf6fa61ec47d8041bc6cf9e10969bd || complete_equivariant_source_type:d747d02a8b414f3a4b19f844bb09503c360a99d350364ad9705c94e393a552f8 || complete_equivariant_source_type:eec30108e6b0509fe2c1dd6bc81d045b5e7627ea21471285081a929cf73487fa || complete_equivariant_source_type:efff29bbe7d8e5f4218ee7fe184b6f744e8dc5710853d35a7d7288f659501368 || complete_equivariant_source_type:fbdb2cfc953bf4745e00eebc4c3bc0d85e460816238b9fec331667701da9fe39 || complete_equivariant_source_type:fc26331b3f18e4db690b5f1b8b13e33457c13f921e95aab47949657f0849ef40 || complete_equivariant_source_type:fe30485ceb3ba288cbd3cadd9c5a858c1302bd7f86a4dfc88203796e150ce747	complete_equivariant_source_type:01ac1a5c7956ce50af64e82ec22cf356bc92a2ca8ef52b15420fd78e3872818b | complete_equivariant_source_type:02c62a6cf98275a65494d86a4526f43d84e6db6b6a48942e333a276725cc3960 | complete_equivariant_source_type:158dfab9328066d0ffa308983f969602c159216eb3c9a247f282da30f03e7bca | complete_equivariant_source_type:23026c637ad7ce44d46e99aeebaf63cf187e928affcc71f560175eab1d00783e | complete_equivariant_source_type:252e379d438d515782744332522738764484735c4b124dbf6444897795b5ea69 | complete_equivariant_source_type:2a46832331f8b356cdf0d842e7f4bdd0fd9172b56fadcc67e4fe92fda7f34cea | complete_equivariant_source_type:2c6e5a89769cfc7d9f50bc3eb8e93290338a2c6d6a37cbcf81aa92409607a393 | complete_equivariant_source_type:40aec11d20a7f8d568df47ad7b3b7a90f698188ebd9239a67794ffe72acbdc87 | complete_equivariant_source_type:41a5fe0d6fb325cbe3736c03921b4c194858b5fcc64007ee89a7a5773e21a035 | complete_equivariant_source_type:44b3c0647c67fc3b43a3aac0984053fe589c89e84d04cde778ce08e071e363ce | complete_equivariant_source_type:5544d434fbbe60058fa31d05d75a42d30b4f152c7de389cdb8418e24137f0def | complete_equivariant_source_type:8032c05e70cdbca9ed255e91a5e724d24d5ae0bc0fccbaa508568dd643c90064 | complete_equivariant_source_type:8052f5f44c7fc779f8de8179cb66399bb747fc628698f0fac02565959b971373 | complete_equivariant_source_type:84b89caaf6a993141cc26ba320429da0cde2573c17a5a0b52616bc50a6682dd6 | complete_equivariant_source_type:85969150dd80b1cbcf43f6d46d47662761232ac87afb108fa0d8103bd1112464 | complete_equivariant_source_type:97c4a41be1c9940d96897fcd0c55709b65926f746d2fb45b4d6303a6f39fa096 | complete_equivariant_source_type:a30a37548c19118a2f2c8c536b935e416a044a8219e01bdfc9c429b8999dde44 | complete_equivariant_source_type:a51ab1e4a806fb5c52d2ce0e813abc80e6e238ff2c02303a52deed253490d41e | complete_equivariant_source_type:a5eea83943b4964523e7b8d4b6d5d16dd6d559d30f6e4eac72ae75f78262d2e4 | complete_equivariant_source_type:a84484a965d546734c3cc41c50e01924c733a066c2a44475232fd0b9946b8176 | complete_equivariant_source_type:af166c2b49ab2c82497146dfb849a9d881543ad8fd09ceebf79fb1e83cd00acb | complete_equivariant_source_type:bd265d653cb67bf1cc60743590596a97d0a24d0782bd824f3340b96a3a2ba761 | complete_equivariant_source_type:c316696cfd5945d2421faf8df3aad4d41809dd1b6a9525596c0fc207bd079d11 | complete_equivariant_source_type:c7000a01cb891c4b11660ff2d91303254fd89b24a13277dfb11e63cefc68671b | complete_equivariant_source_type:c9116da228ddfd7b97254aa6cd94407c8735cab200a54659fcc42258eabbc322 | complete_equivariant_source_type:c9643d5b7252bb6afa6e983b1b876549b0f9d68c8c2f2d91c235c4ea0762fa0a | complete_equivariant_source_type:cc96f4d39e8c6beb793d7282cfbedc4e6bbf6fa61ec47d8041bc6cf9e10969bd | complete_equivariant_source_type:d747d02a8b414f3a4b19f844bb09503c360a99d350364ad9705c94e393a552f8 | complete_equivariant_source_type:eec30108e6b0509fe2c1dd6bc81d045b5e7627ea21471285081a929cf73487fa | complete_equivariant_source_type:efff29bbe7d8e5f4218ee7fe184b6f744e8dc5710853d35a7d7288f659501368 | complete_equivariant_source_type:fbdb2cfc953bf4745e00eebc4c3bc0d85e460816238b9fec331667701da9fe39 | complete_equivariant_source_type:fc26331b3f18e4db690b5f1b8b13e33457c13f921e95aab47949657f0849ef40 | complete_equivariant_source_type:fe30485ceb3ba288cbd3cadd9c5a858c1302bd7f86a4dfc88203796e150ce747	CENSUS_LEVEL	"{""201"":""CENSUS_LEVEL"",""202"":""CENSUS_LEVEL"",""203"":""CENSUS_LEVEL"",""204"":""CENSUS_LEVEL"",""205"":""CENSUS_LEVEL"",""206"":""CENSUS_LEVEL"",""207"":""CENSUS_LEVEL"",""208"":""CENSUS_LEVEL"",""209"":""CENSUS_LEVEL"",""247"":""CENSUS_LEVEL"",""248"":""CENSUS_LEVEL"",""250"":""CENSUS_LEVEL"",""251"":""CENSUS_LEVEL"",""252"":""CENSUS_LEVEL"",""253"":""CENSUS_LEVEL"",""254"":""CENSUS_LEVEL"",""255"":""CENSUS_LEVEL"",""257"":""CENSUS_LEVEL"",""258"":""CENSUS_LEVEL"",""262"":""CENSUS_LEVEL"",""264"":""CENSUS_LEVEL"",""265"":""CENSUS_LEVEL"",""266"":""CENSUS_LEVEL"",""267"":""CENSUS_LEVEL"",""268"":""CENSUS_LEVEL"",""269"":""CENSUS_LEVEL"",""270"":""CENSUS_LEVEL"",""271"":""CENSUS_LEVEL"",""272"":""CENSUS_LEVEL"",""273"":""CENSUS_LEVEL"",""274"":""CENSUS_LEVEL"",""275"":""CENSUS_LEVEL"",""276"":""CENSUS_LEVEL""}"	research_outputs/hodgecy_ii/complete_fidelity_pairs_and_sets.tsv	"{""historical_census_schema"":""hodgecy_ii_complete_fidelity_census_historical.v1"",""historical_census_source"":""research_outputs/hodgecy_ii/complete_fidelity_pairs_and_sets.tsv"",""historical_set_id"":""C0018""}"	same rational source type but different integral/Smith type	REPRODUCED	"{""category"":""RATIONAL COLLAPSE / INTEGRAL SEPARATION"",""first_separating_level"":""integral_source"",""shared_levels"":[""rational_source""]}"	"{""category_reproduced"":true,""classification_source"":""historical_complete_fidelity_tsv_reingested_by_v1"",""first_separating_level_reproduced"":true,""member_validation_status"":{""201"":""CENSUS_LEVEL"",""202"":""CENSUS_LEVEL"",""203"":""CENSUS_LEVEL"",""204"":""CENSUS_LEVEL"",""205"":""CENSUS_LEVEL"",""206"":""CENSUS_LEVEL"",""207"":""CENSUS_LEVEL"",""208"":""CENSUS_LEVEL"",""209"":""CENSUS_LEVEL"",""247"":""CENSUS_LEVEL"",""248"":""CENSUS_LEVEL"",""250"":""CENSUS_LEVEL"",""251"":""CENSUS_LEVEL"",""252"":""CENSUS_LEVEL"",""253"":""CENSUS_LEVEL"",""254"":""CENSUS_LEVEL"",""255"":""CENSUS_LEVEL"",""257"":""CENSUS_LEVEL"",""258"":""CENSUS_LEVEL"",""262"":""CENSUS_LEVEL"",""264"":""CENSUS_LEVEL"",""265"":""CENSUS_LEVEL"",""266"":""CENSUS_LEVEL"",""267"":""CENSUS_LEVEL"",""268"":""CENSUS_LEVEL"",""269"":""CENSUS_LEVEL"",""270"":""CENSUS_LEVEL"",""271"":""CENSUS_LEVEL"",""272"":""CENSUS_LEVEL"",""273"":""CENSUS_LEVEL"",""274"":""CENSUS_LEVEL"",""275"":""CENSUS_LEVEL"",""276"":""CENSUS_LEVEL""},""membership_reproduced"":true,""shared_levels_reproduced"":true,""source_recomputation_scope"":""current_v1_reuses_frozen_historical_456_record_census; no fresh mining pass""}"	hodgecy_ii_complete_fidelity:C0018	fidelity_census_reconciled:C0018
C0019	210 | 211 | 212 | 213 | 214 | 215 | 216 | 217 | 218 | 219 | 220 | 221 | 277 | 279 | 280 | 281 | 282 | 283 | 284 | 285 | 286 | 287 | 288 | 289 | 290 | 291 | 292 | 293 | 294 | 295 | 296 | 297 | 298 | 299 | 300 | 301 | 302 | 303 | 304 | 305 | 306 | 307 | 308 | 309 | 310 | 311 | 312 | 313 | 314 | 315 | 316 | 317 | 318 | 319 | 320 | 321 | 322 | 323 | 324 | 325 | 326 | 327 | 328	210 / 211 / 212 / 213 / 214 / 215 / 216 / 217 / 218 / 219 / 220 / 221 / 277 / 279 / 280 / 281 / 282 / 283 / 284 / 285 / 286 / 287 / 288 / 289 / 290 / 291 / 292 / 293 / 294 / 295 / 296 / 297 / 298 / 299 / 300 / 301 / 302 / 303 / 304 / 305 / 306 / 307 / 308 / 309 / 310 / 311 / 312 / 313 / 314 / 315 / 316 / 317 / 318 / 319 / 320 / 321 / 322 / 323 / 324 / 325 / 326 / 327 / 328	63	larger_set	RATIONAL COLLAPSE / INTEGRAL SEPARATION	RATIONAL COLLAPSE / INTEGRAL SEPARATION	rational_source	integral_source	integral/Smith type	p3=0;p4_0=0;p4_1=0;p5_0=0;p5_1=0;p5_2=0;l3=0	UNKNOWN_HODGE	UNKNOWN_HODGE	complete_rational_source_type:56bf2145cfed1de49e54e2470a65c86d37c6fdf4128bee5574a50ec865d66575	complete_rational_source_type:56bf2145cfed1de49e54e2470a65c86d37c6fdf4128bee5574a50ec865d66575	complete_integral_source_type:0e85a0162fb229245bb58ab3e6d05a5b80ffcc3eeb27d3c7b7a205e9374b551d || complete_integral_source_type:1961ce0fce16ad8f21d738342ba230cdcd3dc3f89118290ad26293b3fa1c92ad || complete_integral_source_type:1be8dd22f4b29235847d4bfb84f6d16f5b5e64067f4561054877b55fff5b6cce || complete_integral_source_type:21e71e4525dee38b02078f1ad18dd2b8ed3e7e27cfbadaa06533cf47ae0a8ebf || complete_integral_source_type:321f5ebaf12e3fc78628af54de8fb6b7f59847035d6b0e8b81f8b5596c8afef6 || complete_integral_source_type:365c1243085de968e7e89023647e5e72ca0c19f2d2dae9da61f518be45f8a907 || complete_integral_source_type:3abd251d4b162dd4ceef5910ee65b906052ff5e5b044c05c2f25b3703440c524 || complete_integral_source_type:441c4e5df153cf572ca7f94c2387bd7e314d7745ee1a73683516c3f9f2830b1d || complete_integral_source_type:50c08e43a6c423dcff92072349ae00d945bad80a56cbffe97e6aa9502291aa80 || complete_integral_source_type:536fe5a6ef85906f3bc907476482816a467446ff07c4850d1d254eba9c10cf88 || complete_integral_source_type:54f714e03a61b99db1730aae64b1d45a3e01d87a8e1b5d7b5b7657e66261dd75 || complete_integral_source_type:5fed976b1cbf48f1c8567151c9a341bdc3693b7577abd950fca2596a60fa03aa || complete_integral_source_type:66aa2284ea3cdc281c5d56f1085925db34d1a5c78bb4bc703422932aaf5277b8 || complete_integral_source_type:758f8d4b145d8cce55dade22f3e203e8345a35ae78568db1b3a9ba2625b66761 || complete_integral_source_type:7887cef30428790876263f16a352ca87a8fd52232766689ebf5d336cac480e18 || complete_integral_source_type:878ccf0fe353b3e7a42d11ceb0cdc7d950d879dba31bcddfda861013fade2063 || complete_integral_source_type:87f098a9c89a42d33f8072a986ef20571c70f843542e627aae1687e5229677b3 || complete_integral_source_type:9f1d1feffc0d7e374e6cffa96b4df3c448c07666ffa5b4a91de15cb2b372b813 || complete_integral_source_type:af1b5f0d698ba6753944ff59691115352c48d8187993811db9df24d591d803ad || complete_integral_source_type:b7bd29db9ce5c98c60b293dfe0e2f6f75e000a76ee74296d3b9318198b781049 || complete_integral_source_type:bfa9c5573d084f2ee50031dbbc12178e6635907e2f514c5f7f7d05360fd433d4 || complete_integral_source_type:c321483b9a2ce2f59618473793351f9d0e2c5a7cd2b323bd59f4d2602ca1be09 || complete_integral_source_type:c9b5c7345fdfb05f5b2f7b39a27566abe2715c66b3c4f4eeddbbdc3dbd0358e8 || complete_integral_source_type:db324e9c9bba1c1ad789fba533cf6e6fff952991c0709ec816adce5ddbde5fd9 || complete_integral_source_type:e446be0f94444f266d40488aca881c4a3034b43623a5ba0cefdf3a0af2e49d47 || complete_integral_source_type:e49c3f2f2bd66ce873357ea139926e8b8114beca13d7465883319a2519195a50 || complete_integral_source_type:e532ec87d44f3cb3a748f44671b4a3d60a8289d25d97b8fe102ba4c18aecce30 || complete_integral_source_type:e94d2e99d13a803e61d08c5a57726a78668ce1b9b15308d690f9286d8ad3b973 || complete_integral_source_type:eaa15b0c15d2096cfd8947b090bf17c37ec6799462667ecc8c613789a640682d || complete_integral_source_type:f3bb7dd183fe246793fa7f8d7b5a85c569ae466692c9a9bfc247e037771c16d2 || complete_integral_source_type:fc8bc4d0a51bc056ba1cadc7db27e0ae6acacda88c922c35dc3ae7e6bf2688f8	complete_integral_source_type:0e85a0162fb229245bb58ab3e6d05a5b80ffcc3eeb27d3c7b7a205e9374b551d | complete_integral_source_type:1961ce0fce16ad8f21d738342ba230cdcd3dc3f89118290ad26293b3fa1c92ad | complete_integral_source_type:1be8dd22f4b29235847d4bfb84f6d16f5b5e64067f4561054877b55fff5b6cce | complete_integral_source_type:21e71e4525dee38b02078f1ad18dd2b8ed3e7e27cfbadaa06533cf47ae0a8ebf | complete_integral_source_type:321f5ebaf12e3fc78628af54de8fb6b7f59847035d6b0e8b81f8b5596c8afef6 | complete_integral_source_type:365c1243085de968e7e89023647e5e72ca0c19f2d2dae9da61f518be45f8a907 | complete_integral_source_type:3abd251d4b162dd4ceef5910ee65b906052ff5e5b044c05c2f25b3703440c524 | complete_integral_source_type:441c4e5df153cf572ca7f94c2387bd7e314d7745ee1a73683516c3f9f2830b1d | complete_integral_source_type:50c08e43a6c423dcff92072349ae00d945bad80a56cbffe97e6aa9502291aa80 | complete_integral_source_type:536fe5a6ef85906f3bc907476482816a467446ff07c4850d1d254eba9c10cf88 | complete_integral_source_type:54f714e03a61b99db1730aae64b1d45a3e01d87a8e1b5d7b5b7657e66261dd75 | complete_integral_source_type:5fed976b1cbf48f1c8567151c9a341bdc3693b7577abd950fca2596a60fa03aa | complete_integral_source_type:66aa2284ea3cdc281c5d56f1085925db34d1a5c78bb4bc703422932aaf5277b8 | complete_integral_source_type:758f8d4b145d8cce55dade22f3e203e8345a35ae78568db1b3a9ba2625b66761 | complete_integral_source_type:7887cef30428790876263f16a352ca87a8fd52232766689ebf5d336cac480e18 | complete_integral_source_type:878ccf0fe353b3e7a42d11ceb0cdc7d950d879dba31bcddfda861013fade2063 | complete_integral_source_type:87f098a9c89a42d33f8072a986ef20571c70f843542e627aae1687e5229677b3 | complete_integral_source_type:9f1d1feffc0d7e374e6cffa96b4df3c448c07666ffa5b4a91de15cb2b372b813 | complete_integral_source_type:af1b5f0d698ba6753944ff59691115352c48d8187993811db9df24d591d803ad | complete_integral_source_type:b7bd29db9ce5c98c60b293dfe0e2f6f75e000a76ee74296d3b9318198b781049 | complete_integral_source_type:bfa9c5573d084f2ee50031dbbc12178e6635907e2f514c5f7f7d05360fd433d4 | complete_integral_source_type:c321483b9a2ce2f59618473793351f9d0e2c5a7cd2b323bd59f4d2602ca1be09 | complete_integral_source_type:c9b5c7345fdfb05f5b2f7b39a27566abe2715c66b3c4f4eeddbbdc3dbd0358e8 | complete_integral_source_type:db324e9c9bba1c1ad789fba533cf6e6fff952991c0709ec816adce5ddbde5fd9 | complete_integral_source_type:e446be0f94444f266d40488aca881c4a3034b43623a5ba0cefdf3a0af2e49d47 | complete_integral_source_type:e49c3f2f2bd66ce873357ea139926e8b8114beca13d7465883319a2519195a50 | complete_integral_source_type:e532ec87d44f3cb3a748f44671b4a3d60a8289d25d97b8fe102ba4c18aecce30 | complete_integral_source_type:e94d2e99d13a803e61d08c5a57726a78668ce1b9b15308d690f9286d8ad3b973 | complete_integral_source_type:eaa15b0c15d2096cfd8947b090bf17c37ec6799462667ecc8c613789a640682d | complete_integral_source_type:f3bb7dd183fe246793fa7f8d7b5a85c569ae466692c9a9bfc247e037771c16d2 | complete_integral_source_type:fc8bc4d0a51bc056ba1cadc7db27e0ae6acacda88c922c35dc3ae7e6bf2688f8	complete_torsion_type:030b6487736a8b3e79b1fb6ab700f394d202308d772e23345e183787947fdbbf || complete_torsion_type:19474bc7920a5afa72aa857bf5d101b752fc1117d295d45918cabf904a444f47 || complete_torsion_type:1e349c64934a40d4eb9e32364447f999e35f9e2450575d523004c763d4b9c094 || complete_torsion_type:3a5189342f6e51bab111f7b86f22aed92d63221f1ef3071c53d3f966dc8986f6 || complete_torsion_type:3df374c76afd9bedaaf2ab0e68a9ec85d1994c4453bbb6dee913c5e15c9ccc93 || complete_torsion_type:3e8caa15d789e4280f4160e11d8f659a7616df579439c1f8150a87326e68911d || complete_torsion_type:428e4b3a07800f0105210ad9c0ba25f9082f44dbf0803a77f7831b2e637ce354 || complete_torsion_type:4362ae31c529541fcd5a0883ed350fe08dbd3113b21df30ed74574e37808e359 || complete_torsion_type:4aef7f616b483e031d3ac497586dfe23fd7c90e9fe169a9aec2951e6dcd420d4 || complete_torsion_type:52318fa651429e353c2d8ef84cdd8bd6add5665dfcbee6561a6dee8e26419264 || complete_torsion_type:54fb69f39f5a4e1da8427e66448f27573cb7dd76a0f815c503bfcdcbbdf6ca7b || complete_torsion_type:563cfdc80e881e477f73f9119b24cde0ca02a07f39b2342a427c5d5e81a8827d || complete_torsion_type:58d06a8a1531acb192332f8e76e5513321e33a877e82497deae6e65ebed0e6e1 || complete_torsion_type:63a31d49c910223d0cd94724cb98bb1bfe5fc67fea0ceb14c11e54fcc7177462 || complete_torsion_type:6e151538c9c633876356aa72d3d8d0c9d49b71af3621fb6c52e6ed18414c98fa || complete_torsion_type:81ec90af1384861e51c914ca24a4f72d635779378122545b7f9a984ef86c76d9 || complete_torsion_type:8af48aa2215de77e12a33fa50c67006dc51e069de89beb4988f7085fe7d5d80e || complete_torsion_type:8ccc7143b590f154c60733075bc53c6f6b77a2bbdaf46166e475fd0e4e7f27cc || complete_torsion_type:9e3c65f813550a7933f7cd9dbe4cf6431d0f63520e705c69fce69c8511b6a46b || complete_torsion_type:a4e37b2cd2df74e2f5f092d063f5197da67aad9702ad2765686222a7139b7274 || complete_torsion_type:a9d9ac9be51e6829e007864ff6edd38ceabc919a2787b7d3b7ddec57b482a6c3 || complete_torsion_type:baca21e0dd84cf91275d822f51f25b14ed2098f7d62fffc791720df08c3e7cca || complete_torsion_type:c6185348304f4e272a1f7cda570fd535cd0551d67985f965646b480bba02d70f || complete_torsion_type:c973378ebcf220504fdad978b14b23d22bf74b0dd18f1e33d2cc6a6a15bcdee8 || complete_torsion_type:cbb50465683cb8ff86f3cc34186c23aa5b9eaf0a73b417114bab927bf496709a || complete_torsion_type:d206095eb835853afafd72a8523f5c9410c5499436d548db54ffd676a531039c || complete_torsion_type:d8c3501dc35a786f9bca813503135d6a1b7d8cf33fefe978f926d3f5ead2a75d || complete_torsion_type:eb2714cbaa3aa1ef1fd9c7342004d2fcd119a6d8dd71ba75034d8c1e3014a57e || complete_torsion_type:ed179427d859aa1c6429e69560466bbc147b2e46473ea5b2b221b7f1fb37aec4 || complete_torsion_type:ed86ce2c369fe8599fe149e1841614bcae93901d7d040fca84cfad4825f75070 || complete_torsion_type:f8c78998da2806fe45dada15376ccbf4e57d12ae777381997da39165f6d5bb10	complete_torsion_type:030b6487736a8b3e79b1fb6ab700f394d202308d772e23345e183787947fdbbf | complete_torsion_type:19474bc7920a5afa72aa857bf5d101b752fc1117d295d45918cabf904a444f47 | complete_torsion_type:1e349c64934a40d4eb9e32364447f999e35f9e2450575d523004c763d4b9c094 | complete_torsion_type:3a5189342f6e51bab111f7b86f22aed92d63221f1ef3071c53d3f966dc8986f6 | complete_torsion_type:3df374c76afd9bedaaf2ab0e68a9ec85d1994c4453bbb6dee913c5e15c9ccc93 | complete_torsion_type:3e8caa15d789e4280f4160e11d8f659a7616df579439c1f8150a87326e68911d | complete_torsion_type:428e4b3a07800f0105210ad9c0ba25f9082f44dbf0803a77f7831b2e637ce354 | complete_torsion_type:4362ae31c529541fcd5a0883ed350fe08dbd3113b21df30ed74574e37808e359 | complete_torsion_type:4aef7f616b483e031d3ac497586dfe23fd7c90e9fe169a9aec2951e6dcd420d4 | complete_torsion_type:52318fa651429e353c2d8ef84cdd8bd6add5665dfcbee6561a6dee8e26419264 | complete_torsion_type:54fb69f39f5a4e1da8427e66448f27573cb7dd76a0f815c503bfcdcbbdf6ca7b | complete_torsion_type:563cfdc80e881e477f73f9119b24cde0ca02a07f39b2342a427c5d5e81a8827d | complete_torsion_type:58d06a8a1531acb192332f8e76e5513321e33a877e82497deae6e65ebed0e6e1 | complete_torsion_type:63a31d49c910223d0cd94724cb98bb1bfe5fc67fea0ceb14c11e54fcc7177462 | complete_torsion_type:6e151538c9c633876356aa72d3d8d0c9d49b71af3621fb6c52e6ed18414c98fa | complete_torsion_type:81ec90af1384861e51c914ca24a4f72d635779378122545b7f9a984ef86c76d9 | complete_torsion_type:8af48aa2215de77e12a33fa50c67006dc51e069de89beb4988f7085fe7d5d80e | complete_torsion_type:8ccc7143b590f154c60733075bc53c6f6b77a2bbdaf46166e475fd0e4e7f27cc | complete_torsion_type:9e3c65f813550a7933f7cd9dbe4cf6431d0f63520e705c69fce69c8511b6a46b | complete_torsion_type:a4e37b2cd2df74e2f5f092d063f5197da67aad9702ad2765686222a7139b7274 | complete_torsion_type:a9d9ac9be51e6829e007864ff6edd38ceabc919a2787b7d3b7ddec57b482a6c3 | complete_torsion_type:baca21e0dd84cf91275d822f51f25b14ed2098f7d62fffc791720df08c3e7cca | complete_torsion_type:c6185348304f4e272a1f7cda570fd535cd0551d67985f965646b480bba02d70f | complete_torsion_type:c973378ebcf220504fdad978b14b23d22bf74b0dd18f1e33d2cc6a6a15bcdee8 | complete_torsion_type:cbb50465683cb8ff86f3cc34186c23aa5b9eaf0a73b417114bab927bf496709a | complete_torsion_type:d206095eb835853afafd72a8523f5c9410c5499436d548db54ffd676a531039c | complete_torsion_type:d8c3501dc35a786f9bca813503135d6a1b7d8cf33fefe978f926d3f5ead2a75d | complete_torsion_type:eb2714cbaa3aa1ef1fd9c7342004d2fcd119a6d8dd71ba75034d8c1e3014a57e | complete_torsion_type:ed179427d859aa1c6429e69560466bbc147b2e46473ea5b2b221b7f1fb37aec4 | complete_torsion_type:ed86ce2c369fe8599fe149e1841614bcae93901d7d040fca84cfad4825f75070 | complete_torsion_type:f8c78998da2806fe45dada15376ccbf4e57d12ae777381997da39165f6d5bb10	complete_equivariant_source_type:0250a244d0ca6dc314b8d4ca95215bc6504b7937c058538b52c424ce19a26e81 || complete_equivariant_source_type:028418c41e09fa845ae17f1c36d48714ba6e189fca08c34473cec3d78259b53c || complete_equivariant_source_type:029f4a9e560b025fce4de82b705d72f339a35e98209056dee2d1f906261b3473 || complete_equivariant_source_type:03a33d239708c51e15132a04b3917d0e2920b0d768fd6ba76cbc93e29ce5e167 || complete_equivariant_source_type:0a92fe4aab10fcae7a0cf38f0488af7e8e2a1a4de072164fc6f67cc43b7715df || complete_equivariant_source_type:0aa7307123dc4375d0d55c69fd285c422061ff1523921c2a5d7f206213eb4bda || complete_equivariant_source_type:1150ae8b8115bd546dc66d3c31b654af36a48cf45b3180c3e3903e35b93cf6c9 || complete_equivariant_source_type:189100bb3f65a8bf0977b03df789cbd62ee5d0a9b8a26e41d159145f9912cc45 || complete_equivariant_source_type:19596ea628c95d49ff50928436d257f85d272a364a4a8fbf4318597ced9e11ad || complete_equivariant_source_type:2e41b547f217ed7bf45f31e0e2c846c0cebc5188f6800ae5621a979f4852430d || complete_equivariant_source_type:2ec51056c005e57f912de24fe73ed9f97d2eade72fbdf66f8604e07ef3d4cf97 || complete_equivariant_source_type:30a06f26528c57b8f910b35d9546703a2c474cf1bc8ea6d27116d8fa6713b797 || complete_equivariant_source_type:377f9d09b7f4a3b5de895fd69b9f83c477377392ce78555b18c9114c914b50e8 || complete_equivariant_source_type:3869e6ccb2746239046a862ce131a6a07580b2c8d64a1c3544abade7a86a4eb4 || complete_equivariant_source_type:3a2a93d1c4afae5ab112d08731969ff76365f5ebbcf40e04f14d845326a28828 || complete_equivariant_source_type:41e2eda3d89ef4fb7ddf0f0934e445e80c39c7a40c339723e6a7f13aa377abe4 || complete_equivariant_source_type:43974763ff0cf389ea809afe2b7b39a3dcf5f1498c155cbb448268b7512c2564 || complete_equivariant_source_type:455617afc09218f32718c1c58bc204ec2199e57891553663fbe0850463be6117 || complete_equivariant_source_type:4a0d0812279eceade9c866d38b77399fb2efdfa84202d5de342fa66af525edfa || complete_equivariant_source_type:521f33cf3d401a93fa367ee36f930c3852c7d87a8b280b69d808bf954a70a7d5 || complete_equivariant_source_type:52358af1d0c2f24faf3962b180a0b84281d98fa9ba23bb0bfcebe9d07b1f3f06 || complete_equivariant_source_type:568011a13ebcfb68ed6f6cbce6c855eea6c45f38277b6f6b8089dae49a46c606 || complete_equivariant_source_type:59fe5e48b414410f2914b7276252f637ee92df1fe773e5d509ecd5b43a894ed6 || complete_equivariant_source_type:5c42301ebb13a5e7a2748c769e61bf79da8dcae085b5d4a86dbae1c45135e817 || complete_equivariant_source_type:5c58393de18a364a77131cbe76547b7b20016263c0c8de5e1d852ae5c04c12c4 || complete_equivariant_source_type:5eeca1f34b16435ff3e2d5e1fe7264a269e22dae14dd22943895ca650962e0a1 || complete_equivariant_source_type:5eee958b44f8055c39f3053f16debdf559560af169a3220d07adbbd7fe9ecea9 || complete_equivariant_source_type:5faa6186abde9f452cf12dd5d8b4e18b0a347d4651c5dd8e0d1845d1f8449033 || complete_equivariant_source_type:6ad7100a7d61eba363a1489d8348c088a86358d805b8f9a8b453760391244b03 || complete_equivariant_source_type:6e5f8558b170ca2e43209dc2165bf0e2f3009d9f3c83a7e1d71c8f030e2df96d || complete_equivariant_source_type:6f5ce514ad0a15c6b11dd85a4b25ac390066e91acfeb0166c4df19186b41b3ef || complete_equivariant_source_type:73815cb9c3468fc1534ced9d6feeb04993ee9cd5700e17be4be886025fac2fa8 || complete_equivariant_source_type:7491bdca7243e701919248a16748b2a811a976475581e944198501373f793ffe || complete_equivariant_source_type:7b0236bd24a06508aebdf6d7213119fc87063bb075a144f7cbab904458357943 || complete_equivariant_source_type:7dd2843c8ad0d3a8a4a0c91f3b77fd459f1bc023ba5bae9f15b86e12cc6c9d7b || complete_equivariant_source_type:7ea2e89e7284194e0f82dafb610b0f7210c4e0a7b4ad80781188ef91eaa07005 || complete_equivariant_source_type:954d3045488da92511553cda6f6164a7dca2bf90b672c928265dc474102e50b6 || complete_equivariant_source_type:9a89f08fb2b310802ffd2f2d381e45ab4486cbbe8f2b1e77024010889f9752a3 || complete_equivariant_source_type:9aae707f834f3458e7c79dd78e37103c0a24e595bbb6789d03e1979687833d5b || complete_equivariant_source_type:b363339b3dbb838bb1f1a2e6b0d7c8ee79ef6ebcab185503debb237d20837434 || complete_equivariant_source_type:b608d4a519bec7010faf10f3ed149cda0881f099d05a18671f4f2b80e39baae8 || complete_equivariant_source_type:b7eb99743615315e6332c093a8f15ab882953b2993e88048a67722299c57784d || complete_equivariant_source_type:c17d29324e877a103dde18df6164211b1e9e3f466843914041baf392ef40e4c2 || complete_equivariant_source_type:c21c44a1ede2eea545c69e8267b76f93a7f4ca995da31793209ba306cdc9f86b || complete_equivariant_source_type:c3e0df8b5f61614e1553ab81e51cde91df03b4619dc45845c2d6b7ca4cb85ce9 || complete_equivariant_source_type:c89986138ead4a617ae19a3f66861095933a65987c2f40d9ec217547c813c1db || complete_equivariant_source_type:cabcd7e2589c97eb567d0a2c18b2aa79d0370923db51442303d6e431ab1dcafe || complete_equivariant_source_type:cf70c2ca8a5ea6547797904ecd6d4c4cebc1bf0a2c850a6a46ead78de697e221 || complete_equivariant_source_type:da1222ae856ad5ef0363e8f08404f802cf0cd2acb0e7e979cf4b83b00146b876 || complete_equivariant_source_type:dfe38626b21fac09f4bb0723d5f88f64b0e6e399d69784831e47d0963b412e67 || complete_equivariant_source_type:e4c5bcc5b08edc7bda47899bee69858034961e04f46b4f6a9d3e7cc5abf7b5eb || complete_equivariant_source_type:e727ef96fb01bf3d1704d4fefb9cb955c0daadc112c05bd2ed7ea44d966045b4 || complete_equivariant_source_type:f3681bdfbbc5aed5f130c0c704432d7ba84710cd8fadb5acc6d0a2de207e3773 || complete_equivariant_source_type:f47d1ea12fe49a9195f60c176afd3c548f2eb82fc7f6add5ac7f55dfa415f76d || complete_equivariant_source_type:f77555548cae3d2bc9a3924addbd8b7ed5d60d2925513ee12f826d9e21410be8	complete_equivariant_source_type:0250a244d0ca6dc314b8d4ca95215bc6504b7937c058538b52c424ce19a26e81 | complete_equivariant_source_type:028418c41e09fa845ae17f1c36d48714ba6e189fca08c34473cec3d78259b53c | complete_equivariant_source_type:029f4a9e560b025fce4de82b705d72f339a35e98209056dee2d1f906261b3473 | complete_equivariant_source_type:03a33d239708c51e15132a04b3917d0e2920b0d768fd6ba76cbc93e29ce5e167 | complete_equivariant_source_type:0a92fe4aab10fcae7a0cf38f0488af7e8e2a1a4de072164fc6f67cc43b7715df | complete_equivariant_source_type:0aa7307123dc4375d0d55c69fd285c422061ff1523921c2a5d7f206213eb4bda | complete_equivariant_source_type:1150ae8b8115bd546dc66d3c31b654af36a48cf45b3180c3e3903e35b93cf6c9 | complete_equivariant_source_type:189100bb3f65a8bf0977b03df789cbd62ee5d0a9b8a26e41d159145f9912cc45 | complete_equivariant_source_type:19596ea628c95d49ff50928436d257f85d272a364a4a8fbf4318597ced9e11ad | complete_equivariant_source_type:2e41b547f217ed7bf45f31e0e2c846c0cebc5188f6800ae5621a979f4852430d | complete_equivariant_source_type:2ec51056c005e57f912de24fe73ed9f97d2eade72fbdf66f8604e07ef3d4cf97 | complete_equivariant_source_type:30a06f26528c57b8f910b35d9546703a2c474cf1bc8ea6d27116d8fa6713b797 | complete_equivariant_source_type:377f9d09b7f4a3b5de895fd69b9f83c477377392ce78555b18c9114c914b50e8 | complete_equivariant_source_type:3869e6ccb2746239046a862ce131a6a07580b2c8d64a1c3544abade7a86a4eb4 | complete_equivariant_source_type:3a2a93d1c4afae5ab112d08731969ff76365f5ebbcf40e04f14d845326a28828 | complete_equivariant_source_type:41e2eda3d89ef4fb7ddf0f0934e445e80c39c7a40c339723e6a7f13aa377abe4 | complete_equivariant_source_type:43974763ff0cf389ea809afe2b7b39a3dcf5f1498c155cbb448268b7512c2564 | complete_equivariant_source_type:455617afc09218f32718c1c58bc204ec2199e57891553663fbe0850463be6117 | complete_equivariant_source_type:4a0d0812279eceade9c866d38b77399fb2efdfa84202d5de342fa66af525edfa | complete_equivariant_source_type:521f33cf3d401a93fa367ee36f930c3852c7d87a8b280b69d808bf954a70a7d5 | complete_equivariant_source_type:52358af1d0c2f24faf3962b180a0b84281d98fa9ba23bb0bfcebe9d07b1f3f06 | complete_equivariant_source_type:568011a13ebcfb68ed6f6cbce6c855eea6c45f38277b6f6b8089dae49a46c606 | complete_equivariant_source_type:59fe5e48b414410f2914b7276252f637ee92df1fe773e5d509ecd5b43a894ed6 | complete_equivariant_source_type:5c42301ebb13a5e7a2748c769e61bf79da8dcae085b5d4a86dbae1c45135e817 | complete_equivariant_source_type:5c58393de18a364a77131cbe76547b7b20016263c0c8de5e1d852ae5c04c12c4 | complete_equivariant_source_type:5eeca1f34b16435ff3e2d5e1fe7264a269e22dae14dd22943895ca650962e0a1 | complete_equivariant_source_type:5eee958b44f8055c39f3053f16debdf559560af169a3220d07adbbd7fe9ecea9 | complete_equivariant_source_type:5faa6186abde9f452cf12dd5d8b4e18b0a347d4651c5dd8e0d1845d1f8449033 | complete_equivariant_source_type:6ad7100a7d61eba363a1489d8348c088a86358d805b8f9a8b453760391244b03 | complete_equivariant_source_type:6e5f8558b170ca2e43209dc2165bf0e2f3009d9f3c83a7e1d71c8f030e2df96d | complete_equivariant_source_type:6f5ce514ad0a15c6b11dd85a4b25ac390066e91acfeb0166c4df19186b41b3ef | complete_equivariant_source_type:73815cb9c3468fc1534ced9d6feeb04993ee9cd5700e17be4be886025fac2fa8 | complete_equivariant_source_type:7491bdca7243e701919248a16748b2a811a976475581e944198501373f793ffe | complete_equivariant_source_type:7b0236bd24a06508aebdf6d7213119fc87063bb075a144f7cbab904458357943 | complete_equivariant_source_type:7dd2843c8ad0d3a8a4a0c91f3b77fd459f1bc023ba5bae9f15b86e12cc6c9d7b | complete_equivariant_source_type:7ea2e89e7284194e0f82dafb610b0f7210c4e0a7b4ad80781188ef91eaa07005 | complete_equivariant_source_type:954d3045488da92511553cda6f6164a7dca2bf90b672c928265dc474102e50b6 | complete_equivariant_source_type:9a89f08fb2b310802ffd2f2d381e45ab4486cbbe8f2b1e77024010889f9752a3 | complete_equivariant_source_type:9aae707f834f3458e7c79dd78e37103c0a24e595bbb6789d03e1979687833d5b | complete_equivariant_source_type:b363339b3dbb838bb1f1a2e6b0d7c8ee79ef6ebcab185503debb237d20837434 | complete_equivariant_source_type:b608d4a519bec7010faf10f3ed149cda0881f099d05a18671f4f2b80e39baae8 | complete_equivariant_source_type:b7eb99743615315e6332c093a8f15ab882953b2993e88048a67722299c57784d | complete_equivariant_source_type:c17d29324e877a103dde18df6164211b1e9e3f466843914041baf392ef40e4c2 | complete_equivariant_source_type:c21c44a1ede2eea545c69e8267b76f93a7f4ca995da31793209ba306cdc9f86b | complete_equivariant_source_type:c3e0df8b5f61614e1553ab81e51cde91df03b4619dc45845c2d6b7ca4cb85ce9 | complete_equivariant_source_type:c89986138ead4a617ae19a3f66861095933a65987c2f40d9ec217547c813c1db | complete_equivariant_source_type:cabcd7e2589c97eb567d0a2c18b2aa79d0370923db51442303d6e431ab1dcafe | complete_equivariant_source_type:cf70c2ca8a5ea6547797904ecd6d4c4cebc1bf0a2c850a6a46ead78de697e221 | complete_equivariant_source_type:da1222ae856ad5ef0363e8f08404f802cf0cd2acb0e7e979cf4b83b00146b876 | complete_equivariant_source_type:dfe38626b21fac09f4bb0723d5f88f64b0e6e399d69784831e47d0963b412e67 | complete_equivariant_source_type:e4c5bcc5b08edc7bda47899bee69858034961e04f46b4f6a9d3e7cc5abf7b5eb | complete_equivariant_source_type:e727ef96fb01bf3d1704d4fefb9cb955c0daadc112c05bd2ed7ea44d966045b4 | complete_equivariant_source_type:f3681bdfbbc5aed5f130c0c704432d7ba84710cd8fadb5acc6d0a2de207e3773 | complete_equivariant_source_type:f47d1ea12fe49a9195f60c176afd3c548f2eb82fc7f6add5ac7f55dfa415f76d | complete_equivariant_source_type:f77555548cae3d2bc9a3924addbd8b7ed5d60d2925513ee12f826d9e21410be8	CENSUS_LEVEL	"{""210"":""CENSUS_LEVEL"",""211"":""CENSUS_LEVEL"",""212"":""CENSUS_LEVEL"",""213"":""CENSUS_LEVEL"",""214"":""CENSUS_LEVEL"",""215"":""CENSUS_LEVEL"",""216"":""CENSUS_LEVEL"",""217"":""CENSUS_LEVEL"",""218"":""CENSUS_LEVEL"",""219"":""CENSUS_LEVEL"",""220"":""CENSUS_LEVEL"",""221"":""CENSUS_LEVEL"",""277"":""CENSUS_LEVEL"",""279"":""CENSUS_LEVEL"",""280"":""CENSUS_LEVEL"",""281"":""CENSUS_LEVEL"",""282"":""CENSUS_LEVEL"",""283"":""CENSUS_LEVEL"",""284"":""CENSUS_LEVEL"",""285"":""CENSUS_LEVEL"",""286"":""CENSUS_LEVEL"",""287"":""CENSUS_LEVEL"",""288"":""CENSUS_LEVEL"",""289"":""CENSUS_LEVEL"",""290"":""CENSUS_LEVEL"",""291"":""CENSUS_LEVEL"",""292"":""CENSUS_LEVEL"",""293"":""CENSUS_LEVEL"",""294"":""CENSUS_LEVEL"",""295"":""CENSUS_LEVEL"",""296"":""CENSUS_LEVEL"",""297"":""CENSUS_LEVEL"",""298"":""CENSUS_LEVEL"",""299"":""CENSUS_LEVEL"",""300"":""CENSUS_LEVEL"",""301"":""CENSUS_LEVEL"",""302"":""CENSUS_LEVEL"",""303"":""CENSUS_LEVEL"",""304"":""CENSUS_LEVEL"",""305"":""CENSUS_LEVEL"",""306"":""CENSUS_LEVEL"",""307"":""CENSUS_LEVEL"",""308"":""CENSUS_LEVEL"",""309"":""CENSUS_LEVEL"",""310"":""CENSUS_LEVEL"",""311"":""CENSUS_LEVEL"",""312"":""CENSUS_LEVEL"",""313"":""CENSUS_LEVEL"",""314"":""CENSUS_LEVEL"",""315"":""CENSUS_LEVEL"",""316"":""CENSUS_LEVEL"",""317"":""CENSUS_LEVEL"",""318"":""CENSUS_LEVEL"",""319"":""CENSUS_LEVEL"",""320"":""CENSUS_LEVEL"",""321"":""CENSUS_LEVEL"",""322"":""CENSUS_LEVEL"",""323"":""CENSUS_LEVEL"",""324"":""CENSUS_LEVEL"",""325"":""CENSUS_LEVEL"",""326"":""CENSUS_LEVEL"",""327"":""CENSUS_LEVEL"",""328"":""CENSUS_LEVEL""}"	research_outputs/hodgecy_ii/complete_fidelity_pairs_and_sets.tsv	"{""historical_census_schema"":""hodgecy_ii_complete_fidelity_census_historical.v1"",""historical_census_source"":""research_outputs/hodgecy_ii/complete_fidelity_pairs_and_sets.tsv"",""historical_set_id"":""C0019""}"	same rational source type but different integral/Smith type	REPRODUCED	"{""category"":""RATIONAL COLLAPSE / INTEGRAL SEPARATION"",""first_separating_level"":""integral_source"",""shared_levels"":[""rational_source""]}"	"{""category_reproduced"":true,""classification_source"":""historical_complete_fidelity_tsv_reingested_by_v1"",""first_separating_level_reproduced"":true,""member_validation_status"":{""210"":""CENSUS_LEVEL"",""211"":""CENSUS_LEVEL"",""212"":""CENSUS_LEVEL"",""213"":""CENSUS_LEVEL"",""214"":""CENSUS_LEVEL"",""215"":""CENSUS_LEVEL"",""216"":""CENSUS_LEVEL"",""217"":""CENSUS_LEVEL"",""218"":""CENSUS_LEVEL"",""219"":""CENSUS_LEVEL"",""220"":""CENSUS_LEVEL"",""221"":""CENSUS_LEVEL"",""277"":""CENSUS_LEVEL"",""279"":""CENSUS_LEVEL"",""280"":""CENSUS_LEVEL"",""281"":""CENSUS_LEVEL"",""282"":""CENSUS_LEVEL"",""283"":""CENSUS_LEVEL"",""284"":""CENSUS_LEVEL"",""285"":""CENSUS_LEVEL"",""286"":""CENSUS_LEVEL"",""287"":""CENSUS_LEVEL"",""288"":""CENSUS_LEVEL"",""289"":""CENSUS_LEVEL"",""290"":""CENSUS_LEVEL"",""291"":""CENSUS_LEVEL"",""292"":""CENSUS_LEVEL"",""293"":""CENSUS_LEVEL"",""294"":""CENSUS_LEVEL"",""295"":""CENSUS_LEVEL"",""296"":""CENSUS_LEVEL"",""297"":""CENSUS_LEVEL"",""298"":""CENSUS_LEVEL"",""299"":""CENSUS_LEVEL"",""300"":""CENSUS_LEVEL"",""301"":""CENSUS_LEVEL"",""302"":""CENSUS_LEVEL"",""303"":""CENSUS_LEVEL"",""304"":""CENSUS_LEVEL"",""305"":""CENSUS_LEVEL"",""306"":""CENSUS_LEVEL"",""307"":""CENSUS_LEVEL"",""308"":""CENSUS_LEVEL"",""309"":""CENSUS_LEVEL"",""310"":""CENSUS_LEVEL"",""311"":""CENSUS_LEVEL"",""312"":""CENSUS_LEVEL"",""313"":""CENSUS_LEVEL"",""314"":""CENSUS_LEVEL"",""315"":""CENSUS_LEVEL"",""316"":""CENSUS_LEVEL"",""317"":""CENSUS_LEVEL"",""318"":""CENSUS_LEVEL"",""319"":""CENSUS_LEVEL"",""320"":""CENSUS_LEVEL"",""321"":""CENSUS_LEVEL"",""322"":""CENSUS_LEVEL"",""323"":""CENSUS_LEVEL"",""324"":""CENSUS_LEVEL"",""325"":""CENSUS_LEVEL"",""326"":""CENSUS_LEVEL"",""327"":""CENSUS_LEVEL"",""328"":""CENSUS_LEVEL""},""membership_reproduced"":true,""shared_levels_reproduced"":true,""source_recomputation_scope"":""current_v1_reuses_frozen_historical_456_record_census; no fresh mining pass""}"	hodgecy_ii_complete_fidelity:C0019	fidelity_census_reconciled:C0019
C0020	222 | 223 | 224 | 225 | 226 | 227 | 228 | 229 | 230 | 329 | 330 | 331 | 332 | 333 | 334 | 335 | 336 | 337 | 338 | 339 | 340 | 341 | 342 | 343 | 344 | 345 | 346 | 347 | 348 | 349 | 350 | 351 | 352 | 353 | 354 | 355 | 356 | 357 | 358 | 359 | 360 | 361 | 362 | 363 | 364 | 365 | 366 | 367 | 368 | 369 | 370 | 371 | 372 | 373 | 374 | 375 | 376 | 377 | 378 | 379 | 380 | 381 | 382 | 383 | 384 | 385	222 / 223 / 224 / 225 / 226 / 227 / 228 / 229 / 230 / 329 / 330 / 331 / 332 / 333 / 334 / 335 / 336 / 337 / 338 / 339 / 340 / 341 / 342 / 343 / 344 / 345 / 346 / 347 / 348 / 349 / 350 / 351 / 352 / 353 / 354 / 355 / 356 / 357 / 358 / 359 / 360 / 361 / 362 / 363 / 364 / 365 / 366 / 367 / 368 / 369 / 370 / 371 / 372 / 373 / 374 / 375 / 376 / 377 / 378 / 379 / 380 / 381 / 382 / 383 / 384 / 385	66	larger_set	RATIONAL COLLAPSE / INTEGRAL SEPARATION	RATIONAL COLLAPSE / INTEGRAL SEPARATION	rational_source	integral_source	integral/Smith type	p3=0;p4_0=0;p4_1=0;p5_0=0;p5_1=0;p5_2=0;l3=0	UNKNOWN_HODGE	UNKNOWN_HODGE	complete_rational_source_type:1c56638564e35915389c95538acd04aec81b0e5da3ced4507fa70e7a5d2ce49e	complete_rational_source_type:1c56638564e35915389c95538acd04aec81b0e5da3ced4507fa70e7a5d2ce49e	complete_integral_source_type:17eab8fea54171d59a97297572ce635e226ffc62902dc33096e3a455004ff02f || complete_integral_source_type:1d1fd286d89a61b5bfceb3fa38fb95fd5c62bbd95057b7255b54ecbfce0f3e9d || complete_integral_source_type:23a1d0d78aa1417329ef0abc720e7414fa1a853822ab3b21692b629230711f53 || complete_integral_source_type:29cd8d062d526af517f7b1cd0f5552a1f34d8279a863648b8e4c0f75c2e8b42e || complete_integral_source_type:3b8f12f81f78a3e291cd66630480744faa8e2c616915e61733a0a6ec336dd710 || complete_integral_source_type:41e15aa2c1b066670ec00002122cf5ed7db6ba021a55af3a301630ac8338fb2e || complete_integral_source_type:61fa318ce37eb4cdf57b8db34746ed7c427b15993a7b03194eac6d7556433b7f || complete_integral_source_type:732a913b168a3588a1c4662c489bda4173c21227ed3851b246d4104e23e4d5d5 || complete_integral_source_type:7999d4e70faca21188d6fa5397b0e5478a9a551b4579aba8fed81bedc8a356db || complete_integral_source_type:7afc529ca28a6df15e078e4e0f4be3e645ffeddec3b976dd422c31005a6914fd || complete_integral_source_type:7b03978e33b5e51b1d553c474ba02f8b85804d07552c3941d4d035c3f1224a3b || complete_integral_source_type:7be32d0bfad01cdcec0a2922d89ae793d360d49958dbd6e8cdafc09728166d6e || complete_integral_source_type:7ea32df2b511358b2fd9b71b75137872a4d330974f6671d28cda5480b0515859 || complete_integral_source_type:87a7b8a8b4c3bfb67ceaa0395255562c50b7ad2426f26f0e211d42558db02556 || complete_integral_source_type:a79e8eb9b118d969bae82f30fca2b321c890c6ffb6bc21fe0a6a3f6c9f6dd410 || complete_integral_source_type:ad5cd17c4a8fcd4b84160e3d42ebad430c27c18bfb416d696d18bda24ed37b71 || complete_integral_source_type:ba9f3fe71347fa97e19e98fa309bd76f8c269eb495fe4c982c8c52f470306f0b || complete_integral_source_type:bf67cbd2f370ddfc3b20ca5da719cada525c4b0eb92326df39677503bfce6e0a || complete_integral_source_type:cb692e16cfe5803ef151e7a9086869af37494f32179c1a6d787dc61eef680b57 || complete_integral_source_type:cd3ddc9a0da77c50403e54cc75733efa60c35493926980656e96b187eb7f3a57 || complete_integral_source_type:d1e2a1d48f280b15f16bc12fec84bcd474092faa6b835ca859a48c34aac3f5d8 || complete_integral_source_type:d394935d4341aefd76ca3897b955bc94c1c67f03f1e5931c660fe16d5e0848d5 || complete_integral_source_type:d85d2ee1e2897ce5f0ebfe7dc4289f1f7e9da9a8ffc749a215c092d37ca7c6a5 || complete_integral_source_type:e633aa8ac15533470de10f8b335cf83861d9854978673a34516ab14b8b8d195c	complete_integral_source_type:17eab8fea54171d59a97297572ce635e226ffc62902dc33096e3a455004ff02f | complete_integral_source_type:1d1fd286d89a61b5bfceb3fa38fb95fd5c62bbd95057b7255b54ecbfce0f3e9d | complete_integral_source_type:23a1d0d78aa1417329ef0abc720e7414fa1a853822ab3b21692b629230711f53 | complete_integral_source_type:29cd8d062d526af517f7b1cd0f5552a1f34d8279a863648b8e4c0f75c2e8b42e | complete_integral_source_type:3b8f12f81f78a3e291cd66630480744faa8e2c616915e61733a0a6ec336dd710 | complete_integral_source_type:41e15aa2c1b066670ec00002122cf5ed7db6ba021a55af3a301630ac8338fb2e | complete_integral_source_type:61fa318ce37eb4cdf57b8db34746ed7c427b15993a7b03194eac6d7556433b7f | complete_integral_source_type:732a913b168a3588a1c4662c489bda4173c21227ed3851b246d4104e23e4d5d5 | complete_integral_source_type:7999d4e70faca21188d6fa5397b0e5478a9a551b4579aba8fed81bedc8a356db | complete_integral_source_type:7afc529ca28a6df15e078e4e0f4be3e645ffeddec3b976dd422c31005a6914fd | complete_integral_source_type:7b03978e33b5e51b1d553c474ba02f8b85804d07552c3941d4d035c3f1224a3b | complete_integral_source_type:7be32d0bfad01cdcec0a2922d89ae793d360d49958dbd6e8cdafc09728166d6e | complete_integral_source_type:7ea32df2b511358b2fd9b71b75137872a4d330974f6671d28cda5480b0515859 | complete_integral_source_type:87a7b8a8b4c3bfb67ceaa0395255562c50b7ad2426f26f0e211d42558db02556 | complete_integral_source_type:a79e8eb9b118d969bae82f30fca2b321c890c6ffb6bc21fe0a6a3f6c9f6dd410 | complete_integral_source_type:ad5cd17c4a8fcd4b84160e3d42ebad430c27c18bfb416d696d18bda24ed37b71 | complete_integral_source_type:ba9f3fe71347fa97e19e98fa309bd76f8c269eb495fe4c982c8c52f470306f0b | complete_integral_source_type:bf67cbd2f370ddfc3b20ca5da719cada525c4b0eb92326df39677503bfce6e0a | complete_integral_source_type:cb692e16cfe5803ef151e7a9086869af37494f32179c1a6d787dc61eef680b57 | complete_integral_source_type:cd3ddc9a0da77c50403e54cc75733efa60c35493926980656e96b187eb7f3a57 | complete_integral_source_type:d1e2a1d48f280b15f16bc12fec84bcd474092faa6b835ca859a48c34aac3f5d8 | complete_integral_source_type:d394935d4341aefd76ca3897b955bc94c1c67f03f1e5931c660fe16d5e0848d5 | complete_integral_source_type:d85d2ee1e2897ce5f0ebfe7dc4289f1f7e9da9a8ffc749a215c092d37ca7c6a5 | complete_integral_source_type:e633aa8ac15533470de10f8b335cf83861d9854978673a34516ab14b8b8d195c	complete_torsion_type:0f76411a27296686800adecdbcfdd42edfd54fce0dff0a323239fc0cc7a0339c || complete_torsion_type:19474bc7920a5afa72aa857bf5d101b752fc1117d295d45918cabf904a444f47 || complete_torsion_type:3a5189342f6e51bab111f7b86f22aed92d63221f1ef3071c53d3f966dc8986f6 || complete_torsion_type:428e4b3a07800f0105210ad9c0ba25f9082f44dbf0803a77f7831b2e637ce354 || complete_torsion_type:4cc4f0826c667c3a4863954d065de2bfb6b875a1451cd33256828bbdb27b1567 || complete_torsion_type:52318fa651429e353c2d8ef84cdd8bd6add5665dfcbee6561a6dee8e26419264 || complete_torsion_type:54fb69f39f5a4e1da8427e66448f27573cb7dd76a0f815c503bfcdcbbdf6ca7b || complete_torsion_type:62401358dcd8d1f3b8a6e8acfb0fb7dc43784d5ed2b254365510f62fb7f3ad05 || complete_torsion_type:7b0cf4e50d2a20619d8d10ff05c84aaf7d3c699443dff88ec69f594f06e1c384 || complete_torsion_type:85b9fa69d657844d16e64bad3ffd32afd91e205880425c0ec7fb1306bee2f229 || complete_torsion_type:8f247b1c3723e4b800eadef67d706230133f3e8353bd2cdad063b195348912c2 || complete_torsion_type:9016ab1d815283535fd6b79af573c13c39a5b471f1fe0869b4f047e518be6440 || complete_torsion_type:9e3c65f813550a7933f7cd9dbe4cf6431d0f63520e705c69fce69c8511b6a46b || complete_torsion_type:a1ee222e8c8201c18a1f87a35bdfe4df2e6f579a47786ad159f52b829f5249e1 || complete_torsion_type:a9d9ac9be51e6829e007864ff6edd38ceabc919a2787b7d3b7ddec57b482a6c3 || complete_torsion_type:aa8a19dab3e6553ef0ae468aa9f75136986b2fef3589ae1d73bc9809c9f5ca0f || complete_torsion_type:af460af3346996d42160313ddfb5ff3a4144cb1712a928f2cf7ead6a7d09e801 || complete_torsion_type:b27e8bcc604b6476c59c2abb47792c784497cc0e0136f364d35d4aa6ac2fee80 || complete_torsion_type:b74e5ffd1f3d50dc31b13a4cacaa097a4b77c96c81db8b38c2036a23cb04c517 || complete_torsion_type:baca21e0dd84cf91275d822f51f25b14ed2098f7d62fffc791720df08c3e7cca || complete_torsion_type:cbb50465683cb8ff86f3cc34186c23aa5b9eaf0a73b417114bab927bf496709a || complete_torsion_type:d8c3501dc35a786f9bca813503135d6a1b7d8cf33fefe978f926d3f5ead2a75d || complete_torsion_type:e5f7425da8d8a3867acbc1dcc55f387093f61229d05c7cc3dc795123a3fd8108 || complete_torsion_type:ed86ce2c369fe8599fe149e1841614bcae93901d7d040fca84cfad4825f75070	complete_torsion_type:0f76411a27296686800adecdbcfdd42edfd54fce0dff0a323239fc0cc7a0339c | complete_torsion_type:19474bc7920a5afa72aa857bf5d101b752fc1117d295d45918cabf904a444f47 | complete_torsion_type:3a5189342f6e51bab111f7b86f22aed92d63221f1ef3071c53d3f966dc8986f6 | complete_torsion_type:428e4b3a07800f0105210ad9c0ba25f9082f44dbf0803a77f7831b2e637ce354 | complete_torsion_type:4cc4f0826c667c3a4863954d065de2bfb6b875a1451cd33256828bbdb27b1567 | complete_torsion_type:52318fa651429e353c2d8ef84cdd8bd6add5665dfcbee6561a6dee8e26419264 | complete_torsion_type:54fb69f39f5a4e1da8427e66448f27573cb7dd76a0f815c503bfcdcbbdf6ca7b | complete_torsion_type:62401358dcd8d1f3b8a6e8acfb0fb7dc43784d5ed2b254365510f62fb7f3ad05 | complete_torsion_type:7b0cf4e50d2a20619d8d10ff05c84aaf7d3c699443dff88ec69f594f06e1c384 | complete_torsion_type:85b9fa69d657844d16e64bad3ffd32afd91e205880425c0ec7fb1306bee2f229 | complete_torsion_type:8f247b1c3723e4b800eadef67d706230133f3e8353bd2cdad063b195348912c2 | complete_torsion_type:9016ab1d815283535fd6b79af573c13c39a5b471f1fe0869b4f047e518be6440 | complete_torsion_type:9e3c65f813550a7933f7cd9dbe4cf6431d0f63520e705c69fce69c8511b6a46b | complete_torsion_type:a1ee222e8c8201c18a1f87a35bdfe4df2e6f579a47786ad159f52b829f5249e1 | complete_torsion_type:a9d9ac9be51e6829e007864ff6edd38ceabc919a2787b7d3b7ddec57b482a6c3 | complete_torsion_type:aa8a19dab3e6553ef0ae468aa9f75136986b2fef3589ae1d73bc9809c9f5ca0f | complete_torsion_type:af460af3346996d42160313ddfb5ff3a4144cb1712a928f2cf7ead6a7d09e801 | complete_torsion_type:b27e8bcc604b6476c59c2abb47792c784497cc0e0136f364d35d4aa6ac2fee80 | complete_torsion_type:b74e5ffd1f3d50dc31b13a4cacaa097a4b77c96c81db8b38c2036a23cb04c517 | complete_torsion_type:baca21e0dd84cf91275d822f51f25b14ed2098f7d62fffc791720df08c3e7cca | complete_torsion_type:cbb50465683cb8ff86f3cc34186c23aa5b9eaf0a73b417114bab927bf496709a | complete_torsion_type:d8c3501dc35a786f9bca813503135d6a1b7d8cf33fefe978f926d3f5ead2a75d | complete_torsion_type:e5f7425da8d8a3867acbc1dcc55f387093f61229d05c7cc3dc795123a3fd8108 | complete_torsion_type:ed86ce2c369fe8599fe149e1841614bcae93901d7d040fca84cfad4825f75070	complete_equivariant_source_type:0144a63abeabf7c34dff82300cb087fd9b9d14c62191a175375e3da96c26582b || complete_equivariant_source_type:0d2b603dccc8dd48b1e5b65204ec0cee80064378b1a0ab6ecc64a2726b03b225 || complete_equivariant_source_type:147a850c76fcf72632358e46834d193dd99ef3e78d5acc63f688df09193da633 || complete_equivariant_source_type:147b6c917cb8caf4bc9443dbe0d7fa6661e3da8aefc0817fd0b32c95aec3ca65 || complete_equivariant_source_type:15980bebd928c7f725557990fca7f805c55618268d0cef9395c142d41865abf4 || complete_equivariant_source_type:1c1c65c8912f6bcc48eaa4493b05b389aa6ca0ab03b3a8f0e2de101bd61366b2 || complete_equivariant_source_type:1cfff63126466f956991f100606415c5f79a5fbedaf8b30f1a6c95aa6f0ad65e || complete_equivariant_source_type:24e942e751f3c79ffbba9c60e2bad165bfae9174c3e531429d270c87930a57ee || complete_equivariant_source_type:333cb4fcf8edd060aff5ed5d5c2473609f68a520f14195dca79096298ca4f757 || complete_equivariant_source_type:35ea304768195cd3909f2ec34dee302bb8b686b9c2cfcd23b46f0ad22636fb5f || complete_equivariant_source_type:4466ac659f606b4590abb71e9331a06723f66d0e2a01596645351c5ac6fe7cb3 || complete_equivariant_source_type:46207d69a0a386fb87097d20806ba8daf47aa298f3b9a12f9219dba62dbd3f5f || complete_equivariant_source_type:4aff82032cda766d8477933afc9c09f88df28f196cb9b949ed6df4e2596978dc || complete_equivariant_source_type:4da2d6d80ce506d28c3e05bf67b99a3663340d8556a1492095bc570139da0709 || complete_equivariant_source_type:647e997947992fdbbed7ca891e4cfffdca384ebfdfa26c3573bdf351c43a0abc || complete_equivariant_source_type:68ca99d6af8843e00dc50f6b29f31df44fc2e39de3fbd174a7de4f7cde2b3ec9 || complete_equivariant_source_type:6a4ce1b6d28499092c0e507f9f8d8dc99ae4102208ca85df39f0ff50eecefb80 || complete_equivariant_source_type:6fbc89a120529d425dd21d2bd2aa9e31ec5c50621a5e59e0fff2492cf2dfdc66 || complete_equivariant_source_type:706a31fb6605aaec9d5fae1f858d54e456614196cb532a2d6f812e343761c7da || complete_equivariant_source_type:773e333b06b389f542c522957353595959e28f9d4d4cd6bba1690289dfc4f78a || complete_equivariant_source_type:7b6b9f5260eca2f763321f59e7044aa1d518162587385af10b442cb76bf9a953 || complete_equivariant_source_type:7cd82d5a80dadf383064875768fc7277b529b54b79ebc75eb75bc3a4ea346ed7 || complete_equivariant_source_type:7eff9f0e5713d8db194b1bad197a8010321752a0a7958fdb1955937aaa613cc2 || complete_equivariant_source_type:820569c35647e285b8a0c2da2a70dde0ff3e55e573472ceeff582ad723499074 || complete_equivariant_source_type:83b8a338e5eb70174cf9c9507a6075cea3e349e87c15cc81cd30ce55c6221c97 || complete_equivariant_source_type:8760011405a13ce60ec115abfde5de91330ee42df97260a33e643160289bf86a || complete_equivariant_source_type:87e2bb40f617306fc4c50fa4864c42dc1424437f47ee5dc78200aa3099056e45 || complete_equivariant_source_type:896747e6f214b5871c9287db19b94a2350774c3ed0d8c917c592553184a824a6 || complete_equivariant_source_type:8a0cc4f304b6706625aa01fa797200fc0314646c0e89c043972a43cd74f146af || complete_equivariant_source_type:8f516e48294453fbef372d349d774992cb86436cffce7d2ab0bc76224a349d91 || complete_equivariant_source_type:913d03a602b94028e10bf4c74fbe71c45f19328339100b161e5f98f7e84b74b6 || complete_equivariant_source_type:a26b5a115f86def5e3176faa6a01749d990b7b8237399d7638be29d0f0aba918 || complete_equivariant_source_type:a65231fcb96c89cdc1a3f85f204627771b3c136c1d17531ea634d0ab8eed21fc || complete_equivariant_source_type:b407c553912b6ad5df71077d4ee7cb88e4471860215bda687fa4a26ae4415b25 || complete_equivariant_source_type:b557df90471df980faeec1d805923d1aaac58fb92029ac5ebbafc51b9f564483 || complete_equivariant_source_type:c562b16344b8d3f33fec9ad0ce5568c325333df02a42829722b5abf4f9041d6b || complete_equivariant_source_type:c64a9a80175390c07ac7f1974d9aaed026e6d768446e7f8859a9f807216261cd || complete_equivariant_source_type:c9d9fcd764a83a5d51734d5e60cfc6bcd0aa26fc58827296637c1ce3df5edc48 || complete_equivariant_source_type:cf04c3444e3c73652db0f6ec873e9a288da4d9fdaedbb6ae9a4ee02b1f42f978 || complete_equivariant_source_type:d6694199a8b13d8358f86c2d2fe0ea122425871a9b6a83152f329d8715de22b2 || complete_equivariant_source_type:d80e2fe9da6fc8f892a3d59b7318234b805b6947c398faf0fb34b7150e2737ac || complete_equivariant_source_type:da66f2e5be44b96659d3c5d3b37e2cd75649590dcee45e4fae538500149aef3d || complete_equivariant_source_type:dc97e4c50c9f860be13c8750a3107cc5b84cc653f2822e85a53922d8de1ee711 || complete_equivariant_source_type:e439b7f0bb576b305bd3b67fc96ddd89aab4ca0ff10ed655119b4b26045d5d30 || complete_equivariant_source_type:e7b32387d59a16cf4d181f29b2abde914126c1e4d7a64012b2ff2c17bf8decf3 || complete_equivariant_source_type:eb1949a05ffae7d9a8a41a9f2aa77cbf802d3787f5d6608824f6af8e0359416d || complete_equivariant_source_type:eb7985275f93ece6b1eb8a4313395c9b8904a9fdd72a866e0c9e3914a3482417 || complete_equivariant_source_type:eb9203cc0dd8d2a55423510a88b3371c00c0b513c1adcad08cbf42d4396b64df || complete_equivariant_source_type:ef7c3af78bb82956f312af8bd5417e8c2f8b27037430fc372b840b7efbed9fe3 || complete_equivariant_source_type:f0921b0f1b3d065335ff6b52ae3a377324bfd71d5e7e1b7441aff6e924e8e317 || complete_equivariant_source_type:f0b5a14d0a46b13cfe1430acb2e9785e4005b56812917406f013b517abe9b5b4 || complete_equivariant_source_type:f3058cb76300b3fa8cbdee3d10558c8d911e4fe5274a52c4f45b3997092a2477 || complete_equivariant_source_type:f621bd9b6edde0b1728039d7b7419c90049d8599df996af38ec358acc3d6e058 || complete_equivariant_source_type:fab8748b7aa872874555424bb658be8f78d9327be77949335e018f87f51b8fee || complete_equivariant_source_type:fd5730bca72304b501e60111b95ded17c0fdacb062e126f744499392435e7cb8	complete_equivariant_source_type:0144a63abeabf7c34dff82300cb087fd9b9d14c62191a175375e3da96c26582b | complete_equivariant_source_type:0d2b603dccc8dd48b1e5b65204ec0cee80064378b1a0ab6ecc64a2726b03b225 | complete_equivariant_source_type:147a850c76fcf72632358e46834d193dd99ef3e78d5acc63f688df09193da633 | complete_equivariant_source_type:147b6c917cb8caf4bc9443dbe0d7fa6661e3da8aefc0817fd0b32c95aec3ca65 | complete_equivariant_source_type:15980bebd928c7f725557990fca7f805c55618268d0cef9395c142d41865abf4 | complete_equivariant_source_type:1c1c65c8912f6bcc48eaa4493b05b389aa6ca0ab03b3a8f0e2de101bd61366b2 | complete_equivariant_source_type:1cfff63126466f956991f100606415c5f79a5fbedaf8b30f1a6c95aa6f0ad65e | complete_equivariant_source_type:24e942e751f3c79ffbba9c60e2bad165bfae9174c3e531429d270c87930a57ee | complete_equivariant_source_type:333cb4fcf8edd060aff5ed5d5c2473609f68a520f14195dca79096298ca4f757 | complete_equivariant_source_type:35ea304768195cd3909f2ec34dee302bb8b686b9c2cfcd23b46f0ad22636fb5f | complete_equivariant_source_type:4466ac659f606b4590abb71e9331a06723f66d0e2a01596645351c5ac6fe7cb3 | complete_equivariant_source_type:46207d69a0a386fb87097d20806ba8daf47aa298f3b9a12f9219dba62dbd3f5f | complete_equivariant_source_type:4aff82032cda766d8477933afc9c09f88df28f196cb9b949ed6df4e2596978dc | complete_equivariant_source_type:4da2d6d80ce506d28c3e05bf67b99a3663340d8556a1492095bc570139da0709 | complete_equivariant_source_type:647e997947992fdbbed7ca891e4cfffdca384ebfdfa26c3573bdf351c43a0abc | complete_equivariant_source_type:68ca99d6af8843e00dc50f6b29f31df44fc2e39de3fbd174a7de4f7cde2b3ec9 | complete_equivariant_source_type:6a4ce1b6d28499092c0e507f9f8d8dc99ae4102208ca85df39f0ff50eecefb80 | complete_equivariant_source_type:6fbc89a120529d425dd21d2bd2aa9e31ec5c50621a5e59e0fff2492cf2dfdc66 | complete_equivariant_source_type:706a31fb6605aaec9d5fae1f858d54e456614196cb532a2d6f812e343761c7da | complete_equivariant_source_type:773e333b06b389f542c522957353595959e28f9d4d4cd6bba1690289dfc4f78a | complete_equivariant_source_type:7b6b9f5260eca2f763321f59e7044aa1d518162587385af10b442cb76bf9a953 | complete_equivariant_source_type:7cd82d5a80dadf383064875768fc7277b529b54b79ebc75eb75bc3a4ea346ed7 | complete_equivariant_source_type:7eff9f0e5713d8db194b1bad197a8010321752a0a7958fdb1955937aaa613cc2 | complete_equivariant_source_type:820569c35647e285b8a0c2da2a70dde0ff3e55e573472ceeff582ad723499074 | complete_equivariant_source_type:83b8a338e5eb70174cf9c9507a6075cea3e349e87c15cc81cd30ce55c6221c97 | complete_equivariant_source_type:8760011405a13ce60ec115abfde5de91330ee42df97260a33e643160289bf86a | complete_equivariant_source_type:87e2bb40f617306fc4c50fa4864c42dc1424437f47ee5dc78200aa3099056e45 | complete_equivariant_source_type:896747e6f214b5871c9287db19b94a2350774c3ed0d8c917c592553184a824a6 | complete_equivariant_source_type:8a0cc4f304b6706625aa01fa797200fc0314646c0e89c043972a43cd74f146af | complete_equivariant_source_type:8f516e48294453fbef372d349d774992cb86436cffce7d2ab0bc76224a349d91 | complete_equivariant_source_type:913d03a602b94028e10bf4c74fbe71c45f19328339100b161e5f98f7e84b74b6 | complete_equivariant_source_type:a26b5a115f86def5e3176faa6a01749d990b7b8237399d7638be29d0f0aba918 | complete_equivariant_source_type:a65231fcb96c89cdc1a3f85f204627771b3c136c1d17531ea634d0ab8eed21fc | complete_equivariant_source_type:b407c553912b6ad5df71077d4ee7cb88e4471860215bda687fa4a26ae4415b25 | complete_equivariant_source_type:b557df90471df980faeec1d805923d1aaac58fb92029ac5ebbafc51b9f564483 | complete_equivariant_source_type:c562b16344b8d3f33fec9ad0ce5568c325333df02a42829722b5abf4f9041d6b | complete_equivariant_source_type:c64a9a80175390c07ac7f1974d9aaed026e6d768446e7f8859a9f807216261cd | complete_equivariant_source_type:c9d9fcd764a83a5d51734d5e60cfc6bcd0aa26fc58827296637c1ce3df5edc48 | complete_equivariant_source_type:cf04c3444e3c73652db0f6ec873e9a288da4d9fdaedbb6ae9a4ee02b1f42f978 | complete_equivariant_source_type:d6694199a8b13d8358f86c2d2fe0ea122425871a9b6a83152f329d8715de22b2 | complete_equivariant_source_type:d80e2fe9da6fc8f892a3d59b7318234b805b6947c398faf0fb34b7150e2737ac | complete_equivariant_source_type:da66f2e5be44b96659d3c5d3b37e2cd75649590dcee45e4fae538500149aef3d | complete_equivariant_source_type:dc97e4c50c9f860be13c8750a3107cc5b84cc653f2822e85a53922d8de1ee711 | complete_equivariant_source_type:e439b7f0bb576b305bd3b67fc96ddd89aab4ca0ff10ed655119b4b26045d5d30 | complete_equivariant_source_type:e7b32387d59a16cf4d181f29b2abde914126c1e4d7a64012b2ff2c17bf8decf3 | complete_equivariant_source_type:eb1949a05ffae7d9a8a41a9f2aa77cbf802d3787f5d6608824f6af8e0359416d | complete_equivariant_source_type:eb7985275f93ece6b1eb8a4313395c9b8904a9fdd72a866e0c9e3914a3482417 | complete_equivariant_source_type:eb9203cc0dd8d2a55423510a88b3371c00c0b513c1adcad08cbf42d4396b64df | complete_equivariant_source_type:ef7c3af78bb82956f312af8bd5417e8c2f8b27037430fc372b840b7efbed9fe3 | complete_equivariant_source_type:f0921b0f1b3d065335ff6b52ae3a377324bfd71d5e7e1b7441aff6e924e8e317 | complete_equivariant_source_type:f0b5a14d0a46b13cfe1430acb2e9785e4005b56812917406f013b517abe9b5b4 | complete_equivariant_source_type:f3058cb76300b3fa8cbdee3d10558c8d911e4fe5274a52c4f45b3997092a2477 | complete_equivariant_source_type:f621bd9b6edde0b1728039d7b7419c90049d8599df996af38ec358acc3d6e058 | complete_equivariant_source_type:fab8748b7aa872874555424bb658be8f78d9327be77949335e018f87f51b8fee | complete_equivariant_source_type:fd5730bca72304b501e60111b95ded17c0fdacb062e126f744499392435e7cb8	CENSUS_LEVEL	"{""222"":""CENSUS_LEVEL"",""223"":""CENSUS_LEVEL"",""224"":""CENSUS_LEVEL"",""225"":""CENSUS_LEVEL"",""226"":""CENSUS_LEVEL"",""227"":""CENSUS_LEVEL"",""228"":""CENSUS_LEVEL"",""229"":""CENSUS_LEVEL"",""230"":""CENSUS_LEVEL"",""329"":""CENSUS_LEVEL"",""330"":""CENSUS_LEVEL"",""331"":""CENSUS_LEVEL"",""332"":""CENSUS_LEVEL"",""333"":""CENSUS_LEVEL"",""334"":""CENSUS_LEVEL"",""335"":""CENSUS_LEVEL"",""336"":""CENSUS_LEVEL"",""337"":""CENSUS_LEVEL"",""338"":""CENSUS_LEVEL"",""339"":""CENSUS_LEVEL"",""340"":""CENSUS_LEVEL"",""341"":""CENSUS_LEVEL"",""342"":""CENSUS_LEVEL"",""343"":""CENSUS_LEVEL"",""344"":""CENSUS_LEVEL"",""345"":""CENSUS_LEVEL"",""346"":""CENSUS_LEVEL"",""347"":""CENSUS_LEVEL"",""348"":""CENSUS_LEVEL"",""349"":""CENSUS_LEVEL"",""350"":""CENSUS_LEVEL"",""351"":""CENSUS_LEVEL"",""352"":""CENSUS_LEVEL"",""353"":""CENSUS_LEVEL"",""354"":""CENSUS_LEVEL"",""355"":""CENSUS_LEVEL"",""356"":""CENSUS_LEVEL"",""357"":""CENSUS_LEVEL"",""358"":""CENSUS_LEVEL"",""359"":""CENSUS_LEVEL"",""360"":""CENSUS_LEVEL"",""361"":""CENSUS_LEVEL"",""362"":""CENSUS_LEVEL"",""363"":""CENSUS_LEVEL"",""364"":""CENSUS_LEVEL"",""365"":""CENSUS_LEVEL"",""366"":""CENSUS_LEVEL"",""367"":""CENSUS_LEVEL"",""368"":""CENSUS_LEVEL"",""369"":""CENSUS_LEVEL"",""370"":""CENSUS_LEVEL"",""371"":""CENSUS_LEVEL"",""372"":""CENSUS_LEVEL"",""373"":""CENSUS_LEVEL"",""374"":""CENSUS_LEVEL"",""375"":""CENSUS_LEVEL"",""376"":""CENSUS_LEVEL"",""377"":""CENSUS_LEVEL"",""378"":""CENSUS_LEVEL"",""379"":""CENSUS_LEVEL"",""380"":""CENSUS_LEVEL"",""381"":""CENSUS_LEVEL"",""382"":""CENSUS_LEVEL"",""383"":""CENSUS_LEVEL"",""384"":""CENSUS_LEVEL"",""385"":""CENSUS_LEVEL""}"	research_outputs/hodgecy_ii/complete_fidelity_pairs_and_sets.tsv	"{""historical_census_schema"":""hodgecy_ii_complete_fidelity_census_historical.v1"",""historical_census_source"":""research_outputs/hodgecy_ii/complete_fidelity_pairs_and_sets.tsv"",""historical_set_id"":""C0020""}"	same rational source type but different integral/Smith type	REPRODUCED	"{""category"":""RATIONAL COLLAPSE / INTEGRAL SEPARATION"",""first_separating_level"":""integral_source"",""shared_levels"":[""rational_source""]}"	"{""category_reproduced"":true,""classification_source"":""historical_complete_fidelity_tsv_reingested_by_v1"",""first_separating_level_reproduced"":true,""member_validation_status"":{""222"":""CENSUS_LEVEL"",""223"":""CENSUS_LEVEL"",""224"":""CENSUS_LEVEL"",""225"":""CENSUS_LEVEL"",""226"":""CENSUS_LEVEL"",""227"":""CENSUS_LEVEL"",""228"":""CENSUS_LEVEL"",""229"":""CENSUS_LEVEL"",""230"":""CENSUS_LEVEL"",""329"":""CENSUS_LEVEL"",""330"":""CENSUS_LEVEL"",""331"":""CENSUS_LEVEL"",""332"":""CENSUS_LEVEL"",""333"":""CENSUS_LEVEL"",""334"":""CENSUS_LEVEL"",""335"":""CENSUS_LEVEL"",""336"":""CENSUS_LEVEL"",""337"":""CENSUS_LEVEL"",""338"":""CENSUS_LEVEL"",""339"":""CENSUS_LEVEL"",""340"":""CENSUS_LEVEL"",""341"":""CENSUS_LEVEL"",""342"":""CENSUS_LEVEL"",""343"":""CENSUS_LEVEL"",""344"":""CENSUS_LEVEL"",""345"":""CENSUS_LEVEL"",""346"":""CENSUS_LEVEL"",""347"":""CENSUS_LEVEL"",""348"":""CENSUS_LEVEL"",""349"":""CENSUS_LEVEL"",""350"":""CENSUS_LEVEL"",""351"":""CENSUS_LEVEL"",""352"":""CENSUS_LEVEL"",""353"":""CENSUS_LEVEL"",""354"":""CENSUS_LEVEL"",""355"":""CENSUS_LEVEL"",""356"":""CENSUS_LEVEL"",""357"":""CENSUS_LEVEL"",""358"":""CENSUS_LEVEL"",""359"":""CENSUS_LEVEL"",""360"":""CENSUS_LEVEL"",""361"":""CENSUS_LEVEL"",""362"":""CENSUS_LEVEL"",""363"":""CENSUS_LEVEL"",""364"":""CENSUS_LEVEL"",""365"":""CENSUS_LEVEL"",""366"":""CENSUS_LEVEL"",""367"":""CENSUS_LEVEL"",""368"":""CENSUS_LEVEL"",""369"":""CENSUS_LEVEL"",""370"":""CENSUS_LEVEL"",""371"":""CENSUS_LEVEL"",""372"":""CENSUS_LEVEL"",""373"":""CENSUS_LEVEL"",""374"":""CENSUS_LEVEL"",""375"":""CENSUS_LEVEL"",""376"":""CENSUS_LEVEL"",""377"":""CENSUS_LEVEL"",""378"":""CENSUS_LEVEL"",""379"":""CENSUS_LEVEL"",""380"":""CENSUS_LEVEL"",""381"":""CENSUS_LEVEL"",""382"":""CENSUS_LEVEL"",""383"":""CENSUS_LEVEL"",""384"":""CENSUS_LEVEL"",""385"":""CENSUS_LEVEL""},""membership_reproduced"":true,""shared_levels_reproduced"":true,""source_recomputation_scope"":""current_v1_reuses_frozen_historical_456_record_census; no fresh mining pass""}"	hodgecy_ii_complete_fidelity:C0020	fidelity_census_reconciled:C0020
C0021	231 | 232 | 233 | 234 | 386 | 387 | 388 | 389 | 390 | 391 | 392 | 393 | 394 | 395 | 396 | 397 | 398 | 399 | 400 | 401 | 402 | 403 | 404 | 405 | 406 | 407 | 408 | 409 | 410 | 411 | 412 | 413 | 414 | 415 | 416 | 417 | 418 | 419 | 420	231 / 232 / 233 / 234 / 386 / 387 / 388 / 389 / 390 / 391 / 392 / 393 / 394 / 395 / 396 / 397 / 398 / 399 / 400 / 401 / 402 / 403 / 404 / 405 / 406 / 407 / 408 / 409 / 410 / 411 / 412 / 413 / 414 / 415 / 416 / 417 / 418 / 419 / 420	39	larger_set	RATIONAL COLLAPSE / INTEGRAL SEPARATION	RATIONAL COLLAPSE / INTEGRAL SEPARATION	rational_source	integral_source	integral/Smith type	p3=0;p4_0=0;p4_1=0;p5_0=0;p5_1=0;p5_2=0;l3=0	UNKNOWN_HODGE	UNKNOWN_HODGE	complete_rational_source_type:ed71f72c0077c50d0120dd92ddad5b134284a9924c17588719350f59213b1111	complete_rational_source_type:ed71f72c0077c50d0120dd92ddad5b134284a9924c17588719350f59213b1111	complete_integral_source_type:1de16e9b925089d391121630af61682202cb401702b3217f9f7c24cf357b79fe || complete_integral_source_type:251f926bc59eadcad51058e11135fff85add73ae09bcc2b4237de711003fff20 || complete_integral_source_type:4e6a81ff8bf641c9c44a783f72c13eb82b0d48536644e07ac3dc99db9d194150 || complete_integral_source_type:678d938765e73e9fbac8905abce0fa6e2672f15757862e87665a21d83ca788c0 || complete_integral_source_type:6ab4f6b6c5b039906c49dcf45c146918bb8cff0977342ee51ea4fdaa431b65fb || complete_integral_source_type:7087401765b9146791011fa98cd529cad8f1f05718d7d71c322a34265b8880b0 || complete_integral_source_type:753ba81405457cb56ffa3dd4f823587c93b6ae919ae357b13c1e6c37c30fd455 || complete_integral_source_type:a1f74cb6d23e909f14098dffd76c2ff694aa8fda8dcdaf57ea66cf696e339178 || complete_integral_source_type:a70446740cf0122874faba697f34ac6e229804f4fda8812cf6e3742d60852342 || complete_integral_source_type:adb6ffa77be49637ceeaadd293dc91d000f69731e467d2620504e6eefc9576d9 || complete_integral_source_type:c326715eb19e0a6003aae0a19e6d3983bd9bda2875349af00ac0150c5333004f || complete_integral_source_type:d102fe4510f0e1bfaa404d35c9947ee828d23f1dac6dc4dbcca453babf6737ef || complete_integral_source_type:e2233e832b203e8ed78394f84ed7eb3d823d1fd16b6d3b23b503b125f66135a6	complete_integral_source_type:1de16e9b925089d391121630af61682202cb401702b3217f9f7c24cf357b79fe | complete_integral_source_type:251f926bc59eadcad51058e11135fff85add73ae09bcc2b4237de711003fff20 | complete_integral_source_type:4e6a81ff8bf641c9c44a783f72c13eb82b0d48536644e07ac3dc99db9d194150 | complete_integral_source_type:678d938765e73e9fbac8905abce0fa6e2672f15757862e87665a21d83ca788c0 | complete_integral_source_type:6ab4f6b6c5b039906c49dcf45c146918bb8cff0977342ee51ea4fdaa431b65fb | complete_integral_source_type:7087401765b9146791011fa98cd529cad8f1f05718d7d71c322a34265b8880b0 | complete_integral_source_type:753ba81405457cb56ffa3dd4f823587c93b6ae919ae357b13c1e6c37c30fd455 | complete_integral_source_type:a1f74cb6d23e909f14098dffd76c2ff694aa8fda8dcdaf57ea66cf696e339178 | complete_integral_source_type:a70446740cf0122874faba697f34ac6e229804f4fda8812cf6e3742d60852342 | complete_integral_source_type:adb6ffa77be49637ceeaadd293dc91d000f69731e467d2620504e6eefc9576d9 | complete_integral_source_type:c326715eb19e0a6003aae0a19e6d3983bd9bda2875349af00ac0150c5333004f | complete_integral_source_type:d102fe4510f0e1bfaa404d35c9947ee828d23f1dac6dc4dbcca453babf6737ef | complete_integral_source_type:e2233e832b203e8ed78394f84ed7eb3d823d1fd16b6d3b23b503b125f66135a6	complete_torsion_type:428e4b3a07800f0105210ad9c0ba25f9082f44dbf0803a77f7831b2e637ce354 || complete_torsion_type:52318fa651429e353c2d8ef84cdd8bd6add5665dfcbee6561a6dee8e26419264 || complete_torsion_type:62401358dcd8d1f3b8a6e8acfb0fb7dc43784d5ed2b254365510f62fb7f3ad05 || complete_torsion_type:63a31d49c910223d0cd94724cb98bb1bfe5fc67fea0ceb14c11e54fcc7177462 || complete_torsion_type:6e7db6c91f60f217c63dc4d71f2aa2c0033430b6638c2a872ad4d185e6fb3855 || complete_torsion_type:8af48aa2215de77e12a33fa50c67006dc51e069de89beb4988f7085fe7d5d80e || complete_torsion_type:8ccc7143b590f154c60733075bc53c6f6b77a2bbdaf46166e475fd0e4e7f27cc || complete_torsion_type:a9d9ac9be51e6829e007864ff6edd38ceabc919a2787b7d3b7ddec57b482a6c3 || complete_torsion_type:aa8a19dab3e6553ef0ae468aa9f75136986b2fef3589ae1d73bc9809c9f5ca0f || complete_torsion_type:b74e5ffd1f3d50dc31b13a4cacaa097a4b77c96c81db8b38c2036a23cb04c517 || complete_torsion_type:cbb50465683cb8ff86f3cc34186c23aa5b9eaf0a73b417114bab927bf496709a || complete_torsion_type:e5f7425da8d8a3867acbc1dcc55f387093f61229d05c7cc3dc795123a3fd8108 || complete_torsion_type:ed86ce2c369fe8599fe149e1841614bcae93901d7d040fca84cfad4825f75070	complete_torsion_type:428e4b3a07800f0105210ad9c0ba25f9082f44dbf0803a77f7831b2e637ce354 | complete_torsion_type:52318fa651429e353c2d8ef84cdd8bd6add5665dfcbee6561a6dee8e26419264 | complete_torsion_type:62401358dcd8d1f3b8a6e8acfb0fb7dc43784d5ed2b254365510f62fb7f3ad05 | complete_torsion_type:63a31d49c910223d0cd94724cb98bb1bfe5fc67fea0ceb14c11e54fcc7177462 | complete_torsion_type:6e7db6c91f60f217c63dc4d71f2aa2c0033430b6638c2a872ad4d185e6fb3855 | complete_torsion_type:8af48aa2215de77e12a33fa50c67006dc51e069de89beb4988f7085fe7d5d80e | complete_torsion_type:8ccc7143b590f154c60733075bc53c6f6b77a2bbdaf46166e475fd0e4e7f27cc | complete_torsion_type:a9d9ac9be51e6829e007864ff6edd38ceabc919a2787b7d3b7ddec57b482a6c3 | complete_torsion_type:aa8a19dab3e6553ef0ae468aa9f75136986b2fef3589ae1d73bc9809c9f5ca0f | complete_torsion_type:b74e5ffd1f3d50dc31b13a4cacaa097a4b77c96c81db8b38c2036a23cb04c517 | complete_torsion_type:cbb50465683cb8ff86f3cc34186c23aa5b9eaf0a73b417114bab927bf496709a | complete_torsion_type:e5f7425da8d8a3867acbc1dcc55f387093f61229d05c7cc3dc795123a3fd8108 | complete_torsion_type:ed86ce2c369fe8599fe149e1841614bcae93901d7d040fca84cfad4825f75070	complete_equivariant_source_type:0025d99064f8af642eb138cb9632df045c38158b2ea880e0521c6ca99e15a239 || complete_equivariant_source_type:0c5c4f6bfcc03dd1fb4ea017e26f6932c98f98652a38b01cf429fc57a63aa6a1 || complete_equivariant_source_type:0f237d051e453f27f05081d360b89ac74933cd0f4113f0174194fd220b9d5376 || complete_equivariant_source_type:115bcd35664a4105142260f008c850dca02974a6a90a1820c69f3d8756b09b52 || complete_equivariant_source_type:1462e43f204fef9db2b3272bc6f2a210637bd0ecbb570dc2e03f4b3e75dedd35 || complete_equivariant_source_type:1556d3547cf894b5da8d529ef32692e86653d2d051d9c2c097b29d4a2b057af3 || complete_equivariant_source_type:15a4c4e1bf1fa8ea3f74dd0812ddeebaed094aac52b9a43d650d87471bdf2f49 || complete_equivariant_source_type:19de3ab519b4c6d9863918dd5373a5bc4228aa8dd9162ca2e09de5c95935fb60 || complete_equivariant_source_type:2a613687f2ad40accf797332ba5d2f17a71fb8ae9ee946f3ad76418895df779f || complete_equivariant_source_type:2b3ae3b6a9dfe6bf5ac1734e914094bf4ad0c334189a6f4a4d850de40551edc5 || complete_equivariant_source_type:2f7b082f2e5d375ba2c1ec3287a1dc867f468e264d45068a906a0576857afc24 || complete_equivariant_source_type:4397cccd253d11f59cf44f097f53813e86e98dd6b8bdcdb9887195bf623b5e0b || complete_equivariant_source_type:4eae6ef323d8739b43b3ef3e43c62d7401a82bbc869a2e9f7c325c57fb3d8132 || complete_equivariant_source_type:51cbeb91c3bd58e1d9727fb8d1cdde53fe0c303e31f0933ea3bcef0badc27255 || complete_equivariant_source_type:6156262fd2892885f6fe9b15baa54acc81fde8c759b0a84372e2f18186e7cb9a || complete_equivariant_source_type:700887a80abbb4a6294cbff79add4700b6d65cfbfe46fd196737e59c5fa45590 || complete_equivariant_source_type:77b21acb15bb5771d85b876c7c8f15e5d14af7f1d04370bc4ea27a11b112e1f4 || complete_equivariant_source_type:7825e7d6db52c0b6307e12c86014d580389b90c79e82333fe4552c1d5f07a456 || complete_equivariant_source_type:7855b66ff38121c3a645fad65079f6327f72aa497387f8139143354c673f2f20 || complete_equivariant_source_type:7d7ec142d81d9d8f4bf1cf2a67bac21fa89c8e21df60a3b1344b70996f1ea220 || complete_equivariant_source_type:7fe9963aa80e12d0bafe8593c4bf52383986b50bd82078b4caea56ca9f83fb2b || complete_equivariant_source_type:82dc379eedd7e47697cecb9ea9ae97d22f94b4ce0440e2b02fce870b4aac55e3 || complete_equivariant_source_type:83dc345736b6c19de656d5f03d9c21297660213ebf3cebca4512a7c358002ade || complete_equivariant_source_type:944e8b1af78a986d724805488ae22d7cad7639b033254ed74e909ab7f0028285 || complete_equivariant_source_type:a061b78a809504019c9eae30115b18c7d37458e376aaac5aa4feeb17e34424d4 || complete_equivariant_source_type:b30cf4bc8dcf453bef2f2e9231195e20d35f75456676c7ac784bbeaabd7f7e29 || complete_equivariant_source_type:bdbb02fd70c2bc2507a4ac30758ad899874fd676abcea98dbb2bec29e648092b || complete_equivariant_source_type:c22fb37b8ce668ad2dddeba7ac859e390b2fc433b2749ed4ad11c20787c2e441 || complete_equivariant_source_type:c64af77e4987191b325c328d00f7f5402ddba284dab7beaddef0e69411dddf76 || complete_equivariant_source_type:de1460adc9231fdf9e1a7dac3808edfe6991f63e121414d32d02665384a30b5d || complete_equivariant_source_type:e121734ad68d120b31370e02408448cf1ecfa1951e6ee97e4cffa094e8622b62 || complete_equivariant_source_type:ea7bd8ec541515fc57741f732df32c4fa42a0d1879b4e0a1dd966e05e9e0aec1 || complete_equivariant_source_type:f519ff7f5b9a5db1d89162973b0de934a6dfbd7c04f1a5a1a0e64b61b40042b4	complete_equivariant_source_type:0025d99064f8af642eb138cb9632df045c38158b2ea880e0521c6ca99e15a239 | complete_equivariant_source_type:0c5c4f6bfcc03dd1fb4ea017e26f6932c98f98652a38b01cf429fc57a63aa6a1 | complete_equivariant_source_type:0f237d051e453f27f05081d360b89ac74933cd0f4113f0174194fd220b9d5376 | complete_equivariant_source_type:115bcd35664a4105142260f008c850dca02974a6a90a1820c69f3d8756b09b52 | complete_equivariant_source_type:1462e43f204fef9db2b3272bc6f2a210637bd0ecbb570dc2e03f4b3e75dedd35 | complete_equivariant_source_type:1556d3547cf894b5da8d529ef32692e86653d2d051d9c2c097b29d4a2b057af3 | complete_equivariant_source_type:15a4c4e1bf1fa8ea3f74dd0812ddeebaed094aac52b9a43d650d87471bdf2f49 | complete_equivariant_source_type:19de3ab519b4c6d9863918dd5373a5bc4228aa8dd9162ca2e09de5c95935fb60 | complete_equivariant_source_type:2a613687f2ad40accf797332ba5d2f17a71fb8ae9ee946f3ad76418895df779f | complete_equivariant_source_type:2b3ae3b6a9dfe6bf5ac1734e914094bf4ad0c334189a6f4a4d850de40551edc5 | complete_equivariant_source_type:2f7b082f2e5d375ba2c1ec3287a1dc867f468e264d45068a906a0576857afc24 | complete_equivariant_source_type:4397cccd253d11f59cf44f097f53813e86e98dd6b8bdcdb9887195bf623b5e0b | complete_equivariant_source_type:4eae6ef323d8739b43b3ef3e43c62d7401a82bbc869a2e9f7c325c57fb3d8132 | complete_equivariant_source_type:51cbeb91c3bd58e1d9727fb8d1cdde53fe0c303e31f0933ea3bcef0badc27255 | complete_equivariant_source_type:6156262fd2892885f6fe9b15baa54acc81fde8c759b0a84372e2f18186e7cb9a | complete_equivariant_source_type:700887a80abbb4a6294cbff79add4700b6d65cfbfe46fd196737e59c5fa45590 | complete_equivariant_source_type:77b21acb15bb5771d85b876c7c8f15e5d14af7f1d04370bc4ea27a11b112e1f4 | complete_equivariant_source_type:7825e7d6db52c0b6307e12c86014d580389b90c79e82333fe4552c1d5f07a456 | complete_equivariant_source_type:7855b66ff38121c3a645fad65079f6327f72aa497387f8139143354c673f2f20 | complete_equivariant_source_type:7d7ec142d81d9d8f4bf1cf2a67bac21fa89c8e21df60a3b1344b70996f1ea220 | complete_equivariant_source_type:7fe9963aa80e12d0bafe8593c4bf52383986b50bd82078b4caea56ca9f83fb2b | complete_equivariant_source_type:82dc379eedd7e47697cecb9ea9ae97d22f94b4ce0440e2b02fce870b4aac55e3 | complete_equivariant_source_type:83dc345736b6c19de656d5f03d9c21297660213ebf3cebca4512a7c358002ade | complete_equivariant_source_type:944e8b1af78a986d724805488ae22d7cad7639b033254ed74e909ab7f0028285 | complete_equivariant_source_type:a061b78a809504019c9eae30115b18c7d37458e376aaac5aa4feeb17e34424d4 | complete_equivariant_source_type:b30cf4bc8dcf453bef2f2e9231195e20d35f75456676c7ac784bbeaabd7f7e29 | complete_equivariant_source_type:bdbb02fd70c2bc2507a4ac30758ad899874fd676abcea98dbb2bec29e648092b | complete_equivariant_source_type:c22fb37b8ce668ad2dddeba7ac859e390b2fc433b2749ed4ad11c20787c2e441 | complete_equivariant_source_type:c64af77e4987191b325c328d00f7f5402ddba284dab7beaddef0e69411dddf76 | complete_equivariant_source_type:de1460adc9231fdf9e1a7dac3808edfe6991f63e121414d32d02665384a30b5d | complete_equivariant_source_type:e121734ad68d120b31370e02408448cf1ecfa1951e6ee97e4cffa094e8622b62 | complete_equivariant_source_type:ea7bd8ec541515fc57741f732df32c4fa42a0d1879b4e0a1dd966e05e9e0aec1 | complete_equivariant_source_type:f519ff7f5b9a5db1d89162973b0de934a6dfbd7c04f1a5a1a0e64b61b40042b4	CENSUS_LEVEL	"{""231"":""CENSUS_LEVEL"",""232"":""CENSUS_LEVEL"",""233"":""CENSUS_LEVEL"",""234"":""CENSUS_LEVEL"",""386"":""CENSUS_LEVEL"",""387"":""CENSUS_LEVEL"",""388"":""CENSUS_LEVEL"",""389"":""CENSUS_LEVEL"",""390"":""CENSUS_LEVEL"",""391"":""CENSUS_LEVEL"",""392"":""CENSUS_LEVEL"",""393"":""CENSUS_LEVEL"",""394"":""CENSUS_LEVEL"",""395"":""CENSUS_LEVEL"",""396"":""CENSUS_LEVEL"",""397"":""CENSUS_LEVEL"",""398"":""CENSUS_LEVEL"",""399"":""CENSUS_LEVEL"",""400"":""CENSUS_LEVEL"",""401"":""CENSUS_LEVEL"",""402"":""CENSUS_LEVEL"",""403"":""CENSUS_LEVEL"",""404"":""CENSUS_LEVEL"",""405"":""CENSUS_LEVEL"",""406"":""CENSUS_LEVEL"",""407"":""CENSUS_LEVEL"",""408"":""CENSUS_LEVEL"",""409"":""CENSUS_LEVEL"",""410"":""CENSUS_LEVEL"",""411"":""CENSUS_LEVEL"",""412"":""CENSUS_LEVEL"",""413"":""CENSUS_LEVEL"",""414"":""CENSUS_LEVEL"",""415"":""CENSUS_LEVEL"",""416"":""CENSUS_LEVEL"",""417"":""CENSUS_LEVEL"",""418"":""CENSUS_LEVEL"",""419"":""CENSUS_LEVEL"",""420"":""CENSUS_LEVEL""}"	research_outputs/hodgecy_ii/complete_fidelity_pairs_and_sets.tsv	"{""historical_census_schema"":""hodgecy_ii_complete_fidelity_census_historical.v1"",""historical_census_source"":""research_outputs/hodgecy_ii/complete_fidelity_pairs_and_sets.tsv"",""historical_set_id"":""C0021""}"	same rational source type but different integral/Smith type	REPRODUCED	"{""category"":""RATIONAL COLLAPSE / INTEGRAL SEPARATION"",""first_separating_level"":""integral_source"",""shared_levels"":[""rational_source""]}"	"{""category_reproduced"":true,""classification_source"":""historical_complete_fidelity_tsv_reingested_by_v1"",""first_separating_level_reproduced"":true,""member_validation_status"":{""231"":""CENSUS_LEVEL"",""232"":""CENSUS_LEVEL"",""233"":""CENSUS_LEVEL"",""234"":""CENSUS_LEVEL"",""386"":""CENSUS_LEVEL"",""387"":""CENSUS_LEVEL"",""388"":""CENSUS_LEVEL"",""389"":""CENSUS_LEVEL"",""390"":""CENSUS_LEVEL"",""391"":""CENSUS_LEVEL"",""392"":""CENSUS_LEVEL"",""393"":""CENSUS_LEVEL"",""394"":""CENSUS_LEVEL"",""395"":""CENSUS_LEVEL"",""396"":""CENSUS_LEVEL"",""397"":""CENSUS_LEVEL"",""398"":""CENSUS_LEVEL"",""399"":""CENSUS_LEVEL"",""400"":""CENSUS_LEVEL"",""401"":""CENSUS_LEVEL"",""402"":""CENSUS_LEVEL"",""403"":""CENSUS_LEVEL"",""404"":""CENSUS_LEVEL"",""405"":""CENSUS_LEVEL"",""406"":""CENSUS_LEVEL"",""407"":""CENSUS_LEVEL"",""408"":""CENSUS_LEVEL"",""409"":""CENSUS_LEVEL"",""410"":""CENSUS_LEVEL"",""411"":""CENSUS_LEVEL"",""412"":""CENSUS_LEVEL"",""413"":""CENSUS_LEVEL"",""414"":""CENSUS_LEVEL"",""415"":""CENSUS_LEVEL"",""416"":""CENSUS_LEVEL"",""417"":""CENSUS_LEVEL"",""418"":""CENSUS_LEVEL"",""419"":""CENSUS_LEVEL"",""420"":""CENSUS_LEVEL""},""membership_reproduced"":true,""shared_levels_reproduced"":true,""source_recomputation_scope"":""current_v1_reuses_frozen_historical_456_record_census; no fresh mining pass""}"	hodgecy_ii_complete_fidelity:C0021	fidelity_census_reconciled:C0021
C0022	235 | 236 | 421 | 422 | 423 | 424 | 425 | 426 | 427 | 428 | 429 | 430 | 431 | 432 | 433 | 434 | 435 | 436 | 437 | 438	235 / 236 / 421 / 422 / 423 / 424 / 425 / 426 / 427 / 428 / 429 / 430 / 431 / 432 / 433 / 434 / 435 / 436 / 437 / 438	20	larger_set	RATIONAL COLLAPSE / INTEGRAL SEPARATION	RATIONAL COLLAPSE / INTEGRAL SEPARATION	rational_source	integral_source	integral/Smith type	p3=0;p4_0=0;p4_1=0;p5_0=0;p5_1=0;p5_2=0;l3=0	UNKNOWN_HODGE	UNKNOWN_HODGE	complete_rational_source_type:60b5f5dba59a4cb2af62396dbfabedd0faa022138ef42c8803221498c19963c0	complete_rational_source_type:60b5f5dba59a4cb2af62396dbfabedd0faa022138ef42c8803221498c19963c0	complete_integral_source_type:3166097cc3770ccf167177947fc8d184cbb2de179f50ce68b8cd7c677dc5899f || complete_integral_source_type:9255c67064d3f22bd4389ff1ac2996c179511693fa19cb3c0ddc3566d2ac1911 || complete_integral_source_type:ac1f483cbb6b1e578dfd40b0341267448200ebbb4a190a811c07ceb39399b347 || complete_integral_source_type:ae69f131fa2b73f4b4ccb05185653658bc792ee48e0f6c5d0fa9054d57999d2d || complete_integral_source_type:ba910a281f35f13d0f27ec81b70dc12e6654394fe89242e3d96eab1b487c9d3c || complete_integral_source_type:c221b52023566440019e09356a8a4a70a97693fa3a6e93b9b7b38935e5f1345d || complete_integral_source_type:f292f41fa48c28e663afa58cc6c654247831ce386df1d1dab7edd01f750033f5	complete_integral_source_type:3166097cc3770ccf167177947fc8d184cbb2de179f50ce68b8cd7c677dc5899f | complete_integral_source_type:9255c67064d3f22bd4389ff1ac2996c179511693fa19cb3c0ddc3566d2ac1911 | complete_integral_source_type:ac1f483cbb6b1e578dfd40b0341267448200ebbb4a190a811c07ceb39399b347 | complete_integral_source_type:ae69f131fa2b73f4b4ccb05185653658bc792ee48e0f6c5d0fa9054d57999d2d | complete_integral_source_type:ba910a281f35f13d0f27ec81b70dc12e6654394fe89242e3d96eab1b487c9d3c | complete_integral_source_type:c221b52023566440019e09356a8a4a70a97693fa3a6e93b9b7b38935e5f1345d | complete_integral_source_type:f292f41fa48c28e663afa58cc6c654247831ce386df1d1dab7edd01f750033f5	complete_torsion_type:079b045cee48ac23024d3aab82ac94644b7fbea33b7cafff11a040291366528b || complete_torsion_type:0f76411a27296686800adecdbcfdd42edfd54fce0dff0a323239fc0cc7a0339c || complete_torsion_type:52318fa651429e353c2d8ef84cdd8bd6add5665dfcbee6561a6dee8e26419264 || complete_torsion_type:6ee16fc58ca5fb7374b8d0fe73570903833c45f42ae3e30c34c2d2078f61ed73 || complete_torsion_type:a9d9ac9be51e6829e007864ff6edd38ceabc919a2787b7d3b7ddec57b482a6c3 || complete_torsion_type:b9f2d10f81c8a32ccbfb0a40c2612caf3fb08bc676e5f2e5eb9f3af85f49787a || complete_torsion_type:e5f7425da8d8a3867acbc1dcc55f387093f61229d05c7cc3dc795123a3fd8108	complete_torsion_type:079b045cee48ac23024d3aab82ac94644b7fbea33b7cafff11a040291366528b | complete_torsion_type:0f76411a27296686800adecdbcfdd42edfd54fce0dff0a323239fc0cc7a0339c | complete_torsion_type:52318fa651429e353c2d8ef84cdd8bd6add5665dfcbee6561a6dee8e26419264 | complete_torsion_type:6ee16fc58ca5fb7374b8d0fe73570903833c45f42ae3e30c34c2d2078f61ed73 | complete_torsion_type:a9d9ac9be51e6829e007864ff6edd38ceabc919a2787b7d3b7ddec57b482a6c3 | complete_torsion_type:b9f2d10f81c8a32ccbfb0a40c2612caf3fb08bc676e5f2e5eb9f3af85f49787a | complete_torsion_type:e5f7425da8d8a3867acbc1dcc55f387093f61229d05c7cc3dc795123a3fd8108	complete_equivariant_source_type:0e4cf54c81f976d3821f6744d5ecc11b8d5a8e28e3b5fe11f448e64f664151d5 || complete_equivariant_source_type:0ed8eb96eb6d928574bc986f7aad73f043be687e3b528a2c22bf51364ff68a34 || complete_equivariant_source_type:1489e47b3334c97ea15a6a6cda86b154ca492db5cd0afcebc1c31c726730882d || complete_equivariant_source_type:1b3f5e6ea3d388de7123e6ac75f5b85bd14cb860cc58a335b9cad1788114b79a || complete_equivariant_source_type:2166411a4f09b483330d4ef6e6f15b0b12737cbc552b9e614890a8426abb679a || complete_equivariant_source_type:2bc1b320c627af410dc59b7b1d679138b02c27b31a1d1b3bdc5512398185cbab || complete_equivariant_source_type:3879de5157760e09237eaa790242894e74c81d90add2f28579598afd90362a12 || complete_equivariant_source_type:3c491f3192043bcc49e70ce47ecb9024d1dcbd235d323c1fd146472d0f843a3c || complete_equivariant_source_type:4e73a9275bea778dd12f058ec8b8a5540cac7559b9708e0ce3b9fba49a93e234 || complete_equivariant_source_type:673457d99d63b82914b2b2686a9cf8db0b96fe2b9011a455a89a33bb351127e3 || complete_equivariant_source_type:6b656d50a39e0f334fdea000180231364b68e669110010b2aca7248652482a93 || complete_equivariant_source_type:7103da7804d9b0f6f1c50230a090000c1802a033fa571d049932523e9c4ad7a7 || complete_equivariant_source_type:740bca40ef6c7bec1e54e8182f9ba9b6ef0ffbf7d1883cf6405d8b8fc5e32945 || complete_equivariant_source_type:a9de4bba4e1b76f439b4db24a27188f3493e7fdc40b794a562ef9229fc72f222 || complete_equivariant_source_type:bfd409faa03975113eaf17aaaf9e4ef853e7d4ab5d5eb9ef4cbd563998cac92a || complete_equivariant_source_type:c7a057a4acbf115479a42a3b1b73f429a113bc14887172a33cc1f04cba3af00d || complete_equivariant_source_type:cf7dcb828813fcc93f444886692e64783fbaba3866b08e0b4e61c52e4c76ca75 || complete_equivariant_source_type:d8957175065f33361c946c8563038200c9cc272e8f0bdc161834949b3bc2a802 || complete_equivariant_source_type:e3e38cf25322397f49ed9cadcbc6ba32d6ac1cf5737c4bce3852fe4f58958dd7 || complete_equivariant_source_type:fc668a4f04cb276453a175cdd4a57532c7f7a9ef90ed2042ba74dedbc9f5e97f	complete_equivariant_source_type:0e4cf54c81f976d3821f6744d5ecc11b8d5a8e28e3b5fe11f448e64f664151d5 | complete_equivariant_source_type:0ed8eb96eb6d928574bc986f7aad73f043be687e3b528a2c22bf51364ff68a34 | complete_equivariant_source_type:1489e47b3334c97ea15a6a6cda86b154ca492db5cd0afcebc1c31c726730882d | complete_equivariant_source_type:1b3f5e6ea3d388de7123e6ac75f5b85bd14cb860cc58a335b9cad1788114b79a | complete_equivariant_source_type:2166411a4f09b483330d4ef6e6f15b0b12737cbc552b9e614890a8426abb679a | complete_equivariant_source_type:2bc1b320c627af410dc59b7b1d679138b02c27b31a1d1b3bdc5512398185cbab | complete_equivariant_source_type:3879de5157760e09237eaa790242894e74c81d90add2f28579598afd90362a12 | complete_equivariant_source_type:3c491f3192043bcc49e70ce47ecb9024d1dcbd235d323c1fd146472d0f843a3c | complete_equivariant_source_type:4e73a9275bea778dd12f058ec8b8a5540cac7559b9708e0ce3b9fba49a93e234 | complete_equivariant_source_type:673457d99d63b82914b2b2686a9cf8db0b96fe2b9011a455a89a33bb351127e3 | complete_equivariant_source_type:6b656d50a39e0f334fdea000180231364b68e669110010b2aca7248652482a93 | complete_equivariant_source_type:7103da7804d9b0f6f1c50230a090000c1802a033fa571d049932523e9c4ad7a7 | complete_equivariant_source_type:740bca40ef6c7bec1e54e8182f9ba9b6ef0ffbf7d1883cf6405d8b8fc5e32945 | complete_equivariant_source_type:a9de4bba4e1b76f439b4db24a27188f3493e7fdc40b794a562ef9229fc72f222 | complete_equivariant_source_type:bfd409faa03975113eaf17aaaf9e4ef853e7d4ab5d5eb9ef4cbd563998cac92a | complete_equivariant_source_type:c7a057a4acbf115479a42a3b1b73f429a113bc14887172a33cc1f04cba3af00d | complete_equivariant_source_type:cf7dcb828813fcc93f444886692e64783fbaba3866b08e0b4e61c52e4c76ca75 | complete_equivariant_source_type:d8957175065f33361c946c8563038200c9cc272e8f0bdc161834949b3bc2a802 | complete_equivariant_source_type:e3e38cf25322397f49ed9cadcbc6ba32d6ac1cf5737c4bce3852fe4f58958dd7 | complete_equivariant_source_type:fc668a4f04cb276453a175cdd4a57532c7f7a9ef90ed2042ba74dedbc9f5e97f	CENSUS_LEVEL	"{""235"":""CENSUS_LEVEL"",""236"":""CENSUS_LEVEL"",""421"":""CENSUS_LEVEL"",""422"":""CENSUS_LEVEL"",""423"":""CENSUS_LEVEL"",""424"":""CENSUS_LEVEL"",""425"":""CENSUS_LEVEL"",""426"":""CENSUS_LEVEL"",""427"":""CENSUS_LEVEL"",""428"":""CENSUS_LEVEL"",""429"":""CENSUS_LEVEL"",""430"":""CENSUS_LEVEL"",""431"":""CENSUS_LEVEL"",""432"":""CENSUS_LEVEL"",""433"":""CENSUS_LEVEL"",""434"":""CENSUS_LEVEL"",""435"":""CENSUS_LEVEL"",""436"":""CENSUS_LEVEL"",""437"":""CENSUS_LEVEL"",""438"":""CENSUS_LEVEL""}"	research_outputs/hodgecy_ii/complete_fidelity_pairs_and_sets.tsv	"{""historical_census_schema"":""hodgecy_ii_complete_fidelity_census_historical.v1"",""historical_census_source"":""research_outputs/hodgecy_ii/complete_fidelity_pairs_and_sets.tsv"",""historical_set_id"":""C0022""}"	same rational source type but different integral/Smith type	REPRODUCED	"{""category"":""RATIONAL COLLAPSE / INTEGRAL SEPARATION"",""first_separating_level"":""integral_source"",""shared_levels"":[""rational_source""]}"	"{""category_reproduced"":true,""classification_source"":""historical_complete_fidelity_tsv_reingested_by_v1"",""first_separating_level_reproduced"":true,""member_validation_status"":{""235"":""CENSUS_LEVEL"",""236"":""CENSUS_LEVEL"",""421"":""CENSUS_LEVEL"",""422"":""CENSUS_LEVEL"",""423"":""CENSUS_LEVEL"",""424"":""CENSUS_LEVEL"",""425"":""CENSUS_LEVEL"",""426"":""CENSUS_LEVEL"",""427"":""CENSUS_LEVEL"",""428"":""CENSUS_LEVEL"",""429"":""CENSUS_LEVEL"",""430"":""CENSUS_LEVEL"",""431"":""CENSUS_LEVEL"",""432"":""CENSUS_LEVEL"",""433"":""CENSUS_LEVEL"",""434"":""CENSUS_LEVEL"",""435"":""CENSUS_LEVEL"",""436"":""CENSUS_LEVEL"",""437"":""CENSUS_LEVEL"",""438"":""CENSUS_LEVEL""},""membership_reproduced"":true,""shared_levels_reproduced"":true,""source_recomputation_scope"":""current_v1_reuses_frozen_historical_456_record_census; no fresh mining pass""}"	hodgecy_ii_complete_fidelity:C0022	fidelity_census_reconciled:C0022
C0023	237 | 439 | 440 | 441 | 442 | 443 | 444 | 445	237 / 439 / 440 / 441 / 442 / 443 / 444 / 445	8	larger_set	RATIONAL COLLAPSE / INTEGRAL SEPARATION	RATIONAL COLLAPSE / INTEGRAL SEPARATION	rational_source	integral_source	integral/Smith type	p3=0;p4_0=0;p4_1=0;p5_0=0;p5_1=0;p5_2=0;l3=0	UNKNOWN_HODGE	UNKNOWN_HODGE	complete_rational_source_type:dcf7e5830f9559a83e5526e12966ba7b3cff4b3646b2c6f08921086d0080ecea	complete_rational_source_type:dcf7e5830f9559a83e5526e12966ba7b3cff4b3646b2c6f08921086d0080ecea	complete_integral_source_type:2cc00e108c80811f8437341e09835265c19c9c4c99783d7a09f363027e6e33b1 || complete_integral_source_type:36be66bcd7cac8135df8d34e4901d29e9ea711f083c803cf4551ef23e4bd57a4 || complete_integral_source_type:4b40eeb8238a19fd54d16ecef8dea4593bdc58858ece5ef7ffbea52edcad6609 || complete_integral_source_type:816bfee7d3736d14b7f775a9992f73ea1c032c41b311482793355b71d34020a8	complete_integral_source_type:2cc00e108c80811f8437341e09835265c19c9c4c99783d7a09f363027e6e33b1 | complete_integral_source_type:36be66bcd7cac8135df8d34e4901d29e9ea711f083c803cf4551ef23e4bd57a4 | complete_integral_source_type:4b40eeb8238a19fd54d16ecef8dea4593bdc58858ece5ef7ffbea52edcad6609 | complete_integral_source_type:816bfee7d3736d14b7f775a9992f73ea1c032c41b311482793355b71d34020a8	complete_torsion_type:63a31d49c910223d0cd94724cb98bb1bfe5fc67fea0ceb14c11e54fcc7177462 || complete_torsion_type:940b011670ead9161c75dfc05a9fc2a61c91a5ffc47aea235baf318fdeb10777 || complete_torsion_type:a81329b3d3c324078079021389fb6b2fd6e212af38a855d58c86b4a52371d8f2 || complete_torsion_type:e5f7425da8d8a3867acbc1dcc55f387093f61229d05c7cc3dc795123a3fd8108	complete_torsion_type:63a31d49c910223d0cd94724cb98bb1bfe5fc67fea0ceb14c11e54fcc7177462 | complete_torsion_type:940b011670ead9161c75dfc05a9fc2a61c91a5ffc47aea235baf318fdeb10777 | complete_torsion_type:a81329b3d3c324078079021389fb6b2fd6e212af38a855d58c86b4a52371d8f2 | complete_torsion_type:e5f7425da8d8a3867acbc1dcc55f387093f61229d05c7cc3dc795123a3fd8108	complete_equivariant_source_type:0cf5f2229f001a07513209b0a14f29f1270e8b95531fba8667cf25aded8f2557 || complete_equivariant_source_type:692b5086c02a44b56b0eaf81f2907ca19655afbb7b5abd134fb1d77410d82679 || complete_equivariant_source_type:7c6d566393886d8a53718fabd3f9a8d2c949fb4106689717397f40b1f6bc8e91 || complete_equivariant_source_type:89af8da1c1ecdea39bb19a82b2d64ea82d200c6848588e7e745ade8ac44630c4 || complete_equivariant_source_type:98a22a36724845fed405c47410ec8265646c2b30996985b02ff60730d317bd71 || complete_equivariant_source_type:c1dcfce95af1e065869abc138bf400628441299e8bff752cb6320d00c4a1e19d || complete_equivariant_source_type:c6e70aa1a2c9bd3a2fb475c69ee28e442ee5c478b0611ab6c7c21cf9813248ed || complete_equivariant_source_type:c8aba23641a5688219611dd1beb0a67ee0c72eb27082be5b3c1b179d48264001	complete_equivariant_source_type:0cf5f2229f001a07513209b0a14f29f1270e8b95531fba8667cf25aded8f2557 | complete_equivariant_source_type:692b5086c02a44b56b0eaf81f2907ca19655afbb7b5abd134fb1d77410d82679 | complete_equivariant_source_type:7c6d566393886d8a53718fabd3f9a8d2c949fb4106689717397f40b1f6bc8e91 | complete_equivariant_source_type:89af8da1c1ecdea39bb19a82b2d64ea82d200c6848588e7e745ade8ac44630c4 | complete_equivariant_source_type:98a22a36724845fed405c47410ec8265646c2b30996985b02ff60730d317bd71 | complete_equivariant_source_type:c1dcfce95af1e065869abc138bf400628441299e8bff752cb6320d00c4a1e19d | complete_equivariant_source_type:c6e70aa1a2c9bd3a2fb475c69ee28e442ee5c478b0611ab6c7c21cf9813248ed | complete_equivariant_source_type:c8aba23641a5688219611dd1beb0a67ee0c72eb27082be5b3c1b179d48264001	CENSUS_LEVEL	"{""237"":""CENSUS_LEVEL"",""439"":""CENSUS_LEVEL"",""440"":""CENSUS_LEVEL"",""441"":""CENSUS_LEVEL"",""442"":""CENSUS_LEVEL"",""443"":""CENSUS_LEVEL"",""444"":""CENSUS_LEVEL"",""445"":""CENSUS_LEVEL""}"	research_outputs/hodgecy_ii/complete_fidelity_pairs_and_sets.tsv	"{""historical_census_schema"":""hodgecy_ii_complete_fidelity_census_historical.v1"",""historical_census_source"":""research_outputs/hodgecy_ii/complete_fidelity_pairs_and_sets.tsv"",""historical_set_id"":""C0023""}"	same rational source type but different integral/Smith type	REPRODUCED	"{""category"":""RATIONAL COLLAPSE / INTEGRAL SEPARATION"",""first_separating_level"":""integral_source"",""shared_levels"":[""rational_source""]}"	"{""category_reproduced"":true,""classification_source"":""historical_complete_fidelity_tsv_reingested_by_v1"",""first_separating_level_reproduced"":true,""member_validation_status"":{""237"":""CENSUS_LEVEL"",""439"":""CENSUS_LEVEL"",""440"":""CENSUS_LEVEL"",""441"":""CENSUS_LEVEL"",""442"":""CENSUS_LEVEL"",""443"":""CENSUS_LEVEL"",""444"":""CENSUS_LEVEL"",""445"":""CENSUS_LEVEL""},""membership_reproduced"":true,""shared_levels_reproduced"":true,""source_recomputation_scope"":""current_v1_reuses_frozen_historical_456_record_census; no fresh mining pass""}"	hodgecy_ii_complete_fidelity:C0023	fidelity_census_reconciled:C0023
C0024	249 | 256 | 259 | 261	249 / 256 / 259 / 261	4	larger_set	RATIONAL COLLAPSE / INTEGRAL SEPARATION	RATIONAL COLLAPSE / INTEGRAL SEPARATION	rational_source	integral_source	integral/Smith type	p3=0;p4_0=0;p4_1=0;p5_0=0;p5_1=0;p5_2=0;l3=0	UNKNOWN_HODGE	UNKNOWN_HODGE	complete_rational_source_type:8078ab1f87b2fb2519fd32811be29bdc2c6cf3adccbf3f1515946048d0462a6d	complete_rational_source_type:8078ab1f87b2fb2519fd32811be29bdc2c6cf3adccbf3f1515946048d0462a6d	complete_integral_source_type:12bcd0182d387cad135da6d80cf4969b371d099b88db4413d7a5369d903782c8 || complete_integral_source_type:3e7b02dfecd48f83b3013c469120b462a9947b289bc41262556ba1dff477b81b || complete_integral_source_type:883ed4212b2a02e984441b15ff62cd7c288dd26b2678b23a5c502dc772652988 || complete_integral_source_type:d3201162cba931b4d39f1cbda6ac8af28fe3c93a81883562c04e667aef7276f5	complete_integral_source_type:12bcd0182d387cad135da6d80cf4969b371d099b88db4413d7a5369d903782c8 | complete_integral_source_type:3e7b02dfecd48f83b3013c469120b462a9947b289bc41262556ba1dff477b81b | complete_integral_source_type:883ed4212b2a02e984441b15ff62cd7c288dd26b2678b23a5c502dc772652988 | complete_integral_source_type:d3201162cba931b4d39f1cbda6ac8af28fe3c93a81883562c04e667aef7276f5	complete_torsion_type:6e151538c9c633876356aa72d3d8d0c9d49b71af3621fb6c52e6ed18414c98fa || complete_torsion_type:b74e5ffd1f3d50dc31b13a4cacaa097a4b77c96c81db8b38c2036a23cb04c517 || complete_torsion_type:c1ca7fc16c597eae4ea86b619e415d95e977e11b523718a804060aeab9f3edfd || complete_torsion_type:cbb50465683cb8ff86f3cc34186c23aa5b9eaf0a73b417114bab927bf496709a	complete_torsion_type:6e151538c9c633876356aa72d3d8d0c9d49b71af3621fb6c52e6ed18414c98fa | complete_torsion_type:b74e5ffd1f3d50dc31b13a4cacaa097a4b77c96c81db8b38c2036a23cb04c517 | complete_torsion_type:c1ca7fc16c597eae4ea86b619e415d95e977e11b523718a804060aeab9f3edfd | complete_torsion_type:cbb50465683cb8ff86f3cc34186c23aa5b9eaf0a73b417114bab927bf496709a	complete_equivariant_source_type:33181d4f6ee6171471a508ae99ba486e128e6ed08ed13e3720718a819c3725fd || complete_equivariant_source_type:7e255c8d2b0f083f389ef79862c9148612c11436cfd72bf3592146995b65a2b8 || complete_equivariant_source_type:d6925bc4ed701a3339d1847b9e56e32e1e9b34f846b769dd93105aabd2901313 || complete_equivariant_source_type:e65e0848fe7338efe143ede76a014ff84f3fafa40ee320b74eb6769605d6372c	complete_equivariant_source_type:33181d4f6ee6171471a508ae99ba486e128e6ed08ed13e3720718a819c3725fd | complete_equivariant_source_type:7e255c8d2b0f083f389ef79862c9148612c11436cfd72bf3592146995b65a2b8 | complete_equivariant_source_type:d6925bc4ed701a3339d1847b9e56e32e1e9b34f846b769dd93105aabd2901313 | complete_equivariant_source_type:e65e0848fe7338efe143ede76a014ff84f3fafa40ee320b74eb6769605d6372c	CENSUS_LEVEL	"{""249"":""CENSUS_LEVEL"",""256"":""CENSUS_LEVEL"",""259"":""CENSUS_LEVEL"",""261"":""CENSUS_LEVEL""}"	research_outputs/hodgecy_ii/complete_fidelity_pairs_and_sets.tsv	"{""historical_census_schema"":""hodgecy_ii_complete_fidelity_census_historical.v1"",""historical_census_source"":""research_outputs/hodgecy_ii/complete_fidelity_pairs_and_sets.tsv"",""historical_set_id"":""C0024""}"	same rational source type but different integral/Smith type	REPRODUCED	"{""category"":""RATIONAL COLLAPSE / INTEGRAL SEPARATION"",""first_separating_level"":""integral_source"",""shared_levels"":[""rational_source""]}"	"{""category_reproduced"":true,""classification_source"":""historical_complete_fidelity_tsv_reingested_by_v1"",""first_separating_level_reproduced"":true,""member_validation_status"":{""249"":""CENSUS_LEVEL"",""256"":""CENSUS_LEVEL"",""259"":""CENSUS_LEVEL"",""261"":""CENSUS_LEVEL""},""membership_reproduced"":true,""shared_levels_reproduced"":true,""source_recomputation_scope"":""current_v1_reuses_frozen_historical_456_record_census; no fresh mining pass""}"	hodgecy_ii_complete_fidelity:C0024	fidelity_census_reconciled:C0024
C0025	446 | 447 | 448	446 / 447 / 448	3	triple	RATIONAL COLLAPSE / INTEGRAL SEPARATION	RATIONAL COLLAPSE / INTEGRAL SEPARATION	rational_source	integral_source	integral/Smith type	p3=0;p4_0=0;p4_1=0;p5_0=0;p5_1=0;p5_2=0;l3=0	UNKNOWN_HODGE	UNKNOWN_HODGE	complete_rational_source_type:8b7f706aec851f1ebfd3692bb79ad49ffa220817cd1d07e9de53394bcbf7fef2	complete_rational_source_type:8b7f706aec851f1ebfd3692bb79ad49ffa220817cd1d07e9de53394bcbf7fef2	complete_integral_source_type:009a549e6ba7c6923d6de5515060fc14ee04ade0182bac458c6fb6f44c65fc55 || complete_integral_source_type:d6ecfd98072d942eef275dae049c00a0e61aab8c956c8850c4beccf0ff8d73c1	complete_integral_source_type:009a549e6ba7c6923d6de5515060fc14ee04ade0182bac458c6fb6f44c65fc55 | complete_integral_source_type:d6ecfd98072d942eef275dae049c00a0e61aab8c956c8850c4beccf0ff8d73c1	complete_torsion_type:63a31d49c910223d0cd94724cb98bb1bfe5fc67fea0ceb14c11e54fcc7177462 || complete_torsion_type:b32db8db01da7fbb9b55bac139b2250fbd6346098bbceb931c34cc6c7255c025	complete_torsion_type:63a31d49c910223d0cd94724cb98bb1bfe5fc67fea0ceb14c11e54fcc7177462 | complete_torsion_type:b32db8db01da7fbb9b55bac139b2250fbd6346098bbceb931c34cc6c7255c025	complete_equivariant_source_type:80db94013a53a2e950e111f5fc1f0c3bf20354b8afb4ff36cc389a75ddef1bd2 || complete_equivariant_source_type:f53a4b70d0e7a9fd2ed94a24e6280d0b51fecbb9739dd04b019041b4b05be00e || complete_equivariant_source_type:fc9ae65ea4d3ef7ffd063ddcd91c7b33ab144c948e6d92329ab97e9e13764a3e	complete_equivariant_source_type:80db94013a53a2e950e111f5fc1f0c3bf20354b8afb4ff36cc389a75ddef1bd2 | complete_equivariant_source_type:f53a4b70d0e7a9fd2ed94a24e6280d0b51fecbb9739dd04b019041b4b05be00e | complete_equivariant_source_type:fc9ae65ea4d3ef7ffd063ddcd91c7b33ab144c948e6d92329ab97e9e13764a3e	CENSUS_LEVEL	"{""446"":""CENSUS_LEVEL"",""447"":""CENSUS_LEVEL"",""448"":""CENSUS_LEVEL""}"	research_outputs/hodgecy_ii/complete_fidelity_pairs_and_sets.tsv	"{""historical_census_schema"":""hodgecy_ii_complete_fidelity_census_historical.v1"",""historical_census_source"":""research_outputs/hodgecy_ii/complete_fidelity_pairs_and_sets.tsv"",""historical_set_id"":""C0025""}"	same rational source type but different integral/Smith type	REPRODUCED	"{""category"":""RATIONAL COLLAPSE / INTEGRAL SEPARATION"",""first_separating_level"":""integral_source"",""shared_levels"":[""rational_source""]}"	"{""category_reproduced"":true,""classification_source"":""historical_complete_fidelity_tsv_reingested_by_v1"",""first_separating_level_reproduced"":true,""member_validation_status"":{""446"":""CENSUS_LEVEL"",""447"":""CENSUS_LEVEL"",""448"":""CENSUS_LEVEL""},""membership_reproduced"":true,""shared_levels_reproduced"":true,""source_recomputation_scope"":""current_v1_reuses_frozen_historical_456_record_census; no fresh mining pass""}"	hodgecy_ii_complete_fidelity:C0025	fidelity_census_reconciled:C0025
C0026	452 | 453	452 / 453	2	pair	RATIONAL COLLAPSE / INTEGRAL SEPARATION	RATIONAL COLLAPSE / INTEGRAL SEPARATION	rational_source	integral_source	integral/Smith type	p3=20;p4_0=9;p4_1=0;p5_0=0;p5_1=0;p5_2=0;l3=0	h12=0;h11=38;euler=76	h12=0;h11=38;euler=76	rational:b2d4d61e290a262226989972538a9fa6be5e0ea689b64af4fd2b00959a25a3f1	rational:b2d4d61e290a262226989972538a9fa6be5e0ea689b64af4fd2b00959a25a3f1	integral:0070cd115e57a3128ea1d39ad8e133e60c77b0140e435200de9ab76fd88e7369 || integral:6c6ec868305437a9e3497b869036075633805d5255459917b75b9ae1c825c3cf	integral:0070cd115e57a3128ea1d39ad8e133e60c77b0140e435200de9ab76fd88e7369 | integral:6c6ec868305437a9e3497b869036075633805d5255459917b75b9ae1c825c3cf	complete_torsion_type:3b9cd739bf6a9d896856d5ecfd8ed258a6aba7b279a40c6f0f30f3368bf63099 || complete_torsion_type:f0cb62af43e5df6e5ad9ef241673be7401c63718dc1bd767bc1e384c14ed7b0e	complete_torsion_type:3b9cd739bf6a9d896856d5ecfd8ed258a6aba7b279a40c6f0f30f3368bf63099 | complete_torsion_type:f0cb62af43e5df6e5ad9ef241673be7401c63718dc1bd767bc1e384c14ed7b0e	equivariant:8838e6d5aa665b46e0063ff60dfa254ffd30d17124f984e24e285a618062a464 || equivariant:a804c0dc6842e698068c8cda4e22f3969c04b29fe2222880fbfd18e392c6616d	equivariant:8838e6d5aa665b46e0063ff60dfa254ffd30d17124f984e24e285a618062a464 | equivariant:a804c0dc6842e698068c8cda4e22f3969c04b29fe2222880fbfd18e392c6616d	MIXED_WITH_HISTORICAL_ONLY_MEMBERS	"{""452"":""HISTORICAL_ONLY_EXACT_QUADRATIC_FIELD_DEFERRED"",""453"":""HISTORICAL_ONLY_EXACT_QUADRATIC_FIELD_DEFERRED""}"	research_outputs/hodgecy_ii/complete_fidelity_pairs_and_sets.tsv	"{""historical_census_schema"":""hodgecy_ii_complete_fidelity_census_historical.v1"",""historical_census_source"":""research_outputs/hodgecy_ii/complete_fidelity_pairs_and_sets.tsv"",""historical_set_id"":""C0026""}"	same rational source type but different integral/Smith type	REPRODUCED	"{""category"":""RATIONAL COLLAPSE / INTEGRAL SEPARATION"",""first_separating_level"":""integral_source"",""shared_levels"":[""rational_source""]}"	"{""category_reproduced"":true,""classification_source"":""historical_complete_fidelity_tsv_reingested_by_v1"",""first_separating_level_reproduced"":true,""member_validation_status"":{""452"":""HISTORICAL_ONLY_EXACT_QUADRATIC_FIELD_DEFERRED"",""453"":""HISTORICAL_ONLY_EXACT_QUADRATIC_FIELD_DEFERRED""},""membership_reproduced"":true,""shared_levels_reproduced"":true,""source_recomputation_scope"":""current_v1_reuses_frozen_historical_456_record_census; no fresh mining pass""}"	hodgecy_ii_complete_fidelity:C0026	fidelity_census_reconciled:C0026
D0001	84 | 240	84 / 240	2	pair	INTEGRAL COLLAPSE / EQUIVARIANT SEPARATION	INTEGRAL COLLAPSE / EQUIVARIANT SEPARATION	integral_source	equivariant_source	equivariant/symmetry type	p3=16;p4_0=10;p4_1=0;p5_0=0;p5_1=0;p5_2=0;l3=0	UNKNOWN_HODGE || h12=0;h11=40;euler=80	UNKNOWN_HODGE | h12=0;h11=40;euler=80	rational:9d168feab7fd7642ecf30d07dacb9d15e40c068b5c91076c9135e77bc9b74af3	rational:9d168feab7fd7642ecf30d07dacb9d15e40c068b5c91076c9135e77bc9b74af3	integral:0f35cfa13ab162d82ff72b9eefe774ef9525849e3b621dab8bbf942c57f53985	integral:0f35cfa13ab162d82ff72b9eefe774ef9525849e3b621dab8bbf942c57f53985	complete_torsion_type:4cc4f0826c667c3a4863954d065de2bfb6b875a1451cd33256828bbdb27b1567 || complete_torsion_type:9e3c65f813550a7933f7cd9dbe4cf6431d0f63520e705c69fce69c8511b6a46b	complete_torsion_type:4cc4f0826c667c3a4863954d065de2bfb6b875a1451cd33256828bbdb27b1567 | complete_torsion_type:9e3c65f813550a7933f7cd9dbe4cf6431d0f63520e705c69fce69c8511b6a46b	equivariant:1a02b414b33e84e6a398b214bc2682820f5dc5f7a593654b29418954633bf73b || equivariant:a356b7214e1a3bfad56c34f6a7dd420794ae0334918bea5ff0bf8d6292eee697	equivariant:1a02b414b33e84e6a398b214bc2682820f5dc5f7a593654b29418954633bf73b | equivariant:a356b7214e1a3bfad56c34f6a7dd420794ae0334918bea5ff0bf8d6292eee697	CONTEXT_READY_SOURCE_CONTEXT	"{""240"":""CONTEXT_READY_SOURCE_RECOMPUTED"",""84"":""THEOREM_READY_SOURCE_CONTROL""}"	research_outputs/hodgecy_ii/complete_fidelity_pairs_and_sets.tsv	"{""historical_census_schema"":""hodgecy_ii_complete_fidelity_census_historical.v1"",""historical_census_source"":""research_outputs/hodgecy_ii/complete_fidelity_pairs_and_sets.tsv"",""historical_set_id"":""D0001""}"	same integral source type but different equivariant/symmetry type	REPRODUCED	"{""category"":""INTEGRAL COLLAPSE / EQUIVARIANT SEPARATION"",""first_separating_level"":""equivariant_source"",""shared_levels"":[""integral_source""]}"	"{""category_reproduced"":true,""classification_source"":""historical_complete_fidelity_tsv_reingested_by_v1"",""first_separating_level_reproduced"":true,""member_validation_status"":{""240"":""CONTEXT_READY_SOURCE_RECOMPUTED"",""84"":""THEOREM_READY_SOURCE_CONTROL""},""membership_reproduced"":true,""shared_levels_reproduced"":true,""source_recomputation_scope"":""current_v1_reuses_frozen_historical_456_record_census; no fresh mining pass""}"	hodgecy_ii_complete_fidelity:D0001	fidelity_census_reconciled:D0001
D0002	84a | 239	84a / 239	2	pair	INTEGRAL COLLAPSE / EQUIVARIANT SEPARATION	INTEGRAL COLLAPSE / EQUIVARIANT SEPARATION	integral_source	equivariant_source	equivariant/symmetry type	p3=16;p4_0=10;p4_1=0;p5_0=0;p5_1=0;p5_2=0;l3=0	UNKNOWN_HODGE || h12=0;h11=40;euler=80	UNKNOWN_HODGE | h12=0;h11=40;euler=80	rational:9d168feab7fd7642ecf30d07dacb9d15e40c068b5c91076c9135e77bc9b74af3	rational:9d168feab7fd7642ecf30d07dacb9d15e40c068b5c91076c9135e77bc9b74af3	integral:6e71b52edeb7fb43a2d3c314484508c54ae48ffb13fe4d4236e29aabbd1f003c	integral:6e71b52edeb7fb43a2d3c314484508c54ae48ffb13fe4d4236e29aabbd1f003c	complete_torsion_type:f71c81808713ef7f68453672ddddcd3175b24f06bc1adce939e8dcbb5bd34632	complete_torsion_type:f71c81808713ef7f68453672ddddcd3175b24f06bc1adce939e8dcbb5bd34632	equivariant:0d480f7fd07bcb080743f003b1309d6316290817ea1177055ea1514979fd13df || equivariant:cec0bc22101ff26a383597a0d675a770fa765fb684bc11b28a56d13fa44082b1	equivariant:0d480f7fd07bcb080743f003b1309d6316290817ea1177055ea1514979fd13df | equivariant:cec0bc22101ff26a383597a0d675a770fa765fb684bc11b28a56d13fa44082b1	CONTEXT_READY_SOURCE_CONTEXT	"{""239"":""CONTEXT_READY_SOURCE_RECOMPUTED"",""84a"":""THEOREM_READY_SOURCE_CONTROL""}"	research_outputs/hodgecy_ii/complete_fidelity_pairs_and_sets.tsv	"{""historical_census_schema"":""hodgecy_ii_complete_fidelity_census_historical.v1"",""historical_census_source"":""research_outputs/hodgecy_ii/complete_fidelity_pairs_and_sets.tsv"",""historical_set_id"":""D0002""}"	same integral source type but different equivariant/symmetry type	REPRODUCED	"{""category"":""INTEGRAL COLLAPSE / EQUIVARIANT SEPARATION"",""first_separating_level"":""equivariant_source"",""shared_levels"":[""integral_source""]}"	"{""category_reproduced"":true,""classification_source"":""historical_complete_fidelity_tsv_reingested_by_v1"",""first_separating_level_reproduced"":true,""member_validation_status"":{""239"":""CONTEXT_READY_SOURCE_RECOMPUTED"",""84a"":""THEOREM_READY_SOURCE_CONTROL""},""membership_reproduced"":true,""shared_levels_reproduced"":true,""source_recomputation_scope"":""current_v1_reuses_frozen_historical_456_record_census; no fresh mining pass""}"	hodgecy_ii_complete_fidelity:D0002	fidelity_census_reconciled:D0002
D0003	102 | 109 | 110	102 / 109 / 110	3	triple	INTEGRAL COLLAPSE / EQUIVARIANT SEPARATION	INTEGRAL COLLAPSE / EQUIVARIANT SEPARATION	integral_source	equivariant_source	equivariant/symmetry type	p3=0;p4_0=0;p4_1=0;p5_0=0;p5_1=0;p5_2=0;l3=0	UNKNOWN_HODGE	UNKNOWN_HODGE	complete_rational_source_type:4d298803b23f63509e715d46ad15b111865629518b16ec162af2b293d10df691	complete_rational_source_type:4d298803b23f63509e715d46ad15b111865629518b16ec162af2b293d10df691	complete_integral_source_type:e2877c44fb70251a1e89625e8883dbba52ee8b1359a2a9e0b2b1ec373a3c56af	complete_integral_source_type:e2877c44fb70251a1e89625e8883dbba52ee8b1359a2a9e0b2b1ec373a3c56af	complete_torsion_type:2a803bb7328bc91f1a629db108cd9cdb10db7a1e0d6404050d4df627c8c6b3b9	complete_torsion_type:2a803bb7328bc91f1a629db108cd9cdb10db7a1e0d6404050d4df627c8c6b3b9	complete_equivariant_source_type:5e7919c37533ab4f9fd5550cdabc5ea5cfe74570128f2c5389de7d855ada2494 || complete_equivariant_source_type:a84dc6a714eeddf170d9ef1d28c25b1d4456f0993b09fe75b1314b761aa17163	complete_equivariant_source_type:5e7919c37533ab4f9fd5550cdabc5ea5cfe74570128f2c5389de7d855ada2494 | complete_equivariant_source_type:a84dc6a714eeddf170d9ef1d28c25b1d4456f0993b09fe75b1314b761aa17163	CENSUS_LEVEL	"{""102"":""CENSUS_LEVEL"",""109"":""CENSUS_LEVEL"",""110"":""CENSUS_LEVEL""}"	research_outputs/hodgecy_ii/complete_fidelity_pairs_and_sets.tsv	"{""historical_census_schema"":""hodgecy_ii_complete_fidelity_census_historical.v1"",""historical_census_source"":""research_outputs/hodgecy_ii/complete_fidelity_pairs_and_sets.tsv"",""historical_set_id"":""D0003""}"	same integral source type but different equivariant/symmetry type	REPRODUCED	"{""category"":""INTEGRAL COLLAPSE / EQUIVARIANT SEPARATION"",""first_separating_level"":""equivariant_source"",""shared_levels"":[""integral_source""]}"	"{""category_reproduced"":true,""classification_source"":""historical_complete_fidelity_tsv_reingested_by_v1"",""first_separating_level_reproduced"":true,""member_validation_status"":{""102"":""CENSUS_LEVEL"",""109"":""CENSUS_LEVEL"",""110"":""CENSUS_LEVEL""},""membership_reproduced"":true,""shared_levels_reproduced"":true,""source_recomputation_scope"":""current_v1_reuses_frozen_historical_456_record_census; no fresh mining pass""}"	hodgecy_ii_complete_fidelity:D0003	fidelity_census_reconciled:D0003
D0004	103 | 113	103 / 113	2	pair	INTEGRAL COLLAPSE / EQUIVARIANT SEPARATION	INTEGRAL COLLAPSE / EQUIVARIANT SEPARATION	integral_source	equivariant_source	equivariant/symmetry type	p3=0;p4_0=0;p4_1=0;p5_0=0;p5_1=0;p5_2=0;l3=0	UNKNOWN_HODGE	UNKNOWN_HODGE	complete_rational_source_type:4d298803b23f63509e715d46ad15b111865629518b16ec162af2b293d10df691	complete_rational_source_type:4d298803b23f63509e715d46ad15b111865629518b16ec162af2b293d10df691	complete_integral_source_type:01d2b517f933b43e73c8a1b9f35622b31711dc9f03f56f8d6a3fd1049621cdf6	complete_integral_source_type:01d2b517f933b43e73c8a1b9f35622b31711dc9f03f56f8d6a3fd1049621cdf6	complete_torsion_type:8366cc39bac8654e1c3e7b8e8581b0e2e8a8fc9fcd50540828f310a0c9017c9f	complete_torsion_type:8366cc39bac8654e1c3e7b8e8581b0e2e8a8fc9fcd50540828f310a0c9017c9f	complete_equivariant_source_type:2f20e37d8ce76d07caf8f9fae815ea96bf4c050436c4367579ff34f6a426c96f || complete_equivariant_source_type:f4bf59b40f783c3b53fd2df0bd535d645075c26e8ad2d7e3a7ef4305b528acfc	complete_equivariant_source_type:2f20e37d8ce76d07caf8f9fae815ea96bf4c050436c4367579ff34f6a426c96f | complete_equivariant_source_type:f4bf59b40f783c3b53fd2df0bd535d645075c26e8ad2d7e3a7ef4305b528acfc	CENSUS_LEVEL	"{""103"":""CENSUS_LEVEL"",""113"":""CENSUS_LEVEL""}"	research_outputs/hodgecy_ii/complete_fidelity_pairs_and_sets.tsv	"{""historical_census_schema"":""hodgecy_ii_complete_fidelity_census_historical.v1"",""historical_census_source"":""research_outputs/hodgecy_ii/complete_fidelity_pairs_and_sets.tsv"",""historical_set_id"":""D0004""}"	same integral source type but different equivariant/symmetry type	REPRODUCED	"{""category"":""INTEGRAL COLLAPSE / EQUIVARIANT SEPARATION"",""first_separating_level"":""equivariant_source"",""shared_levels"":[""integral_source""]}"	"{""category_reproduced"":true,""classification_source"":""historical_complete_fidelity_tsv_reingested_by_v1"",""first_separating_level_reproduced"":true,""member_validation_status"":{""103"":""CENSUS_LEVEL"",""113"":""CENSUS_LEVEL""},""membership_reproduced"":true,""shared_levels_reproduced"":true,""source_recomputation_scope"":""current_v1_reuses_frozen_historical_456_record_census; no fresh mining pass""}"	hodgecy_ii_complete_fidelity:D0004	fidelity_census_reconciled:D0004
D0005	116 | 123	116 / 123	2	pair	INTEGRAL COLLAPSE / EQUIVARIANT SEPARATION	INTEGRAL COLLAPSE / EQUIVARIANT SEPARATION	integral_source	equivariant_source	equivariant/symmetry type	p3=0;p4_0=0;p4_1=0;p5_0=0;p5_1=0;p5_2=0;l3=0	UNKNOWN_HODGE	UNKNOWN_HODGE	complete_rational_source_type:29fbc49db3aafe8ebb1f7ab4778bdc595d09162c827b473ddf33ec50a1ef66ba	complete_rational_source_type:29fbc49db3aafe8ebb1f7ab4778bdc595d09162c827b473ddf33ec50a1ef66ba	complete_integral_source_type:924fa3ced18ba8894c5747ada95cf92b1306c65c52fdb03294a04f28f644f16b	complete_integral_source_type:924fa3ced18ba8894c5747ada95cf92b1306c65c52fdb03294a04f28f644f16b	complete_torsion_type:39c0c0266ad4a669577fb3119bd7fb1baec72fb03ec7ea42097722bbdf51302e	complete_torsion_type:39c0c0266ad4a669577fb3119bd7fb1baec72fb03ec7ea42097722bbdf51302e	complete_equivariant_source_type:583b7af67a4b5df64301ac35b6f96d7455cbf015b03023cbf11abf0a07e23a59 || complete_equivariant_source_type:64f0b450bdf0f87af7f2434c5aee1e0beacf77332d27a1202aa311e7eff6f8c9	complete_equivariant_source_type:583b7af67a4b5df64301ac35b6f96d7455cbf015b03023cbf11abf0a07e23a59 | complete_equivariant_source_type:64f0b450bdf0f87af7f2434c5aee1e0beacf77332d27a1202aa311e7eff6f8c9	CENSUS_LEVEL	"{""116"":""CENSUS_LEVEL"",""123"":""CENSUS_LEVEL""}"	research_outputs/hodgecy_ii/complete_fidelity_pairs_and_sets.tsv	"{""historical_census_schema"":""hodgecy_ii_complete_fidelity_census_historical.v1"",""historical_census_source"":""research_outputs/hodgecy_ii/complete_fidelity_pairs_and_sets.tsv"",""historical_set_id"":""D0005""}"	same integral source type but different equivariant/symmetry type	REPRODUCED	"{""category"":""INTEGRAL COLLAPSE / EQUIVARIANT SEPARATION"",""first_separating_level"":""equivariant_source"",""shared_levels"":[""integral_source""]}"	"{""category_reproduced"":true,""classification_source"":""historical_complete_fidelity_tsv_reingested_by_v1"",""first_separating_level_reproduced"":true,""member_validation_status"":{""116"":""CENSUS_LEVEL"",""123"":""CENSUS_LEVEL""},""membership_reproduced"":true,""shared_levels_reproduced"":true,""source_recomputation_scope"":""current_v1_reuses_frozen_historical_456_record_census; no fresh mining pass""}"	hodgecy_ii_complete_fidelity:D0005	fidelity_census_reconciled:D0005
D0006	117 | 118 | 121 | 122 | 127 | 130	117 / 118 / 121 / 122 / 127 / 130	6	larger_set	INTEGRAL COLLAPSE / EQUIVARIANT SEPARATION	INTEGRAL COLLAPSE / EQUIVARIANT SEPARATION	integral_source	equivariant_source	equivariant/symmetry type	p3=0;p4_0=0;p4_1=0;p5_0=0;p5_1=0;p5_2=0;l3=0	UNKNOWN_HODGE	UNKNOWN_HODGE	complete_rational_source_type:29fbc49db3aafe8ebb1f7ab4778bdc595d09162c827b473ddf33ec50a1ef66ba	complete_rational_source_type:29fbc49db3aafe8ebb1f7ab4778bdc595d09162c827b473ddf33ec50a1ef66ba	complete_integral_source_type:9cdafb5fedacc7466f1b890c3e0d363fea8eaea91e3cf6c4c55c74c0c16ca0c0	complete_integral_source_type:9cdafb5fedacc7466f1b890c3e0d363fea8eaea91e3cf6c4c55c74c0c16ca0c0	complete_torsion_type:2a803bb7328bc91f1a629db108cd9cdb10db7a1e0d6404050d4df627c8c6b3b9	complete_torsion_type:2a803bb7328bc91f1a629db108cd9cdb10db7a1e0d6404050d4df627c8c6b3b9	complete_equivariant_source_type:123507d48df1918587e1d884a4ab120412ba272195f529686ef230e910be5c46 || complete_equivariant_source_type:558543b0dc722abca39026e7c433a278c731a7e64523a5b3b9692166ca7117b0 || complete_equivariant_source_type:864591b4d8db69de15e8aee5c45e3d7b87566184a9180ec63559806f1a7d4d85 || complete_equivariant_source_type:bb458144542b12716518cd8040232571e006ec98f1300ceb350b2b1e739fd611 || complete_equivariant_source_type:efc8e83f03f34e014386aa6ded4f5b67fad5abe7fdc6ab630022941b5d6a0609	complete_equivariant_source_type:123507d48df1918587e1d884a4ab120412ba272195f529686ef230e910be5c46 | complete_equivariant_source_type:558543b0dc722abca39026e7c433a278c731a7e64523a5b3b9692166ca7117b0 | complete_equivariant_source_type:864591b4d8db69de15e8aee5c45e3d7b87566184a9180ec63559806f1a7d4d85 | complete_equivariant_source_type:bb458144542b12716518cd8040232571e006ec98f1300ceb350b2b1e739fd611 | complete_equivariant_source_type:efc8e83f03f34e014386aa6ded4f5b67fad5abe7fdc6ab630022941b5d6a0609	CENSUS_LEVEL	"{""117"":""CENSUS_LEVEL"",""118"":""CENSUS_LEVEL"",""121"":""CENSUS_LEVEL"",""122"":""CENSUS_LEVEL"",""127"":""CENSUS_LEVEL"",""130"":""CENSUS_LEVEL""}"	research_outputs/hodgecy_ii/complete_fidelity_pairs_and_sets.tsv	"{""historical_census_schema"":""hodgecy_ii_complete_fidelity_census_historical.v1"",""historical_census_source"":""research_outputs/hodgecy_ii/complete_fidelity_pairs_and_sets.tsv"",""historical_set_id"":""D0006""}"	same integral source type but different equivariant/symmetry type	REPRODUCED	"{""category"":""INTEGRAL COLLAPSE / EQUIVARIANT SEPARATION"",""first_separating_level"":""equivariant_source"",""shared_levels"":[""integral_source""]}"	"{""category_reproduced"":true,""classification_source"":""historical_complete_fidelity_tsv_reingested_by_v1"",""first_separating_level_reproduced"":true,""member_validation_status"":{""117"":""CENSUS_LEVEL"",""118"":""CENSUS_LEVEL"",""121"":""CENSUS_LEVEL"",""122"":""CENSUS_LEVEL"",""127"":""CENSUS_LEVEL"",""130"":""CENSUS_LEVEL""},""membership_reproduced"":true,""shared_levels_reproduced"":true,""source_recomputation_scope"":""current_v1_reuses_frozen_historical_456_record_census; no fresh mining pass""}"	hodgecy_ii_complete_fidelity:D0006	fidelity_census_reconciled:D0006
D0007	124 | 126	124 / 126	2	pair	INTEGRAL COLLAPSE / EQUIVARIANT SEPARATION	INTEGRAL COLLAPSE / EQUIVARIANT SEPARATION	integral_source	equivariant_source	equivariant/symmetry type	p3=0;p4_0=0;p4_1=0;p5_0=0;p5_1=0;p5_2=0;l3=0	UNKNOWN_HODGE	UNKNOWN_HODGE	complete_rational_source_type:29fbc49db3aafe8ebb1f7ab4778bdc595d09162c827b473ddf33ec50a1ef66ba	complete_rational_source_type:29fbc49db3aafe8ebb1f7ab4778bdc595d09162c827b473ddf33ec50a1ef66ba	complete_integral_source_type:ccf610e364f283778ef01ff5c5168c5b72e04073a7f6ef3f3ff2e1ec7633f795	complete_integral_source_type:ccf610e364f283778ef01ff5c5168c5b72e04073a7f6ef3f3ff2e1ec7633f795	complete_torsion_type:559bd257c5965f26849f0c81cdefb709090f545fdfc894b7e3f2a6bf3b39e3bf	complete_torsion_type:559bd257c5965f26849f0c81cdefb709090f545fdfc894b7e3f2a6bf3b39e3bf	complete_equivariant_source_type:979aab24b9cc0845c84b2ab5668763370c1a8f9ab975fd54817366da1c8269ad || complete_equivariant_source_type:a2f980251afde08408d7938195df2de55ca4f97fd2f03fb148b65b3349df2096	complete_equivariant_source_type:979aab24b9cc0845c84b2ab5668763370c1a8f9ab975fd54817366da1c8269ad | complete_equivariant_source_type:a2f980251afde08408d7938195df2de55ca4f97fd2f03fb148b65b3349df2096	CENSUS_LEVEL	"{""124"":""CENSUS_LEVEL"",""126"":""CENSUS_LEVEL""}"	research_outputs/hodgecy_ii/complete_fidelity_pairs_and_sets.tsv	"{""historical_census_schema"":""hodgecy_ii_complete_fidelity_census_historical.v1"",""historical_census_source"":""research_outputs/hodgecy_ii/complete_fidelity_pairs_and_sets.tsv"",""historical_set_id"":""D0007""}"	same integral source type but different equivariant/symmetry type	REPRODUCED	"{""category"":""INTEGRAL COLLAPSE / EQUIVARIANT SEPARATION"",""first_separating_level"":""equivariant_source"",""shared_levels"":[""integral_source""]}"	"{""category_reproduced"":true,""classification_source"":""historical_complete_fidelity_tsv_reingested_by_v1"",""first_separating_level_reproduced"":true,""member_validation_status"":{""124"":""CENSUS_LEVEL"",""126"":""CENSUS_LEVEL""},""membership_reproduced"":true,""shared_levels_reproduced"":true,""source_recomputation_scope"":""current_v1_reuses_frozen_historical_456_record_census; no fresh mining pass""}"	hodgecy_ii_complete_fidelity:D0007	fidelity_census_reconciled:D0007
D0008	131 | 134 | 135 | 137	131 / 134 / 135 / 137	4	larger_set	INTEGRAL COLLAPSE / EQUIVARIANT SEPARATION	INTEGRAL COLLAPSE / EQUIVARIANT SEPARATION	integral_source	equivariant_source	equivariant/symmetry type	p3=0;p4_0=0;p4_1=0;p5_0=0;p5_1=0;p5_2=0;l3=0	UNKNOWN_HODGE	UNKNOWN_HODGE	complete_rational_source_type:a22c9c6833f9a77fe55c6216477e01637157e8b26ceb69acd2e15e585265f098	complete_rational_source_type:a22c9c6833f9a77fe55c6216477e01637157e8b26ceb69acd2e15e585265f098	complete_integral_source_type:139127ae1dc99d4521d1f3d5e159e556c2847828df728fe728b2ba8a2b078c73	complete_integral_source_type:139127ae1dc99d4521d1f3d5e159e556c2847828df728fe728b2ba8a2b078c73	complete_torsion_type:45dde3243c2d6fcefe746b22b43e9e13b2116896a545a8e32311542d0a433b33	complete_torsion_type:45dde3243c2d6fcefe746b22b43e9e13b2116896a545a8e32311542d0a433b33	complete_equivariant_source_type:03b40ca601f59589497fd5beddce9031505ff6f47fcf2366764f8aac3d10d25e || complete_equivariant_source_type:0ff0a861503ace6bd07e9944ed9facb3735c4dfe3c51c29e42cada2cee15e59e || complete_equivariant_source_type:96cabc18ba8634e374c7e2c8e89699906cd0c95e2cbb46af4c44aec9988edbd4 || complete_equivariant_source_type:b2a2f3b971449cde91c9ba0c4f4f273b459091fb9fb1df29ad178dc2e5013f10	complete_equivariant_source_type:03b40ca601f59589497fd5beddce9031505ff6f47fcf2366764f8aac3d10d25e | complete_equivariant_source_type:0ff0a861503ace6bd07e9944ed9facb3735c4dfe3c51c29e42cada2cee15e59e | complete_equivariant_source_type:96cabc18ba8634e374c7e2c8e89699906cd0c95e2cbb46af4c44aec9988edbd4 | complete_equivariant_source_type:b2a2f3b971449cde91c9ba0c4f4f273b459091fb9fb1df29ad178dc2e5013f10	CENSUS_LEVEL	"{""131"":""CENSUS_LEVEL"",""134"":""CENSUS_LEVEL"",""135"":""CENSUS_LEVEL"",""137"":""CENSUS_LEVEL""}"	research_outputs/hodgecy_ii/complete_fidelity_pairs_and_sets.tsv	"{""historical_census_schema"":""hodgecy_ii_complete_fidelity_census_historical.v1"",""historical_census_source"":""research_outputs/hodgecy_ii/complete_fidelity_pairs_and_sets.tsv"",""historical_set_id"":""D0008""}"	same integral source type but different equivariant/symmetry type	REPRODUCED	"{""category"":""INTEGRAL COLLAPSE / EQUIVARIANT SEPARATION"",""first_separating_level"":""equivariant_source"",""shared_levels"":[""integral_source""]}"	"{""category_reproduced"":true,""classification_source"":""historical_complete_fidelity_tsv_reingested_by_v1"",""first_separating_level_reproduced"":true,""member_validation_status"":{""131"":""CENSUS_LEVEL"",""134"":""CENSUS_LEVEL"",""135"":""CENSUS_LEVEL"",""137"":""CENSUS_LEVEL""},""membership_reproduced"":true,""shared_levels_reproduced"":true,""source_recomputation_scope"":""current_v1_reuses_frozen_historical_456_record_census; no fresh mining pass""}"	hodgecy_ii_complete_fidelity:D0008	fidelity_census_reconciled:D0008
D0009	132 | 133	132 / 133	2	pair	INTEGRAL COLLAPSE / EQUIVARIANT SEPARATION	INTEGRAL COLLAPSE / EQUIVARIANT SEPARATION	integral_source	equivariant_source	equivariant/symmetry type	p3=0;p4_0=0;p4_1=0;p5_0=0;p5_1=0;p5_2=0;l3=0	UNKNOWN_HODGE	UNKNOWN_HODGE	complete_rational_source_type:a22c9c6833f9a77fe55c6216477e01637157e8b26ceb69acd2e15e585265f098	complete_rational_source_type:a22c9c6833f9a77fe55c6216477e01637157e8b26ceb69acd2e15e585265f098	complete_integral_source_type:ca6ed8cd625465b71ba9b0242c059eee376dc80cedeba1b18f3f30e6bdab668d	complete_integral_source_type:ca6ed8cd625465b71ba9b0242c059eee376dc80cedeba1b18f3f30e6bdab668d	complete_torsion_type:559bd257c5965f26849f0c81cdefb709090f545fdfc894b7e3f2a6bf3b39e3bf	complete_torsion_type:559bd257c5965f26849f0c81cdefb709090f545fdfc894b7e3f2a6bf3b39e3bf	complete_equivariant_source_type:58cfa106d6531c672278efcc651adc17d1984751197b7aa1fed93bb41c836fad || complete_equivariant_source_type:c495a24bb7c4df840ed32ae1d27c98c123d6e68ac53a5c570fab1411419caf90	complete_equivariant_source_type:58cfa106d6531c672278efcc651adc17d1984751197b7aa1fed93bb41c836fad | complete_equivariant_source_type:c495a24bb7c4df840ed32ae1d27c98c123d6e68ac53a5c570fab1411419caf90	CENSUS_LEVEL	"{""132"":""CENSUS_LEVEL"",""133"":""CENSUS_LEVEL""}"	research_outputs/hodgecy_ii/complete_fidelity_pairs_and_sets.tsv	"{""historical_census_schema"":""hodgecy_ii_complete_fidelity_census_historical.v1"",""historical_census_source"":""research_outputs/hodgecy_ii/complete_fidelity_pairs_and_sets.tsv"",""historical_set_id"":""D0009""}"	same integral source type but different equivariant/symmetry type	REPRODUCED	"{""category"":""INTEGRAL COLLAPSE / EQUIVARIANT SEPARATION"",""first_separating_level"":""equivariant_source"",""shared_levels"":[""integral_source""]}"	"{""category_reproduced"":true,""classification_source"":""historical_complete_fidelity_tsv_reingested_by_v1"",""first_separating_level_reproduced"":true,""member_validation_status"":{""132"":""CENSUS_LEVEL"",""133"":""CENSUS_LEVEL""},""membership_reproduced"":true,""shared_levels_reproduced"":true,""source_recomputation_scope"":""current_v1_reuses_frozen_historical_456_record_census; no fresh mining pass""}"	hodgecy_ii_complete_fidelity:D0009	fidelity_census_reconciled:D0009
D0010	139 | 141	139 / 141	2	pair	INTEGRAL COLLAPSE / EQUIVARIANT SEPARATION	INTEGRAL COLLAPSE / EQUIVARIANT SEPARATION	integral_source	equivariant_source	equivariant/symmetry type	p3=0;p4_0=0;p4_1=0;p5_0=0;p5_1=0;p5_2=0;l3=0	UNKNOWN_HODGE	UNKNOWN_HODGE	complete_rational_source_type:922515d3873ec4a09abee36f4e4f2552584792ba88bf5a682a8263210116cba4	complete_rational_source_type:922515d3873ec4a09abee36f4e4f2552584792ba88bf5a682a8263210116cba4	complete_integral_source_type:ae725b587d1bd853a0ea23e72b03e833e67b44eecb0486661d39ee7c79d406a8	complete_integral_source_type:ae725b587d1bd853a0ea23e72b03e833e67b44eecb0486661d39ee7c79d406a8	complete_torsion_type:1e349c64934a40d4eb9e32364447f999e35f9e2450575d523004c763d4b9c094	complete_torsion_type:1e349c64934a40d4eb9e32364447f999e35f9e2450575d523004c763d4b9c094	complete_equivariant_source_type:8e87bc19e9a01473784659db5a05f6a9c7043ddb7a238455fa0fcad2b74c1d55 || complete_equivariant_source_type:fa439c35ae90dd9e850ac69d76aba6ca9cd2c5a6f15f9ccce32380573e8dbab7	complete_equivariant_source_type:8e87bc19e9a01473784659db5a05f6a9c7043ddb7a238455fa0fcad2b74c1d55 | complete_equivariant_source_type:fa439c35ae90dd9e850ac69d76aba6ca9cd2c5a6f15f9ccce32380573e8dbab7	CENSUS_LEVEL	"{""139"":""CENSUS_LEVEL"",""141"":""CENSUS_LEVEL""}"	research_outputs/hodgecy_ii/complete_fidelity_pairs_and_sets.tsv	"{""historical_census_schema"":""hodgecy_ii_complete_fidelity_census_historical.v1"",""historical_census_source"":""research_outputs/hodgecy_ii/complete_fidelity_pairs_and_sets.tsv"",""historical_set_id"":""D0010""}"	same integral source type but different equivariant/symmetry type	REPRODUCED	"{""category"":""INTEGRAL COLLAPSE / EQUIVARIANT SEPARATION"",""first_separating_level"":""equivariant_source"",""shared_levels"":[""integral_source""]}"	"{""category_reproduced"":true,""classification_source"":""historical_complete_fidelity_tsv_reingested_by_v1"",""first_separating_level_reproduced"":true,""member_validation_status"":{""139"":""CENSUS_LEVEL"",""141"":""CENSUS_LEVEL""},""membership_reproduced"":true,""shared_levels_reproduced"":true,""source_recomputation_scope"":""current_v1_reuses_frozen_historical_456_record_census; no fresh mining pass""}"	hodgecy_ii_complete_fidelity:D0010	fidelity_census_reconciled:D0010
D0011	157 | 162 | 164	157 / 162 / 164	3	triple	INTEGRAL COLLAPSE / EQUIVARIANT SEPARATION	INTEGRAL COLLAPSE / EQUIVARIANT SEPARATION	integral_source	equivariant_source	equivariant/symmetry type	p3=0;p4_0=0;p4_1=0;p5_0=0;p5_1=0;p5_2=0;l3=0	UNKNOWN_HODGE	UNKNOWN_HODGE	complete_rational_source_type:3c37e14bd1820e986d9fe8bfb2aa9559624aeea3bae7ae06a92c612b17372a4c	complete_rational_source_type:3c37e14bd1820e986d9fe8bfb2aa9559624aeea3bae7ae06a92c612b17372a4c	complete_integral_source_type:5e7790e81b2912e155cb40cb635e2281e66d393e2dce1f8f4cdba0f189aa7766	complete_integral_source_type:5e7790e81b2912e155cb40cb635e2281e66d393e2dce1f8f4cdba0f189aa7766	complete_torsion_type:4362ae31c529541fcd5a0883ed350fe08dbd3113b21df30ed74574e37808e359	complete_torsion_type:4362ae31c529541fcd5a0883ed350fe08dbd3113b21df30ed74574e37808e359	complete_equivariant_source_type:2c027b22d88c09c835a7e999441093aa0861e0669bf847c6711d16f6334a1f3d || complete_equivariant_source_type:5da431c058268c74f59c34c63e043be0d76152ef412af73b58b9f794e5b810a5	complete_equivariant_source_type:2c027b22d88c09c835a7e999441093aa0861e0669bf847c6711d16f6334a1f3d | complete_equivariant_source_type:5da431c058268c74f59c34c63e043be0d76152ef412af73b58b9f794e5b810a5	CENSUS_LEVEL	"{""157"":""CENSUS_LEVEL"",""162"":""CENSUS_LEVEL"",""164"":""CENSUS_LEVEL""}"	research_outputs/hodgecy_ii/complete_fidelity_pairs_and_sets.tsv	"{""historical_census_schema"":""hodgecy_ii_complete_fidelity_census_historical.v1"",""historical_census_source"":""research_outputs/hodgecy_ii/complete_fidelity_pairs_and_sets.tsv"",""historical_set_id"":""D0011""}"	same integral source type but different equivariant/symmetry type	REPRODUCED	"{""category"":""INTEGRAL COLLAPSE / EQUIVARIANT SEPARATION"",""first_separating_level"":""equivariant_source"",""shared_levels"":[""integral_source""]}"	"{""category_reproduced"":true,""classification_source"":""historical_complete_fidelity_tsv_reingested_by_v1"",""first_separating_level_reproduced"":true,""member_validation_status"":{""157"":""CENSUS_LEVEL"",""162"":""CENSUS_LEVEL"",""164"":""CENSUS_LEVEL""},""membership_reproduced"":true,""shared_levels_reproduced"":true,""source_recomputation_scope"":""current_v1_reuses_frozen_historical_456_record_census; no fresh mining pass""}"	hodgecy_ii_complete_fidelity:D0011	fidelity_census_reconciled:D0011
D0012	165 | 167 | 170 | 172 | 175	165 / 167 / 170 / 172 / 175	5	larger_set	INTEGRAL COLLAPSE / EQUIVARIANT SEPARATION	INTEGRAL COLLAPSE / EQUIVARIANT SEPARATION	integral_source	equivariant_source	equivariant/symmetry type	p3=0;p4_0=0;p4_1=0;p5_0=0;p5_1=0;p5_2=0;l3=0	UNKNOWN_HODGE	UNKNOWN_HODGE	complete_rational_source_type:0b82234dfd7ea43e6b21de680a78976a05bbade203719e2d0b6114a82a798fc8	complete_rational_source_type:0b82234dfd7ea43e6b21de680a78976a05bbade203719e2d0b6114a82a798fc8	complete_integral_source_type:7de2eedfd341d8b3ec5d15f578de1350391b204e2e070abec780121289065951	complete_integral_source_type:7de2eedfd341d8b3ec5d15f578de1350391b204e2e070abec780121289065951	complete_torsion_type:4362ae31c529541fcd5a0883ed350fe08dbd3113b21df30ed74574e37808e359	complete_torsion_type:4362ae31c529541fcd5a0883ed350fe08dbd3113b21df30ed74574e37808e359	complete_equivariant_source_type:1317152eefd59df7cd7b72ad62c5b091dd3104da3d192a77cc539e3dd24c2108 || complete_equivariant_source_type:b8570e592329615888e5995aa69bffcf641ed97fd8a06e754c96fe6528dd30a6 || complete_equivariant_source_type:c4da319fce244a3ec8ce77c23bdfe8b003371267aa43c085c91fd972899ab03e	complete_equivariant_source_type:1317152eefd59df7cd7b72ad62c5b091dd3104da3d192a77cc539e3dd24c2108 | complete_equivariant_source_type:b8570e592329615888e5995aa69bffcf641ed97fd8a06e754c96fe6528dd30a6 | complete_equivariant_source_type:c4da319fce244a3ec8ce77c23bdfe8b003371267aa43c085c91fd972899ab03e	CENSUS_LEVEL	"{""165"":""CENSUS_LEVEL"",""167"":""CENSUS_LEVEL"",""170"":""CENSUS_LEVEL"",""172"":""CENSUS_LEVEL"",""175"":""CENSUS_LEVEL""}"	research_outputs/hodgecy_ii/complete_fidelity_pairs_and_sets.tsv	"{""historical_census_schema"":""hodgecy_ii_complete_fidelity_census_historical.v1"",""historical_census_source"":""research_outputs/hodgecy_ii/complete_fidelity_pairs_and_sets.tsv"",""historical_set_id"":""D0012""}"	same integral source type but different equivariant/symmetry type	REPRODUCED	"{""category"":""INTEGRAL COLLAPSE / EQUIVARIANT SEPARATION"",""first_separating_level"":""equivariant_source"",""shared_levels"":[""integral_source""]}"	"{""category_reproduced"":true,""classification_source"":""historical_complete_fidelity_tsv_reingested_by_v1"",""first_separating_level_reproduced"":true,""member_validation_status"":{""165"":""CENSUS_LEVEL"",""167"":""CENSUS_LEVEL"",""170"":""CENSUS_LEVEL"",""172"":""CENSUS_LEVEL"",""175"":""CENSUS_LEVEL""},""membership_reproduced"":true,""shared_levels_reproduced"":true,""source_recomputation_scope"":""current_v1_reuses_frozen_historical_456_record_census; no fresh mining pass""}"	hodgecy_ii_complete_fidelity:D0012	fidelity_census_reconciled:D0012
D0013	166 | 168 | 176	166 / 168 / 176	3	triple	INTEGRAL COLLAPSE / EQUIVARIANT SEPARATION	INTEGRAL COLLAPSE / EQUIVARIANT SEPARATION	integral_source	equivariant_source	equivariant/symmetry type	p3=0;p4_0=0;p4_1=0;p5_0=0;p5_1=0;p5_2=0;l3=0	UNKNOWN_HODGE	UNKNOWN_HODGE	complete_rational_source_type:0b82234dfd7ea43e6b21de680a78976a05bbade203719e2d0b6114a82a798fc8	complete_rational_source_type:0b82234dfd7ea43e6b21de680a78976a05bbade203719e2d0b6114a82a798fc8	complete_integral_source_type:ef670328f6740ab73cd247eb7848c4e6cd03dfeb8a476ee454d969c8a4548149	complete_integral_source_type:ef670328f6740ab73cd247eb7848c4e6cd03dfeb8a476ee454d969c8a4548149	complete_torsion_type:3a5189342f6e51bab111f7b86f22aed92d63221f1ef3071c53d3f966dc8986f6	complete_torsion_type:3a5189342f6e51bab111f7b86f22aed92d63221f1ef3071c53d3f966dc8986f6	complete_equivariant_source_type:3507db62d1e49f47b8f791f8d44fb23500bc77bc82314e1ea45489a488142414 || complete_equivariant_source_type:568bb1b0fa0aa683e0a6ddf6c4dd8e9a630cfc1ea20f8a4767151c88b5dd20b4 || complete_equivariant_source_type:79b7358c316af4cfa135b4e48ad03d30d5c5b3668363fc6ad3f95ec87da4dc9c	complete_equivariant_source_type:3507db62d1e49f47b8f791f8d44fb23500bc77bc82314e1ea45489a488142414 | complete_equivariant_source_type:568bb1b0fa0aa683e0a6ddf6c4dd8e9a630cfc1ea20f8a4767151c88b5dd20b4 | complete_equivariant_source_type:79b7358c316af4cfa135b4e48ad03d30d5c5b3668363fc6ad3f95ec87da4dc9c	CENSUS_LEVEL	"{""166"":""CENSUS_LEVEL"",""168"":""CENSUS_LEVEL"",""176"":""CENSUS_LEVEL""}"	research_outputs/hodgecy_ii/complete_fidelity_pairs_and_sets.tsv	"{""historical_census_schema"":""hodgecy_ii_complete_fidelity_census_historical.v1"",""historical_census_source"":""research_outputs/hodgecy_ii/complete_fidelity_pairs_and_sets.tsv"",""historical_set_id"":""D0013""}"	same integral source type but different equivariant/symmetry type	REPRODUCED	"{""category"":""INTEGRAL COLLAPSE / EQUIVARIANT SEPARATION"",""first_separating_level"":""equivariant_source"",""shared_levels"":[""integral_source""]}"	"{""category_reproduced"":true,""classification_source"":""historical_complete_fidelity_tsv_reingested_by_v1"",""first_separating_level_reproduced"":true,""member_validation_status"":{""166"":""CENSUS_LEVEL"",""168"":""CENSUS_LEVEL"",""176"":""CENSUS_LEVEL""},""membership_reproduced"":true,""shared_levels_reproduced"":true,""source_recomputation_scope"":""current_v1_reuses_frozen_historical_456_record_census; no fresh mining pass""}"	hodgecy_ii_complete_fidelity:D0013	fidelity_census_reconciled:D0013
D0014	177 | 179 | 180 | 182 | 184 | 185	177 / 179 / 180 / 182 / 184 / 185	6	larger_set	INTEGRAL COLLAPSE / EQUIVARIANT SEPARATION	INTEGRAL COLLAPSE / EQUIVARIANT SEPARATION	integral_source	equivariant_source	equivariant/symmetry type	p3=0;p4_0=0;p4_1=0;p5_0=0;p5_1=0;p5_2=0;l3=0	UNKNOWN_HODGE	UNKNOWN_HODGE	complete_rational_source_type:a3dca9792766a0079849ea9fb993dfa44cd616bcb7f2389ca6e53ba01ee1231a	complete_rational_source_type:a3dca9792766a0079849ea9fb993dfa44cd616bcb7f2389ca6e53ba01ee1231a	complete_integral_source_type:9b7fe694978f7cbc78da44cbd98b5d2da75cd9a63549f45d91b9495b06a2698a	complete_integral_source_type:9b7fe694978f7cbc78da44cbd98b5d2da75cd9a63549f45d91b9495b06a2698a	complete_torsion_type:4362ae31c529541fcd5a0883ed350fe08dbd3113b21df30ed74574e37808e359	complete_torsion_type:4362ae31c529541fcd5a0883ed350fe08dbd3113b21df30ed74574e37808e359	complete_equivariant_source_type:3a94bb1c9bbb8be50d19b27947bb63b634bb553796838cfb2646e1f0873486bd || complete_equivariant_source_type:3dec87dfcaadaa051d474781844a2d6619faf2acd925f335df3531ce43da691d || complete_equivariant_source_type:565f50cff979f6a11f452af2b2471e3218100e29d33107230b7ca58ecdc5ec8f || complete_equivariant_source_type:7fb8ba10e48bc1b43fc363e3045706148e512052ed15ed1966c9bf20d7b691ca || complete_equivariant_source_type:952a89fb5e28df1c6f84aba9303319603c68afd3453a9d21895ee09ef0fc7361 || complete_equivariant_source_type:d59c58f01602369269bde084b8f8e0ad1c5156c7ce1b09c2428b85af3a26620b	complete_equivariant_source_type:3a94bb1c9bbb8be50d19b27947bb63b634bb553796838cfb2646e1f0873486bd | complete_equivariant_source_type:3dec87dfcaadaa051d474781844a2d6619faf2acd925f335df3531ce43da691d | complete_equivariant_source_type:565f50cff979f6a11f452af2b2471e3218100e29d33107230b7ca58ecdc5ec8f | complete_equivariant_source_type:7fb8ba10e48bc1b43fc363e3045706148e512052ed15ed1966c9bf20d7b691ca | complete_equivariant_source_type:952a89fb5e28df1c6f84aba9303319603c68afd3453a9d21895ee09ef0fc7361 | complete_equivariant_source_type:d59c58f01602369269bde084b8f8e0ad1c5156c7ce1b09c2428b85af3a26620b	CENSUS_LEVEL	"{""177"":""CENSUS_LEVEL"",""179"":""CENSUS_LEVEL"",""180"":""CENSUS_LEVEL"",""182"":""CENSUS_LEVEL"",""184"":""CENSUS_LEVEL"",""185"":""CENSUS_LEVEL""}"	research_outputs/hodgecy_ii/complete_fidelity_pairs_and_sets.tsv	"{""historical_census_schema"":""hodgecy_ii_complete_fidelity_census_historical.v1"",""historical_census_source"":""research_outputs/hodgecy_ii/complete_fidelity_pairs_and_sets.tsv"",""historical_set_id"":""D0014""}"	same integral source type but different equivariant/symmetry type	REPRODUCED	"{""category"":""INTEGRAL COLLAPSE / EQUIVARIANT SEPARATION"",""first_separating_level"":""equivariant_source"",""shared_levels"":[""integral_source""]}"	"{""category_reproduced"":true,""classification_source"":""historical_complete_fidelity_tsv_reingested_by_v1"",""first_separating_level_reproduced"":true,""member_validation_status"":{""177"":""CENSUS_LEVEL"",""179"":""CENSUS_LEVEL"",""180"":""CENSUS_LEVEL"",""182"":""CENSUS_LEVEL"",""184"":""CENSUS_LEVEL"",""185"":""CENSUS_LEVEL""},""membership_reproduced"":true,""shared_levels_reproduced"":true,""source_recomputation_scope"":""current_v1_reuses_frozen_historical_456_record_census; no fresh mining pass""}"	hodgecy_ii_complete_fidelity:D0014	fidelity_census_reconciled:D0014
D0015	178 | 181	178 / 181	2	pair	INTEGRAL COLLAPSE / EQUIVARIANT SEPARATION	INTEGRAL COLLAPSE / EQUIVARIANT SEPARATION	integral_source	equivariant_source	equivariant/symmetry type	p3=0;p4_0=0;p4_1=0;p5_0=0;p5_1=0;p5_2=0;l3=0	UNKNOWN_HODGE	UNKNOWN_HODGE	complete_rational_source_type:a3dca9792766a0079849ea9fb993dfa44cd616bcb7f2389ca6e53ba01ee1231a	complete_rational_source_type:a3dca9792766a0079849ea9fb993dfa44cd616bcb7f2389ca6e53ba01ee1231a	complete_integral_source_type:ddbdcc2027dfc5e55f9afb9d4395c978831bff21838ee64e16f5c2ab94a956bb	complete_integral_source_type:ddbdcc2027dfc5e55f9afb9d4395c978831bff21838ee64e16f5c2ab94a956bb	complete_torsion_type:3a5189342f6e51bab111f7b86f22aed92d63221f1ef3071c53d3f966dc8986f6	complete_torsion_type:3a5189342f6e51bab111f7b86f22aed92d63221f1ef3071c53d3f966dc8986f6	complete_equivariant_source_type:2aa71a19bee64fc62f6b7bd3037978cd858bf8f3df5b136d5d4a43fc93b6506d || complete_equivariant_source_type:85cf5bd7fb33014d8d646c5f1d3812ab73f0b97b1461d988e0c8160a40b9e09d	complete_equivariant_source_type:2aa71a19bee64fc62f6b7bd3037978cd858bf8f3df5b136d5d4a43fc93b6506d | complete_equivariant_source_type:85cf5bd7fb33014d8d646c5f1d3812ab73f0b97b1461d988e0c8160a40b9e09d	CENSUS_LEVEL	"{""178"":""CENSUS_LEVEL"",""181"":""CENSUS_LEVEL""}"	research_outputs/hodgecy_ii/complete_fidelity_pairs_and_sets.tsv	"{""historical_census_schema"":""hodgecy_ii_complete_fidelity_census_historical.v1"",""historical_census_source"":""research_outputs/hodgecy_ii/complete_fidelity_pairs_and_sets.tsv"",""historical_set_id"":""D0015""}"	same integral source type but different equivariant/symmetry type	REPRODUCED	"{""category"":""INTEGRAL COLLAPSE / EQUIVARIANT SEPARATION"",""first_separating_level"":""equivariant_source"",""shared_levels"":[""integral_source""]}"	"{""category_reproduced"":true,""classification_source"":""historical_complete_fidelity_tsv_reingested_by_v1"",""first_separating_level_reproduced"":true,""member_validation_status"":{""178"":""CENSUS_LEVEL"",""181"":""CENSUS_LEVEL""},""membership_reproduced"":true,""shared_levels_reproduced"":true,""source_recomputation_scope"":""current_v1_reuses_frozen_historical_456_record_census; no fresh mining pass""}"	hodgecy_ii_complete_fidelity:D0015	fidelity_census_reconciled:D0015
D0016	186 | 187	186 / 187	2	pair	INTEGRAL COLLAPSE / EQUIVARIANT SEPARATION	INTEGRAL COLLAPSE / EQUIVARIANT SEPARATION	integral_source	equivariant_source	equivariant/symmetry type	p3=0;p4_0=0;p4_1=0;p5_0=0;p5_1=0;p5_2=0;l3=0	UNKNOWN_HODGE	UNKNOWN_HODGE	complete_rational_source_type:7809209565ca944cf4b1746f11a45656d98993625436402b0e7bb9142aa3a50f	complete_rational_source_type:7809209565ca944cf4b1746f11a45656d98993625436402b0e7bb9142aa3a50f	complete_integral_source_type:197fafee277ae4251601265dfd4a12e96d0dcb622a2f0722860e6b342dfe32c4	complete_integral_source_type:197fafee277ae4251601265dfd4a12e96d0dcb622a2f0722860e6b342dfe32c4	complete_torsion_type:4362ae31c529541fcd5a0883ed350fe08dbd3113b21df30ed74574e37808e359	complete_torsion_type:4362ae31c529541fcd5a0883ed350fe08dbd3113b21df30ed74574e37808e359	complete_equivariant_source_type:2ef327a6b5780cf62d0afadf57a488ec9b9645c2e2b8b9fb871f6b252817201d || complete_equivariant_source_type:b3b4c3a428c4c6315c055e61c411935e53d62435f44a228c7a7ed39a7182907b	complete_equivariant_source_type:2ef327a6b5780cf62d0afadf57a488ec9b9645c2e2b8b9fb871f6b252817201d | complete_equivariant_source_type:b3b4c3a428c4c6315c055e61c411935e53d62435f44a228c7a7ed39a7182907b	CENSUS_LEVEL	"{""186"":""CENSUS_LEVEL"",""187"":""CENSUS_LEVEL""}"	research_outputs/hodgecy_ii/complete_fidelity_pairs_and_sets.tsv	"{""historical_census_schema"":""hodgecy_ii_complete_fidelity_census_historical.v1"",""historical_census_source"":""research_outputs/hodgecy_ii/complete_fidelity_pairs_and_sets.tsv"",""historical_set_id"":""D0016""}"	same integral source type but different equivariant/symmetry type	REPRODUCED	"{""category"":""INTEGRAL COLLAPSE / EQUIVARIANT SEPARATION"",""first_separating_level"":""equivariant_source"",""shared_levels"":[""integral_source""]}"	"{""category_reproduced"":true,""classification_source"":""historical_complete_fidelity_tsv_reingested_by_v1"",""first_separating_level_reproduced"":true,""member_validation_status"":{""186"":""CENSUS_LEVEL"",""187"":""CENSUS_LEVEL""},""membership_reproduced"":true,""shared_levels_reproduced"":true,""source_recomputation_scope"":""current_v1_reuses_frozen_historical_456_record_census; no fresh mining pass""}"	hodgecy_ii_complete_fidelity:D0016	fidelity_census_reconciled:D0016
D0017	204 | 206	204 / 206	2	pair	INTEGRAL COLLAPSE / EQUIVARIANT SEPARATION	INTEGRAL COLLAPSE / EQUIVARIANT SEPARATION	integral_source	equivariant_source	equivariant/symmetry type	p3=0;p4_0=0;p4_1=0;p5_0=0;p5_1=0;p5_2=0;l3=0	UNKNOWN_HODGE	UNKNOWN_HODGE	complete_rational_source_type:350b380352bf64a490345785e5ae212e6533b2377f38ebc755f947d3264fb1d7	complete_rational_source_type:350b380352bf64a490345785e5ae212e6533b2377f38ebc755f947d3264fb1d7	complete_integral_source_type:2783c6e9c6778f26f33c3db40466fd4dc1ad1132a89bf091d148f0ad87e7e84a	complete_integral_source_type:2783c6e9c6778f26f33c3db40466fd4dc1ad1132a89bf091d148f0ad87e7e84a	complete_torsion_type:45dde3243c2d6fcefe746b22b43e9e13b2116896a545a8e32311542d0a433b33	complete_torsion_type:45dde3243c2d6fcefe746b22b43e9e13b2116896a545a8e32311542d0a433b33	complete_equivariant_source_type:8052f5f44c7fc779f8de8179cb66399bb747fc628698f0fac02565959b971373 || complete_equivariant_source_type:85969150dd80b1cbcf43f6d46d47662761232ac87afb108fa0d8103bd1112464	complete_equivariant_source_type:8052f5f44c7fc779f8de8179cb66399bb747fc628698f0fac02565959b971373 | complete_equivariant_source_type:85969150dd80b1cbcf43f6d46d47662761232ac87afb108fa0d8103bd1112464	CENSUS_LEVEL	"{""204"":""CENSUS_LEVEL"",""206"":""CENSUS_LEVEL""}"	research_outputs/hodgecy_ii/complete_fidelity_pairs_and_sets.tsv	"{""historical_census_schema"":""hodgecy_ii_complete_fidelity_census_historical.v1"",""historical_census_source"":""research_outputs/hodgecy_ii/complete_fidelity_pairs_and_sets.tsv"",""historical_set_id"":""D0017""}"	same integral source type but different equivariant/symmetry type	REPRODUCED	"{""category"":""INTEGRAL COLLAPSE / EQUIVARIANT SEPARATION"",""first_separating_level"":""equivariant_source"",""shared_levels"":[""integral_source""]}"	"{""category_reproduced"":true,""classification_source"":""historical_complete_fidelity_tsv_reingested_by_v1"",""first_separating_level_reproduced"":true,""member_validation_status"":{""204"":""CENSUS_LEVEL"",""206"":""CENSUS_LEVEL""},""membership_reproduced"":true,""shared_levels_reproduced"":true,""source_recomputation_scope"":""current_v1_reuses_frozen_historical_456_record_census; no fresh mining pass""}"	hodgecy_ii_complete_fidelity:D0017	fidelity_census_reconciled:D0017
D0018	205 | 207	205 / 207	2	pair	INTEGRAL COLLAPSE / EQUIVARIANT SEPARATION	INTEGRAL COLLAPSE / EQUIVARIANT SEPARATION	integral_source	equivariant_source	equivariant/symmetry type	p3=0;p4_0=0;p4_1=0;p5_0=0;p5_1=0;p5_2=0;l3=0	UNKNOWN_HODGE	UNKNOWN_HODGE	complete_rational_source_type:350b380352bf64a490345785e5ae212e6533b2377f38ebc755f947d3264fb1d7	complete_rational_source_type:350b380352bf64a490345785e5ae212e6533b2377f38ebc755f947d3264fb1d7	complete_integral_source_type:1acc63c4fa7f3f493f038a3ccf3f3eee000a683b69a57549d8a3f328fce02855	complete_integral_source_type:1acc63c4fa7f3f493f038a3ccf3f3eee000a683b69a57549d8a3f328fce02855	complete_torsion_type:1e349c64934a40d4eb9e32364447f999e35f9e2450575d523004c763d4b9c094	complete_torsion_type:1e349c64934a40d4eb9e32364447f999e35f9e2450575d523004c763d4b9c094	complete_equivariant_source_type:158dfab9328066d0ffa308983f969602c159216eb3c9a247f282da30f03e7bca || complete_equivariant_source_type:a84484a965d546734c3cc41c50e01924c733a066c2a44475232fd0b9946b8176	complete_equivariant_source_type:158dfab9328066d0ffa308983f969602c159216eb3c9a247f282da30f03e7bca | complete_equivariant_source_type:a84484a965d546734c3cc41c50e01924c733a066c2a44475232fd0b9946b8176	CENSUS_LEVEL	"{""205"":""CENSUS_LEVEL"",""207"":""CENSUS_LEVEL""}"	research_outputs/hodgecy_ii/complete_fidelity_pairs_and_sets.tsv	"{""historical_census_schema"":""hodgecy_ii_complete_fidelity_census_historical.v1"",""historical_census_source"":""research_outputs/hodgecy_ii/complete_fidelity_pairs_and_sets.tsv"",""historical_set_id"":""D0018""}"	same integral source type but different equivariant/symmetry type	REPRODUCED	"{""category"":""INTEGRAL COLLAPSE / EQUIVARIANT SEPARATION"",""first_separating_level"":""equivariant_source"",""shared_levels"":[""integral_source""]}"	"{""category_reproduced"":true,""classification_source"":""historical_complete_fidelity_tsv_reingested_by_v1"",""first_separating_level_reproduced"":true,""member_validation_status"":{""205"":""CENSUS_LEVEL"",""207"":""CENSUS_LEVEL""},""membership_reproduced"":true,""shared_levels_reproduced"":true,""source_recomputation_scope"":""current_v1_reuses_frozen_historical_456_record_census; no fresh mining pass""}"	hodgecy_ii_complete_fidelity:D0018	fidelity_census_reconciled:D0018
D0019	210 | 211 | 214 | 215 | 218	210 / 211 / 214 / 215 / 218	5	larger_set	INTEGRAL COLLAPSE / EQUIVARIANT SEPARATION	INTEGRAL COLLAPSE / EQUIVARIANT SEPARATION	integral_source	equivariant_source	equivariant/symmetry type	p3=0;p4_0=0;p4_1=0;p5_0=0;p5_1=0;p5_2=0;l3=0	UNKNOWN_HODGE	UNKNOWN_HODGE	complete_rational_source_type:56bf2145cfed1de49e54e2470a65c86d37c6fdf4128bee5574a50ec865d66575	complete_rational_source_type:56bf2145cfed1de49e54e2470a65c86d37c6fdf4128bee5574a50ec865d66575	complete_integral_source_type:7887cef30428790876263f16a352ca87a8fd52232766689ebf5d336cac480e18	complete_integral_source_type:7887cef30428790876263f16a352ca87a8fd52232766689ebf5d336cac480e18	complete_torsion_type:1e349c64934a40d4eb9e32364447f999e35f9e2450575d523004c763d4b9c094	complete_torsion_type:1e349c64934a40d4eb9e32364447f999e35f9e2450575d523004c763d4b9c094	complete_equivariant_source_type:cabcd7e2589c97eb567d0a2c18b2aa79d0370923db51442303d6e431ab1dcafe || complete_equivariant_source_type:cf70c2ca8a5ea6547797904ecd6d4c4cebc1bf0a2c850a6a46ead78de697e221 || complete_equivariant_source_type:e4c5bcc5b08edc7bda47899bee69858034961e04f46b4f6a9d3e7cc5abf7b5eb	complete_equivariant_source_type:cabcd7e2589c97eb567d0a2c18b2aa79d0370923db51442303d6e431ab1dcafe | complete_equivariant_source_type:cf70c2ca8a5ea6547797904ecd6d4c4cebc1bf0a2c850a6a46ead78de697e221 | complete_equivariant_source_type:e4c5bcc5b08edc7bda47899bee69858034961e04f46b4f6a9d3e7cc5abf7b5eb	CENSUS_LEVEL	"{""210"":""CENSUS_LEVEL"",""211"":""CENSUS_LEVEL"",""214"":""CENSUS_LEVEL"",""215"":""CENSUS_LEVEL"",""218"":""CENSUS_LEVEL""}"	research_outputs/hodgecy_ii/complete_fidelity_pairs_and_sets.tsv	"{""historical_census_schema"":""hodgecy_ii_complete_fidelity_census_historical.v1"",""historical_census_source"":""research_outputs/hodgecy_ii/complete_fidelity_pairs_and_sets.tsv"",""historical_set_id"":""D0019""}"	same integral source type but different equivariant/symmetry type	REPRODUCED	"{""category"":""INTEGRAL COLLAPSE / EQUIVARIANT SEPARATION"",""first_separating_level"":""equivariant_source"",""shared_levels"":[""integral_source""]}"	"{""category_reproduced"":true,""classification_source"":""historical_complete_fidelity_tsv_reingested_by_v1"",""first_separating_level_reproduced"":true,""member_validation_status"":{""210"":""CENSUS_LEVEL"",""211"":""CENSUS_LEVEL"",""214"":""CENSUS_LEVEL"",""215"":""CENSUS_LEVEL"",""218"":""CENSUS_LEVEL""},""membership_reproduced"":true,""shared_levels_reproduced"":true,""source_recomputation_scope"":""current_v1_reuses_frozen_historical_456_record_census; no fresh mining pass""}"	hodgecy_ii_complete_fidelity:D0019	fidelity_census_reconciled:D0019
D0020	212 | 217	212 / 217	2	pair	INTEGRAL COLLAPSE / EQUIVARIANT SEPARATION	INTEGRAL COLLAPSE / EQUIVARIANT SEPARATION	integral_source	equivariant_source	equivariant/symmetry type	p3=0;p4_0=0;p4_1=0;p5_0=0;p5_1=0;p5_2=0;l3=0	UNKNOWN_HODGE	UNKNOWN_HODGE	complete_rational_source_type:56bf2145cfed1de49e54e2470a65c86d37c6fdf4128bee5574a50ec865d66575	complete_rational_source_type:56bf2145cfed1de49e54e2470a65c86d37c6fdf4128bee5574a50ec865d66575	complete_integral_source_type:50c08e43a6c423dcff92072349ae00d945bad80a56cbffe97e6aa9502291aa80	complete_integral_source_type:50c08e43a6c423dcff92072349ae00d945bad80a56cbffe97e6aa9502291aa80	complete_torsion_type:9e3c65f813550a7933f7cd9dbe4cf6431d0f63520e705c69fce69c8511b6a46b	complete_torsion_type:9e3c65f813550a7933f7cd9dbe4cf6431d0f63520e705c69fce69c8511b6a46b	complete_equivariant_source_type:0a92fe4aab10fcae7a0cf38f0488af7e8e2a1a4de072164fc6f67cc43b7715df || complete_equivariant_source_type:4a0d0812279eceade9c866d38b77399fb2efdfa84202d5de342fa66af525edfa	complete_equivariant_source_type:0a92fe4aab10fcae7a0cf38f0488af7e8e2a1a4de072164fc6f67cc43b7715df | complete_equivariant_source_type:4a0d0812279eceade9c866d38b77399fb2efdfa84202d5de342fa66af525edfa	CENSUS_LEVEL	"{""212"":""CENSUS_LEVEL"",""217"":""CENSUS_LEVEL""}"	research_outputs/hodgecy_ii/complete_fidelity_pairs_and_sets.tsv	"{""historical_census_schema"":""hodgecy_ii_complete_fidelity_census_historical.v1"",""historical_census_source"":""research_outputs/hodgecy_ii/complete_fidelity_pairs_and_sets.tsv"",""historical_set_id"":""D0020""}"	same integral source type but different equivariant/symmetry type	REPRODUCED	"{""category"":""INTEGRAL COLLAPSE / EQUIVARIANT SEPARATION"",""first_separating_level"":""equivariant_source"",""shared_levels"":[""integral_source""]}"	"{""category_reproduced"":true,""classification_source"":""historical_complete_fidelity_tsv_reingested_by_v1"",""first_separating_level_reproduced"":true,""member_validation_status"":{""212"":""CENSUS_LEVEL"",""217"":""CENSUS_LEVEL""},""membership_reproduced"":true,""shared_levels_reproduced"":true,""source_recomputation_scope"":""current_v1_reuses_frozen_historical_456_record_census; no fresh mining pass""}"	hodgecy_ii_complete_fidelity:D0020	fidelity_census_reconciled:D0020
D0021	213 | 221	213 / 221	2	pair	INTEGRAL COLLAPSE / EQUIVARIANT SEPARATION	INTEGRAL COLLAPSE / EQUIVARIANT SEPARATION	integral_source	equivariant_source	equivariant/symmetry type	p3=0;p4_0=0;p4_1=0;p5_0=0;p5_1=0;p5_2=0;l3=0	UNKNOWN_HODGE	UNKNOWN_HODGE	complete_rational_source_type:56bf2145cfed1de49e54e2470a65c86d37c6fdf4128bee5574a50ec865d66575	complete_rational_source_type:56bf2145cfed1de49e54e2470a65c86d37c6fdf4128bee5574a50ec865d66575	complete_integral_source_type:878ccf0fe353b3e7a42d11ceb0cdc7d950d879dba31bcddfda861013fade2063	complete_integral_source_type:878ccf0fe353b3e7a42d11ceb0cdc7d950d879dba31bcddfda861013fade2063	complete_torsion_type:54fb69f39f5a4e1da8427e66448f27573cb7dd76a0f815c503bfcdcbbdf6ca7b	complete_torsion_type:54fb69f39f5a4e1da8427e66448f27573cb7dd76a0f815c503bfcdcbbdf6ca7b	complete_equivariant_source_type:0250a244d0ca6dc314b8d4ca95215bc6504b7937c058538b52c424ce19a26e81 || complete_equivariant_source_type:6ad7100a7d61eba363a1489d8348c088a86358d805b8f9a8b453760391244b03	complete_equivariant_source_type:0250a244d0ca6dc314b8d4ca95215bc6504b7937c058538b52c424ce19a26e81 | complete_equivariant_source_type:6ad7100a7d61eba363a1489d8348c088a86358d805b8f9a8b453760391244b03	CENSUS_LEVEL	"{""213"":""CENSUS_LEVEL"",""221"":""CENSUS_LEVEL""}"	research_outputs/hodgecy_ii/complete_fidelity_pairs_and_sets.tsv	"{""historical_census_schema"":""hodgecy_ii_complete_fidelity_census_historical.v1"",""historical_census_source"":""research_outputs/hodgecy_ii/complete_fidelity_pairs_and_sets.tsv"",""historical_set_id"":""D0021""}"	same integral source type but different equivariant/symmetry type	REPRODUCED	"{""category"":""INTEGRAL COLLAPSE / EQUIVARIANT SEPARATION"",""first_separating_level"":""equivariant_source"",""shared_levels"":[""integral_source""]}"	"{""category_reproduced"":true,""classification_source"":""historical_complete_fidelity_tsv_reingested_by_v1"",""first_separating_level_reproduced"":true,""member_validation_status"":{""213"":""CENSUS_LEVEL"",""221"":""CENSUS_LEVEL""},""membership_reproduced"":true,""shared_levels_reproduced"":true,""source_recomputation_scope"":""current_v1_reuses_frozen_historical_456_record_census; no fresh mining pass""}"	hodgecy_ii_complete_fidelity:D0021	fidelity_census_reconciled:D0021
D0022	216 | 220	216 / 220	2	pair	INTEGRAL COLLAPSE / EQUIVARIANT SEPARATION	INTEGRAL COLLAPSE / EQUIVARIANT SEPARATION	integral_source	equivariant_source	equivariant/symmetry type	p3=0;p4_0=0;p4_1=0;p5_0=0;p5_1=0;p5_2=0;l3=0	UNKNOWN_HODGE	UNKNOWN_HODGE	complete_rational_source_type:56bf2145cfed1de49e54e2470a65c86d37c6fdf4128bee5574a50ec865d66575	complete_rational_source_type:56bf2145cfed1de49e54e2470a65c86d37c6fdf4128bee5574a50ec865d66575	complete_integral_source_type:0e85a0162fb229245bb58ab3e6d05a5b80ffcc3eeb27d3c7b7a205e9374b551d	complete_integral_source_type:0e85a0162fb229245bb58ab3e6d05a5b80ffcc3eeb27d3c7b7a205e9374b551d	complete_torsion_type:c6185348304f4e272a1f7cda570fd535cd0551d67985f965646b480bba02d70f	complete_torsion_type:c6185348304f4e272a1f7cda570fd535cd0551d67985f965646b480bba02d70f	complete_equivariant_source_type:029f4a9e560b025fce4de82b705d72f339a35e98209056dee2d1f906261b3473 || complete_equivariant_source_type:521f33cf3d401a93fa367ee36f930c3852c7d87a8b280b69d808bf954a70a7d5	complete_equivariant_source_type:029f4a9e560b025fce4de82b705d72f339a35e98209056dee2d1f906261b3473 | complete_equivariant_source_type:521f33cf3d401a93fa367ee36f930c3852c7d87a8b280b69d808bf954a70a7d5	CENSUS_LEVEL	"{""216"":""CENSUS_LEVEL"",""220"":""CENSUS_LEVEL""}"	research_outputs/hodgecy_ii/complete_fidelity_pairs_and_sets.tsv	"{""historical_census_schema"":""hodgecy_ii_complete_fidelity_census_historical.v1"",""historical_census_source"":""research_outputs/hodgecy_ii/complete_fidelity_pairs_and_sets.tsv"",""historical_set_id"":""D0022""}"	same integral source type but different equivariant/symmetry type	REPRODUCED	"{""category"":""INTEGRAL COLLAPSE / EQUIVARIANT SEPARATION"",""first_separating_level"":""equivariant_source"",""shared_levels"":[""integral_source""]}"	"{""category_reproduced"":true,""classification_source"":""historical_complete_fidelity_tsv_reingested_by_v1"",""first_separating_level_reproduced"":true,""member_validation_status"":{""216"":""CENSUS_LEVEL"",""220"":""CENSUS_LEVEL""},""membership_reproduced"":true,""shared_levels_reproduced"":true,""source_recomputation_scope"":""current_v1_reuses_frozen_historical_456_record_census; no fresh mining pass""}"	hodgecy_ii_complete_fidelity:D0022	fidelity_census_reconciled:D0022
D0023	222 | 230	222 / 230	2	pair	INTEGRAL COLLAPSE / EQUIVARIANT SEPARATION	INTEGRAL COLLAPSE / EQUIVARIANT SEPARATION	integral_source	equivariant_source	equivariant/symmetry type	p3=0;p4_0=0;p4_1=0;p5_0=0;p5_1=0;p5_2=0;l3=0	UNKNOWN_HODGE	UNKNOWN_HODGE	complete_rational_source_type:1c56638564e35915389c95538acd04aec81b0e5da3ced4507fa70e7a5d2ce49e	complete_rational_source_type:1c56638564e35915389c95538acd04aec81b0e5da3ced4507fa70e7a5d2ce49e	complete_integral_source_type:7ea32df2b511358b2fd9b71b75137872a4d330974f6671d28cda5480b0515859	complete_integral_source_type:7ea32df2b511358b2fd9b71b75137872a4d330974f6671d28cda5480b0515859	complete_torsion_type:54fb69f39f5a4e1da8427e66448f27573cb7dd76a0f815c503bfcdcbbdf6ca7b	complete_torsion_type:54fb69f39f5a4e1da8427e66448f27573cb7dd76a0f815c503bfcdcbbdf6ca7b	complete_equivariant_source_type:647e997947992fdbbed7ca891e4cfffdca384ebfdfa26c3573bdf351c43a0abc || complete_equivariant_source_type:f3058cb76300b3fa8cbdee3d10558c8d911e4fe5274a52c4f45b3997092a2477	complete_equivariant_source_type:647e997947992fdbbed7ca891e4cfffdca384ebfdfa26c3573bdf351c43a0abc | complete_equivariant_source_type:f3058cb76300b3fa8cbdee3d10558c8d911e4fe5274a52c4f45b3997092a2477	CENSUS_LEVEL	"{""222"":""CENSUS_LEVEL"",""230"":""CENSUS_LEVEL""}"	research_outputs/hodgecy_ii/complete_fidelity_pairs_and_sets.tsv	"{""historical_census_schema"":""hodgecy_ii_complete_fidelity_census_historical.v1"",""historical_census_source"":""research_outputs/hodgecy_ii/complete_fidelity_pairs_and_sets.tsv"",""historical_set_id"":""D0023""}"	same integral source type but different equivariant/symmetry type	REPRODUCED	"{""category"":""INTEGRAL COLLAPSE / EQUIVARIANT SEPARATION"",""first_separating_level"":""equivariant_source"",""shared_levels"":[""integral_source""]}"	"{""category_reproduced"":true,""classification_source"":""historical_complete_fidelity_tsv_reingested_by_v1"",""first_separating_level_reproduced"":true,""member_validation_status"":{""222"":""CENSUS_LEVEL"",""230"":""CENSUS_LEVEL""},""membership_reproduced"":true,""shared_levels_reproduced"":true,""source_recomputation_scope"":""current_v1_reuses_frozen_historical_456_record_census; no fresh mining pass""}"	hodgecy_ii_complete_fidelity:D0023	fidelity_census_reconciled:D0023
D0024	223 | 224 | 226 | 227 | 228	223 / 224 / 226 / 227 / 228	5	larger_set	INTEGRAL COLLAPSE / EQUIVARIANT SEPARATION	INTEGRAL COLLAPSE / EQUIVARIANT SEPARATION	integral_source	equivariant_source	equivariant/symmetry type	p3=0;p4_0=0;p4_1=0;p5_0=0;p5_1=0;p5_2=0;l3=0	UNKNOWN_HODGE	UNKNOWN_HODGE	complete_rational_source_type:1c56638564e35915389c95538acd04aec81b0e5da3ced4507fa70e7a5d2ce49e	complete_rational_source_type:1c56638564e35915389c95538acd04aec81b0e5da3ced4507fa70e7a5d2ce49e	complete_integral_source_type:7999d4e70faca21188d6fa5397b0e5478a9a551b4579aba8fed81bedc8a356db	complete_integral_source_type:7999d4e70faca21188d6fa5397b0e5478a9a551b4579aba8fed81bedc8a356db	complete_torsion_type:9e3c65f813550a7933f7cd9dbe4cf6431d0f63520e705c69fce69c8511b6a46b	complete_torsion_type:9e3c65f813550a7933f7cd9dbe4cf6431d0f63520e705c69fce69c8511b6a46b	complete_equivariant_source_type:0d2b603dccc8dd48b1e5b65204ec0cee80064378b1a0ab6ecc64a2726b03b225 || complete_equivariant_source_type:1cfff63126466f956991f100606415c5f79a5fbedaf8b30f1a6c95aa6f0ad65e || complete_equivariant_source_type:83b8a338e5eb70174cf9c9507a6075cea3e349e87c15cc81cd30ce55c6221c97 || complete_equivariant_source_type:8a0cc4f304b6706625aa01fa797200fc0314646c0e89c043972a43cd74f146af || complete_equivariant_source_type:f0b5a14d0a46b13cfe1430acb2e9785e4005b56812917406f013b517abe9b5b4	complete_equivariant_source_type:0d2b603dccc8dd48b1e5b65204ec0cee80064378b1a0ab6ecc64a2726b03b225 | complete_equivariant_source_type:1cfff63126466f956991f100606415c5f79a5fbedaf8b30f1a6c95aa6f0ad65e | complete_equivariant_source_type:83b8a338e5eb70174cf9c9507a6075cea3e349e87c15cc81cd30ce55c6221c97 | complete_equivariant_source_type:8a0cc4f304b6706625aa01fa797200fc0314646c0e89c043972a43cd74f146af | complete_equivariant_source_type:f0b5a14d0a46b13cfe1430acb2e9785e4005b56812917406f013b517abe9b5b4	CENSUS_LEVEL	"{""223"":""CENSUS_LEVEL"",""224"":""CENSUS_LEVEL"",""226"":""CENSUS_LEVEL"",""227"":""CENSUS_LEVEL"",""228"":""CENSUS_LEVEL""}"	research_outputs/hodgecy_ii/complete_fidelity_pairs_and_sets.tsv	"{""historical_census_schema"":""hodgecy_ii_complete_fidelity_census_historical.v1"",""historical_census_source"":""research_outputs/hodgecy_ii/complete_fidelity_pairs_and_sets.tsv"",""historical_set_id"":""D0024""}"	same integral source type but different equivariant/symmetry type	REPRODUCED	"{""category"":""INTEGRAL COLLAPSE / EQUIVARIANT SEPARATION"",""first_separating_level"":""equivariant_source"",""shared_levels"":[""integral_source""]}"	"{""category_reproduced"":true,""classification_source"":""historical_complete_fidelity_tsv_reingested_by_v1"",""first_separating_level_reproduced"":true,""member_validation_status"":{""223"":""CENSUS_LEVEL"",""224"":""CENSUS_LEVEL"",""226"":""CENSUS_LEVEL"",""227"":""CENSUS_LEVEL"",""228"":""CENSUS_LEVEL""},""membership_reproduced"":true,""shared_levels_reproduced"":true,""source_recomputation_scope"":""current_v1_reuses_frozen_historical_456_record_census; no fresh mining pass""}"	hodgecy_ii_complete_fidelity:D0024	fidelity_census_reconciled:D0024
D0025	231 | 232 | 233	231 / 232 / 233	3	triple	INTEGRAL COLLAPSE / EQUIVARIANT SEPARATION	INTEGRAL COLLAPSE / EQUIVARIANT SEPARATION	integral_source	equivariant_source	equivariant/symmetry type	p3=0;p4_0=0;p4_1=0;p5_0=0;p5_1=0;p5_2=0;l3=0	UNKNOWN_HODGE	UNKNOWN_HODGE	complete_rational_source_type:ed71f72c0077c50d0120dd92ddad5b134284a9924c17588719350f59213b1111	complete_rational_source_type:ed71f72c0077c50d0120dd92ddad5b134284a9924c17588719350f59213b1111	complete_integral_source_type:c326715eb19e0a6003aae0a19e6d3983bd9bda2875349af00ac0150c5333004f	complete_integral_source_type:c326715eb19e0a6003aae0a19e6d3983bd9bda2875349af00ac0150c5333004f	complete_torsion_type:62401358dcd8d1f3b8a6e8acfb0fb7dc43784d5ed2b254365510f62fb7f3ad05	complete_torsion_type:62401358dcd8d1f3b8a6e8acfb0fb7dc43784d5ed2b254365510f62fb7f3ad05	complete_equivariant_source_type:7d7ec142d81d9d8f4bf1cf2a67bac21fa89c8e21df60a3b1344b70996f1ea220 || complete_equivariant_source_type:82dc379eedd7e47697cecb9ea9ae97d22f94b4ce0440e2b02fce870b4aac55e3 || complete_equivariant_source_type:a061b78a809504019c9eae30115b18c7d37458e376aaac5aa4feeb17e34424d4	complete_equivariant_source_type:7d7ec142d81d9d8f4bf1cf2a67bac21fa89c8e21df60a3b1344b70996f1ea220 | complete_equivariant_source_type:82dc379eedd7e47697cecb9ea9ae97d22f94b4ce0440e2b02fce870b4aac55e3 | complete_equivariant_source_type:a061b78a809504019c9eae30115b18c7d37458e376aaac5aa4feeb17e34424d4	CENSUS_LEVEL	"{""231"":""CENSUS_LEVEL"",""232"":""CENSUS_LEVEL"",""233"":""CENSUS_LEVEL""}"	research_outputs/hodgecy_ii/complete_fidelity_pairs_and_sets.tsv	"{""historical_census_schema"":""hodgecy_ii_complete_fidelity_census_historical.v1"",""historical_census_source"":""research_outputs/hodgecy_ii/complete_fidelity_pairs_and_sets.tsv"",""historical_set_id"":""D0025""}"	same integral source type but different equivariant/symmetry type	REPRODUCED	"{""category"":""INTEGRAL COLLAPSE / EQUIVARIANT SEPARATION"",""first_separating_level"":""equivariant_source"",""shared_levels"":[""integral_source""]}"	"{""category_reproduced"":true,""classification_source"":""historical_complete_fidelity_tsv_reingested_by_v1"",""first_separating_level_reproduced"":true,""member_validation_status"":{""231"":""CENSUS_LEVEL"",""232"":""CENSUS_LEVEL"",""233"":""CENSUS_LEVEL""},""membership_reproduced"":true,""shared_levels_reproduced"":true,""source_recomputation_scope"":""current_v1_reuses_frozen_historical_456_record_census; no fresh mining pass""}"	hodgecy_ii_complete_fidelity:D0025	fidelity_census_reconciled:D0025
D0026	280 | 327	280 / 327	2	pair	INTEGRAL COLLAPSE / EQUIVARIANT SEPARATION	INTEGRAL COLLAPSE / EQUIVARIANT SEPARATION	integral_source	equivariant_source	equivariant/symmetry type	p3=0;p4_0=0;p4_1=0;p5_0=0;p5_1=0;p5_2=0;l3=0	UNKNOWN_HODGE	UNKNOWN_HODGE	complete_rational_source_type:56bf2145cfed1de49e54e2470a65c86d37c6fdf4128bee5574a50ec865d66575	complete_rational_source_type:56bf2145cfed1de49e54e2470a65c86d37c6fdf4128bee5574a50ec865d66575	complete_integral_source_type:1961ce0fce16ad8f21d738342ba230cdcd3dc3f89118290ad26293b3fa1c92ad	complete_integral_source_type:1961ce0fce16ad8f21d738342ba230cdcd3dc3f89118290ad26293b3fa1c92ad	complete_torsion_type:52318fa651429e353c2d8ef84cdd8bd6add5665dfcbee6561a6dee8e26419264	complete_torsion_type:52318fa651429e353c2d8ef84cdd8bd6add5665dfcbee6561a6dee8e26419264	complete_equivariant_source_type:52358af1d0c2f24faf3962b180a0b84281d98fa9ba23bb0bfcebe9d07b1f3f06 || complete_equivariant_source_type:f77555548cae3d2bc9a3924addbd8b7ed5d60d2925513ee12f826d9e21410be8	complete_equivariant_source_type:52358af1d0c2f24faf3962b180a0b84281d98fa9ba23bb0bfcebe9d07b1f3f06 | complete_equivariant_source_type:f77555548cae3d2bc9a3924addbd8b7ed5d60d2925513ee12f826d9e21410be8	CENSUS_LEVEL	"{""280"":""CENSUS_LEVEL"",""327"":""CENSUS_LEVEL""}"	research_outputs/hodgecy_ii/complete_fidelity_pairs_and_sets.tsv	"{""historical_census_schema"":""hodgecy_ii_complete_fidelity_census_historical.v1"",""historical_census_source"":""research_outputs/hodgecy_ii/complete_fidelity_pairs_and_sets.tsv"",""historical_set_id"":""D0026""}"	same integral source type but different equivariant/symmetry type	REPRODUCED	"{""category"":""INTEGRAL COLLAPSE / EQUIVARIANT SEPARATION"",""first_separating_level"":""equivariant_source"",""shared_levels"":[""integral_source""]}"	"{""category_reproduced"":true,""classification_source"":""historical_complete_fidelity_tsv_reingested_by_v1"",""first_separating_level_reproduced"":true,""member_validation_status"":{""280"":""CENSUS_LEVEL"",""327"":""CENSUS_LEVEL""},""membership_reproduced"":true,""shared_levels_reproduced"":true,""source_recomputation_scope"":""current_v1_reuses_frozen_historical_456_record_census; no fresh mining pass""}"	hodgecy_ii_complete_fidelity:D0026	fidelity_census_reconciled:D0026
D0027	281 | 282	281 / 282	2	pair	INTEGRAL COLLAPSE / EQUIVARIANT SEPARATION	INTEGRAL COLLAPSE / EQUIVARIANT SEPARATION	integral_source	equivariant_source	equivariant/symmetry type	p3=0;p4_0=0;p4_1=0;p5_0=0;p5_1=0;p5_2=0;l3=0	UNKNOWN_HODGE	UNKNOWN_HODGE	complete_rational_source_type:56bf2145cfed1de49e54e2470a65c86d37c6fdf4128bee5574a50ec865d66575	complete_rational_source_type:56bf2145cfed1de49e54e2470a65c86d37c6fdf4128bee5574a50ec865d66575	complete_integral_source_type:e446be0f94444f266d40488aca881c4a3034b43623a5ba0cefdf3a0af2e49d47	complete_integral_source_type:e446be0f94444f266d40488aca881c4a3034b43623a5ba0cefdf3a0af2e49d47	complete_torsion_type:428e4b3a07800f0105210ad9c0ba25f9082f44dbf0803a77f7831b2e637ce354	complete_torsion_type:428e4b3a07800f0105210ad9c0ba25f9082f44dbf0803a77f7831b2e637ce354	complete_equivariant_source_type:7ea2e89e7284194e0f82dafb610b0f7210c4e0a7b4ad80781188ef91eaa07005 || complete_equivariant_source_type:9aae707f834f3458e7c79dd78e37103c0a24e595bbb6789d03e1979687833d5b	complete_equivariant_source_type:7ea2e89e7284194e0f82dafb610b0f7210c4e0a7b4ad80781188ef91eaa07005 | complete_equivariant_source_type:9aae707f834f3458e7c79dd78e37103c0a24e595bbb6789d03e1979687833d5b	CENSUS_LEVEL	"{""281"":""CENSUS_LEVEL"",""282"":""CENSUS_LEVEL""}"	research_outputs/hodgecy_ii/complete_fidelity_pairs_and_sets.tsv	"{""historical_census_schema"":""hodgecy_ii_complete_fidelity_census_historical.v1"",""historical_census_source"":""research_outputs/hodgecy_ii/complete_fidelity_pairs_and_sets.tsv"",""historical_set_id"":""D0027""}"	same integral source type but different equivariant/symmetry type	REPRODUCED	"{""category"":""INTEGRAL COLLAPSE / EQUIVARIANT SEPARATION"",""first_separating_level"":""equivariant_source"",""shared_levels"":[""integral_source""]}"	"{""category_reproduced"":true,""classification_source"":""historical_complete_fidelity_tsv_reingested_by_v1"",""first_separating_level_reproduced"":true,""member_validation_status"":{""281"":""CENSUS_LEVEL"",""282"":""CENSUS_LEVEL""},""membership_reproduced"":true,""shared_levels_reproduced"":true,""source_recomputation_scope"":""current_v1_reuses_frozen_historical_456_record_census; no fresh mining pass""}"	hodgecy_ii_complete_fidelity:D0027	fidelity_census_reconciled:D0027
D0028	283 | 288 | 290 | 301 | 304 | 308	283 / 288 / 290 / 301 / 304 / 308	6	larger_set	INTEGRAL COLLAPSE / EQUIVARIANT SEPARATION	INTEGRAL COLLAPSE / EQUIVARIANT SEPARATION	integral_source	equivariant_source	equivariant/symmetry type	p3=0;p4_0=0;p4_1=0;p5_0=0;p5_1=0;p5_2=0;l3=0	UNKNOWN_HODGE	UNKNOWN_HODGE	complete_rational_source_type:56bf2145cfed1de49e54e2470a65c86d37c6fdf4128bee5574a50ec865d66575	complete_rational_source_type:56bf2145cfed1de49e54e2470a65c86d37c6fdf4128bee5574a50ec865d66575	complete_integral_source_type:21e71e4525dee38b02078f1ad18dd2b8ed3e7e27cfbadaa06533cf47ae0a8ebf	complete_integral_source_type:21e71e4525dee38b02078f1ad18dd2b8ed3e7e27cfbadaa06533cf47ae0a8ebf	complete_torsion_type:3a5189342f6e51bab111f7b86f22aed92d63221f1ef3071c53d3f966dc8986f6	complete_torsion_type:3a5189342f6e51bab111f7b86f22aed92d63221f1ef3071c53d3f966dc8986f6	complete_equivariant_source_type:41e2eda3d89ef4fb7ddf0f0934e445e80c39c7a40c339723e6a7f13aa377abe4 || complete_equivariant_source_type:5c42301ebb13a5e7a2748c769e61bf79da8dcae085b5d4a86dbae1c45135e817 || complete_equivariant_source_type:5faa6186abde9f452cf12dd5d8b4e18b0a347d4651c5dd8e0d1845d1f8449033 || complete_equivariant_source_type:da1222ae856ad5ef0363e8f08404f802cf0cd2acb0e7e979cf4b83b00146b876	complete_equivariant_source_type:41e2eda3d89ef4fb7ddf0f0934e445e80c39c7a40c339723e6a7f13aa377abe4 | complete_equivariant_source_type:5c42301ebb13a5e7a2748c769e61bf79da8dcae085b5d4a86dbae1c45135e817 | complete_equivariant_source_type:5faa6186abde9f452cf12dd5d8b4e18b0a347d4651c5dd8e0d1845d1f8449033 | complete_equivariant_source_type:da1222ae856ad5ef0363e8f08404f802cf0cd2acb0e7e979cf4b83b00146b876	CENSUS_LEVEL	"{""283"":""CENSUS_LEVEL"",""288"":""CENSUS_LEVEL"",""290"":""CENSUS_LEVEL"",""301"":""CENSUS_LEVEL"",""304"":""CENSUS_LEVEL"",""308"":""CENSUS_LEVEL""}"	research_outputs/hodgecy_ii/complete_fidelity_pairs_and_sets.tsv	"{""historical_census_schema"":""hodgecy_ii_complete_fidelity_census_historical.v1"",""historical_census_source"":""research_outputs/hodgecy_ii/complete_fidelity_pairs_and_sets.tsv"",""historical_set_id"":""D0028""}"	same integral source type but different equivariant/symmetry type	REPRODUCED	"{""category"":""INTEGRAL COLLAPSE / EQUIVARIANT SEPARATION"",""first_separating_level"":""equivariant_source"",""shared_levels"":[""integral_source""]}"	"{""category_reproduced"":true,""classification_source"":""historical_complete_fidelity_tsv_reingested_by_v1"",""first_separating_level_reproduced"":true,""member_validation_status"":{""283"":""CENSUS_LEVEL"",""288"":""CENSUS_LEVEL"",""290"":""CENSUS_LEVEL"",""301"":""CENSUS_LEVEL"",""304"":""CENSUS_LEVEL"",""308"":""CENSUS_LEVEL""},""membership_reproduced"":true,""shared_levels_reproduced"":true,""source_recomputation_scope"":""current_v1_reuses_frozen_historical_456_record_census; no fresh mining pass""}"	hodgecy_ii_complete_fidelity:D0028	fidelity_census_reconciled:D0028
D0029	285 | 294 | 295	285 / 294 / 295	3	triple	INTEGRAL COLLAPSE / EQUIVARIANT SEPARATION	INTEGRAL COLLAPSE / EQUIVARIANT SEPARATION	integral_source	equivariant_source	equivariant/symmetry type	p3=0;p4_0=0;p4_1=0;p5_0=0;p5_1=0;p5_2=0;l3=0	UNKNOWN_HODGE	UNKNOWN_HODGE	complete_rational_source_type:56bf2145cfed1de49e54e2470a65c86d37c6fdf4128bee5574a50ec865d66575	complete_rational_source_type:56bf2145cfed1de49e54e2470a65c86d37c6fdf4128bee5574a50ec865d66575	complete_integral_source_type:c321483b9a2ce2f59618473793351f9d0e2c5a7cd2b323bd59f4d2602ca1be09	complete_integral_source_type:c321483b9a2ce2f59618473793351f9d0e2c5a7cd2b323bd59f4d2602ca1be09	complete_torsion_type:eb2714cbaa3aa1ef1fd9c7342004d2fcd119a6d8dd71ba75034d8c1e3014a57e	complete_torsion_type:eb2714cbaa3aa1ef1fd9c7342004d2fcd119a6d8dd71ba75034d8c1e3014a57e	complete_equivariant_source_type:6f5ce514ad0a15c6b11dd85a4b25ac390066e91acfeb0166c4df19186b41b3ef || complete_equivariant_source_type:7b0236bd24a06508aebdf6d7213119fc87063bb075a144f7cbab904458357943	complete_equivariant_source_type:6f5ce514ad0a15c6b11dd85a4b25ac390066e91acfeb0166c4df19186b41b3ef | complete_equivariant_source_type:7b0236bd24a06508aebdf6d7213119fc87063bb075a144f7cbab904458357943	CENSUS_LEVEL	"{""285"":""CENSUS_LEVEL"",""294"":""CENSUS_LEVEL"",""295"":""CENSUS_LEVEL""}"	research_outputs/hodgecy_ii/complete_fidelity_pairs_and_sets.tsv	"{""historical_census_schema"":""hodgecy_ii_complete_fidelity_census_historical.v1"",""historical_census_source"":""research_outputs/hodgecy_ii/complete_fidelity_pairs_and_sets.tsv"",""historical_set_id"":""D0029""}"	same integral source type but different equivariant/symmetry type	REPRODUCED	"{""category"":""INTEGRAL COLLAPSE / EQUIVARIANT SEPARATION"",""first_separating_level"":""equivariant_source"",""shared_levels"":[""integral_source""]}"	"{""category_reproduced"":true,""classification_source"":""historical_complete_fidelity_tsv_reingested_by_v1"",""first_separating_level_reproduced"":true,""member_validation_status"":{""285"":""CENSUS_LEVEL"",""294"":""CENSUS_LEVEL"",""295"":""CENSUS_LEVEL""},""membership_reproduced"":true,""shared_levels_reproduced"":true,""source_recomputation_scope"":""current_v1_reuses_frozen_historical_456_record_census; no fresh mining pass""}"	hodgecy_ii_complete_fidelity:D0029	fidelity_census_reconciled:D0029
D0030	291 | 299 | 306 | 322	291 / 299 / 306 / 322	4	larger_set	INTEGRAL COLLAPSE / EQUIVARIANT SEPARATION	INTEGRAL COLLAPSE / EQUIVARIANT SEPARATION	integral_source	equivariant_source	equivariant/symmetry type	p3=0;p4_0=0;p4_1=0;p5_0=0;p5_1=0;p5_2=0;l3=0	UNKNOWN_HODGE	UNKNOWN_HODGE	complete_rational_source_type:56bf2145cfed1de49e54e2470a65c86d37c6fdf4128bee5574a50ec865d66575	complete_rational_source_type:56bf2145cfed1de49e54e2470a65c86d37c6fdf4128bee5574a50ec865d66575	complete_integral_source_type:758f8d4b145d8cce55dade22f3e203e8345a35ae78568db1b3a9ba2625b66761	complete_integral_source_type:758f8d4b145d8cce55dade22f3e203e8345a35ae78568db1b3a9ba2625b66761	complete_torsion_type:f8c78998da2806fe45dada15376ccbf4e57d12ae777381997da39165f6d5bb10	complete_torsion_type:f8c78998da2806fe45dada15376ccbf4e57d12ae777381997da39165f6d5bb10	complete_equivariant_source_type:19596ea628c95d49ff50928436d257f85d272a364a4a8fbf4318597ced9e11ad || complete_equivariant_source_type:43974763ff0cf389ea809afe2b7b39a3dcf5f1498c155cbb448268b7512c2564 || complete_equivariant_source_type:5eee958b44f8055c39f3053f16debdf559560af169a3220d07adbbd7fe9ecea9 || complete_equivariant_source_type:f3681bdfbbc5aed5f130c0c704432d7ba84710cd8fadb5acc6d0a2de207e3773	complete_equivariant_source_type:19596ea628c95d49ff50928436d257f85d272a364a4a8fbf4318597ced9e11ad | complete_equivariant_source_type:43974763ff0cf389ea809afe2b7b39a3dcf5f1498c155cbb448268b7512c2564 | complete_equivariant_source_type:5eee958b44f8055c39f3053f16debdf559560af169a3220d07adbbd7fe9ecea9 | complete_equivariant_source_type:f3681bdfbbc5aed5f130c0c704432d7ba84710cd8fadb5acc6d0a2de207e3773	CENSUS_LEVEL	"{""291"":""CENSUS_LEVEL"",""299"":""CENSUS_LEVEL"",""306"":""CENSUS_LEVEL"",""322"":""CENSUS_LEVEL""}"	research_outputs/hodgecy_ii/complete_fidelity_pairs_and_sets.tsv	"{""historical_census_schema"":""hodgecy_ii_complete_fidelity_census_historical.v1"",""historical_census_source"":""research_outputs/hodgecy_ii/complete_fidelity_pairs_and_sets.tsv"",""historical_set_id"":""D0030""}"	same integral source type but different equivariant/symmetry type	REPRODUCED	"{""category"":""INTEGRAL COLLAPSE / EQUIVARIANT SEPARATION"",""first_separating_level"":""equivariant_source"",""shared_levels"":[""integral_source""]}"	"{""category_reproduced"":true,""classification_source"":""historical_complete_fidelity_tsv_reingested_by_v1"",""first_separating_level_reproduced"":true,""member_validation_status"":{""291"":""CENSUS_LEVEL"",""299"":""CENSUS_LEVEL"",""306"":""CENSUS_LEVEL"",""322"":""CENSUS_LEVEL""},""membership_reproduced"":true,""shared_levels_reproduced"":true,""source_recomputation_scope"":""current_v1_reuses_frozen_historical_456_record_census; no fresh mining pass""}"	hodgecy_ii_complete_fidelity:D0030	fidelity_census_reconciled:D0030
D0031	293 | 319	293 / 319	2	pair	INTEGRAL COLLAPSE / EQUIVARIANT SEPARATION	INTEGRAL COLLAPSE / EQUIVARIANT SEPARATION	integral_source	equivariant_source	equivariant/symmetry type	p3=0;p4_0=0;p4_1=0;p5_0=0;p5_1=0;p5_2=0;l3=0	UNKNOWN_HODGE	UNKNOWN_HODGE	complete_rational_source_type:56bf2145cfed1de49e54e2470a65c86d37c6fdf4128bee5574a50ec865d66575	complete_rational_source_type:56bf2145cfed1de49e54e2470a65c86d37c6fdf4128bee5574a50ec865d66575	complete_integral_source_type:fc8bc4d0a51bc056ba1cadc7db27e0ae6acacda88c922c35dc3ae7e6bf2688f8	complete_integral_source_type:fc8bc4d0a51bc056ba1cadc7db27e0ae6acacda88c922c35dc3ae7e6bf2688f8	complete_torsion_type:8ccc7143b590f154c60733075bc53c6f6b77a2bbdaf46166e475fd0e4e7f27cc	complete_torsion_type:8ccc7143b590f154c60733075bc53c6f6b77a2bbdaf46166e475fd0e4e7f27cc	complete_equivariant_source_type:0aa7307123dc4375d0d55c69fd285c422061ff1523921c2a5d7f206213eb4bda || complete_equivariant_source_type:b608d4a519bec7010faf10f3ed149cda0881f099d05a18671f4f2b80e39baae8	complete_equivariant_source_type:0aa7307123dc4375d0d55c69fd285c422061ff1523921c2a5d7f206213eb4bda | complete_equivariant_source_type:b608d4a519bec7010faf10f3ed149cda0881f099d05a18671f4f2b80e39baae8	CENSUS_LEVEL	"{""293"":""CENSUS_LEVEL"",""319"":""CENSUS_LEVEL""}"	research_outputs/hodgecy_ii/complete_fidelity_pairs_and_sets.tsv	"{""historical_census_schema"":""hodgecy_ii_complete_fidelity_census_historical.v1"",""historical_census_source"":""research_outputs/hodgecy_ii/complete_fidelity_pairs_and_sets.tsv"",""historical_set_id"":""D0031""}"	same integral source type but different equivariant/symmetry type	REPRODUCED	"{""category"":""INTEGRAL COLLAPSE / EQUIVARIANT SEPARATION"",""first_separating_level"":""equivariant_source"",""shared_levels"":[""integral_source""]}"	"{""category_reproduced"":true,""classification_source"":""historical_complete_fidelity_tsv_reingested_by_v1"",""first_separating_level_reproduced"":true,""member_validation_status"":{""293"":""CENSUS_LEVEL"",""319"":""CENSUS_LEVEL""},""membership_reproduced"":true,""shared_levels_reproduced"":true,""source_recomputation_scope"":""current_v1_reuses_frozen_historical_456_record_census; no fresh mining pass""}"	hodgecy_ii_complete_fidelity:D0031	fidelity_census_reconciled:D0031
D0032	296 | 298	296 / 298	2	pair	INTEGRAL COLLAPSE / EQUIVARIANT SEPARATION	INTEGRAL COLLAPSE / EQUIVARIANT SEPARATION	integral_source	equivariant_source	equivariant/symmetry type	p3=0;p4_0=0;p4_1=0;p5_0=0;p5_1=0;p5_2=0;l3=0	UNKNOWN_HODGE	UNKNOWN_HODGE	complete_rational_source_type:56bf2145cfed1de49e54e2470a65c86d37c6fdf4128bee5574a50ec865d66575	complete_rational_source_type:56bf2145cfed1de49e54e2470a65c86d37c6fdf4128bee5574a50ec865d66575	complete_integral_source_type:536fe5a6ef85906f3bc907476482816a467446ff07c4850d1d254eba9c10cf88	complete_integral_source_type:536fe5a6ef85906f3bc907476482816a467446ff07c4850d1d254eba9c10cf88	complete_torsion_type:563cfdc80e881e477f73f9119b24cde0ca02a07f39b2342a427c5d5e81a8827d	complete_torsion_type:563cfdc80e881e477f73f9119b24cde0ca02a07f39b2342a427c5d5e81a8827d	complete_equivariant_source_type:dfe38626b21fac09f4bb0723d5f88f64b0e6e399d69784831e47d0963b412e67 || complete_equivariant_source_type:e727ef96fb01bf3d1704d4fefb9cb955c0daadc112c05bd2ed7ea44d966045b4	complete_equivariant_source_type:dfe38626b21fac09f4bb0723d5f88f64b0e6e399d69784831e47d0963b412e67 | complete_equivariant_source_type:e727ef96fb01bf3d1704d4fefb9cb955c0daadc112c05bd2ed7ea44d966045b4	CENSUS_LEVEL	"{""296"":""CENSUS_LEVEL"",""298"":""CENSUS_LEVEL""}"	research_outputs/hodgecy_ii/complete_fidelity_pairs_and_sets.tsv	"{""historical_census_schema"":""hodgecy_ii_complete_fidelity_census_historical.v1"",""historical_census_source"":""research_outputs/hodgecy_ii/complete_fidelity_pairs_and_sets.tsv"",""historical_set_id"":""D0032""}"	same integral source type but different equivariant/symmetry type	REPRODUCED	"{""category"":""INTEGRAL COLLAPSE / EQUIVARIANT SEPARATION"",""first_separating_level"":""equivariant_source"",""shared_levels"":[""integral_source""]}"	"{""category_reproduced"":true,""classification_source"":""historical_complete_fidelity_tsv_reingested_by_v1"",""first_separating_level_reproduced"":true,""member_validation_status"":{""296"":""CENSUS_LEVEL"",""298"":""CENSUS_LEVEL""},""membership_reproduced"":true,""shared_levels_reproduced"":true,""source_recomputation_scope"":""current_v1_reuses_frozen_historical_456_record_census; no fresh mining pass""}"	hodgecy_ii_complete_fidelity:D0032	fidelity_census_reconciled:D0032
D0033	303 | 313 | 315 | 318 | 326	303 / 313 / 315 / 318 / 326	5	larger_set	INTEGRAL COLLAPSE / EQUIVARIANT SEPARATION	INTEGRAL COLLAPSE / EQUIVARIANT SEPARATION	integral_source	equivariant_source	equivariant/symmetry type	p3=0;p4_0=0;p4_1=0;p5_0=0;p5_1=0;p5_2=0;l3=0	UNKNOWN_HODGE	UNKNOWN_HODGE	complete_rational_source_type:56bf2145cfed1de49e54e2470a65c86d37c6fdf4128bee5574a50ec865d66575	complete_rational_source_type:56bf2145cfed1de49e54e2470a65c86d37c6fdf4128bee5574a50ec865d66575	complete_integral_source_type:87f098a9c89a42d33f8072a986ef20571c70f843542e627aae1687e5229677b3	complete_integral_source_type:87f098a9c89a42d33f8072a986ef20571c70f843542e627aae1687e5229677b3	complete_torsion_type:a9d9ac9be51e6829e007864ff6edd38ceabc919a2787b7d3b7ddec57b482a6c3	complete_torsion_type:a9d9ac9be51e6829e007864ff6edd38ceabc919a2787b7d3b7ddec57b482a6c3	complete_equivariant_source_type:377f9d09b7f4a3b5de895fd69b9f83c477377392ce78555b18c9114c914b50e8 || complete_equivariant_source_type:59fe5e48b414410f2914b7276252f637ee92df1fe773e5d509ecd5b43a894ed6 || complete_equivariant_source_type:73815cb9c3468fc1534ced9d6feeb04993ee9cd5700e17be4be886025fac2fa8 || complete_equivariant_source_type:7491bdca7243e701919248a16748b2a811a976475581e944198501373f793ffe || complete_equivariant_source_type:b7eb99743615315e6332c093a8f15ab882953b2993e88048a67722299c57784d	complete_equivariant_source_type:377f9d09b7f4a3b5de895fd69b9f83c477377392ce78555b18c9114c914b50e8 | complete_equivariant_source_type:59fe5e48b414410f2914b7276252f637ee92df1fe773e5d509ecd5b43a894ed6 | complete_equivariant_source_type:73815cb9c3468fc1534ced9d6feeb04993ee9cd5700e17be4be886025fac2fa8 | complete_equivariant_source_type:7491bdca7243e701919248a16748b2a811a976475581e944198501373f793ffe | complete_equivariant_source_type:b7eb99743615315e6332c093a8f15ab882953b2993e88048a67722299c57784d	CENSUS_LEVEL	"{""303"":""CENSUS_LEVEL"",""313"":""CENSUS_LEVEL"",""315"":""CENSUS_LEVEL"",""318"":""CENSUS_LEVEL"",""326"":""CENSUS_LEVEL""}"	research_outputs/hodgecy_ii/complete_fidelity_pairs_and_sets.tsv	"{""historical_census_schema"":""hodgecy_ii_complete_fidelity_census_historical.v1"",""historical_census_source"":""research_outputs/hodgecy_ii/complete_fidelity_pairs_and_sets.tsv"",""historical_set_id"":""D0033""}"	same integral source type but different equivariant/symmetry type	REPRODUCED	"{""category"":""INTEGRAL COLLAPSE / EQUIVARIANT SEPARATION"",""first_separating_level"":""equivariant_source"",""shared_levels"":[""integral_source""]}"	"{""category_reproduced"":true,""classification_source"":""historical_complete_fidelity_tsv_reingested_by_v1"",""first_separating_level_reproduced"":true,""member_validation_status"":{""303"":""CENSUS_LEVEL"",""313"":""CENSUS_LEVEL"",""315"":""CENSUS_LEVEL"",""318"":""CENSUS_LEVEL"",""326"":""CENSUS_LEVEL""},""membership_reproduced"":true,""shared_levels_reproduced"":true,""source_recomputation_scope"":""current_v1_reuses_frozen_historical_456_record_census; no fresh mining pass""}"	hodgecy_ii_complete_fidelity:D0033	fidelity_census_reconciled:D0033
D0034	305 | 321	305 / 321	2	pair	INTEGRAL COLLAPSE / EQUIVARIANT SEPARATION	INTEGRAL COLLAPSE / EQUIVARIANT SEPARATION	integral_source	equivariant_source	equivariant/symmetry type	p3=0;p4_0=0;p4_1=0;p5_0=0;p5_1=0;p5_2=0;l3=0	UNKNOWN_HODGE	UNKNOWN_HODGE	complete_rational_source_type:56bf2145cfed1de49e54e2470a65c86d37c6fdf4128bee5574a50ec865d66575	complete_rational_source_type:56bf2145cfed1de49e54e2470a65c86d37c6fdf4128bee5574a50ec865d66575	complete_integral_source_type:321f5ebaf12e3fc78628af54de8fb6b7f59847035d6b0e8b81f8b5596c8afef6	complete_integral_source_type:321f5ebaf12e3fc78628af54de8fb6b7f59847035d6b0e8b81f8b5596c8afef6	complete_torsion_type:030b6487736a8b3e79b1fb6ab700f394d202308d772e23345e183787947fdbbf	complete_torsion_type:030b6487736a8b3e79b1fb6ab700f394d202308d772e23345e183787947fdbbf	complete_equivariant_source_type:5c58393de18a364a77131cbe76547b7b20016263c0c8de5e1d852ae5c04c12c4 || complete_equivariant_source_type:5eeca1f34b16435ff3e2d5e1fe7264a269e22dae14dd22943895ca650962e0a1	complete_equivariant_source_type:5c58393de18a364a77131cbe76547b7b20016263c0c8de5e1d852ae5c04c12c4 | complete_equivariant_source_type:5eeca1f34b16435ff3e2d5e1fe7264a269e22dae14dd22943895ca650962e0a1	CENSUS_LEVEL	"{""305"":""CENSUS_LEVEL"",""321"":""CENSUS_LEVEL""}"	research_outputs/hodgecy_ii/complete_fidelity_pairs_and_sets.tsv	"{""historical_census_schema"":""hodgecy_ii_complete_fidelity_census_historical.v1"",""historical_census_source"":""research_outputs/hodgecy_ii/complete_fidelity_pairs_and_sets.tsv"",""historical_set_id"":""D0034""}"	same integral source type but different equivariant/symmetry type	REPRODUCED	"{""category"":""INTEGRAL COLLAPSE / EQUIVARIANT SEPARATION"",""first_separating_level"":""equivariant_source"",""shared_levels"":[""integral_source""]}"	"{""category_reproduced"":true,""classification_source"":""historical_complete_fidelity_tsv_reingested_by_v1"",""first_separating_level_reproduced"":true,""member_validation_status"":{""305"":""CENSUS_LEVEL"",""321"":""CENSUS_LEVEL""},""membership_reproduced"":true,""shared_levels_reproduced"":true,""source_recomputation_scope"":""current_v1_reuses_frozen_historical_456_record_census; no fresh mining pass""}"	hodgecy_ii_complete_fidelity:D0034	fidelity_census_reconciled:D0034
D0035	309 | 310	309 / 310	2	pair	INTEGRAL COLLAPSE / EQUIVARIANT SEPARATION	INTEGRAL COLLAPSE / EQUIVARIANT SEPARATION	integral_source	equivariant_source	equivariant/symmetry type	p3=0;p4_0=0;p4_1=0;p5_0=0;p5_1=0;p5_2=0;l3=0	UNKNOWN_HODGE	UNKNOWN_HODGE	complete_rational_source_type:56bf2145cfed1de49e54e2470a65c86d37c6fdf4128bee5574a50ec865d66575	complete_rational_source_type:56bf2145cfed1de49e54e2470a65c86d37c6fdf4128bee5574a50ec865d66575	complete_integral_source_type:54f714e03a61b99db1730aae64b1d45a3e01d87a8e1b5d7b5b7657e66261dd75	complete_integral_source_type:54f714e03a61b99db1730aae64b1d45a3e01d87a8e1b5d7b5b7657e66261dd75	complete_torsion_type:63a31d49c910223d0cd94724cb98bb1bfe5fc67fea0ceb14c11e54fcc7177462	complete_torsion_type:63a31d49c910223d0cd94724cb98bb1bfe5fc67fea0ceb14c11e54fcc7177462	complete_equivariant_source_type:6e5f8558b170ca2e43209dc2165bf0e2f3009d9f3c83a7e1d71c8f030e2df96d || complete_equivariant_source_type:c21c44a1ede2eea545c69e8267b76f93a7f4ca995da31793209ba306cdc9f86b	complete_equivariant_source_type:6e5f8558b170ca2e43209dc2165bf0e2f3009d9f3c83a7e1d71c8f030e2df96d | complete_equivariant_source_type:c21c44a1ede2eea545c69e8267b76f93a7f4ca995da31793209ba306cdc9f86b	CENSUS_LEVEL	"{""309"":""CENSUS_LEVEL"",""310"":""CENSUS_LEVEL""}"	research_outputs/hodgecy_ii/complete_fidelity_pairs_and_sets.tsv	"{""historical_census_schema"":""hodgecy_ii_complete_fidelity_census_historical.v1"",""historical_census_source"":""research_outputs/hodgecy_ii/complete_fidelity_pairs_and_sets.tsv"",""historical_set_id"":""D0035""}"	same integral source type but different equivariant/symmetry type	REPRODUCED	"{""category"":""INTEGRAL COLLAPSE / EQUIVARIANT SEPARATION"",""first_separating_level"":""equivariant_source"",""shared_levels"":[""integral_source""]}"	"{""category_reproduced"":true,""classification_source"":""historical_complete_fidelity_tsv_reingested_by_v1"",""first_separating_level_reproduced"":true,""member_validation_status"":{""309"":""CENSUS_LEVEL"",""310"":""CENSUS_LEVEL""},""membership_reproduced"":true,""shared_levels_reproduced"":true,""source_recomputation_scope"":""current_v1_reuses_frozen_historical_456_record_census; no fresh mining pass""}"	hodgecy_ii_complete_fidelity:D0035	fidelity_census_reconciled:D0035
D0036	312 | 316 | 325	312 / 316 / 325	3	triple	INTEGRAL COLLAPSE / EQUIVARIANT SEPARATION	INTEGRAL COLLAPSE / EQUIVARIANT SEPARATION	integral_source	equivariant_source	equivariant/symmetry type	p3=0;p4_0=0;p4_1=0;p5_0=0;p5_1=0;p5_2=0;l3=0	UNKNOWN_HODGE	UNKNOWN_HODGE	complete_rational_source_type:56bf2145cfed1de49e54e2470a65c86d37c6fdf4128bee5574a50ec865d66575	complete_rational_source_type:56bf2145cfed1de49e54e2470a65c86d37c6fdf4128bee5574a50ec865d66575	complete_integral_source_type:b7bd29db9ce5c98c60b293dfe0e2f6f75e000a76ee74296d3b9318198b781049	complete_integral_source_type:b7bd29db9ce5c98c60b293dfe0e2f6f75e000a76ee74296d3b9318198b781049	complete_torsion_type:ed86ce2c369fe8599fe149e1841614bcae93901d7d040fca84cfad4825f75070	complete_torsion_type:ed86ce2c369fe8599fe149e1841614bcae93901d7d040fca84cfad4825f75070	complete_equivariant_source_type:3a2a93d1c4afae5ab112d08731969ff76365f5ebbcf40e04f14d845326a28828 || complete_equivariant_source_type:568011a13ebcfb68ed6f6cbce6c855eea6c45f38277b6f6b8089dae49a46c606 || complete_equivariant_source_type:c3e0df8b5f61614e1553ab81e51cde91df03b4619dc45845c2d6b7ca4cb85ce9	complete_equivariant_source_type:3a2a93d1c4afae5ab112d08731969ff76365f5ebbcf40e04f14d845326a28828 | complete_equivariant_source_type:568011a13ebcfb68ed6f6cbce6c855eea6c45f38277b6f6b8089dae49a46c606 | complete_equivariant_source_type:c3e0df8b5f61614e1553ab81e51cde91df03b4619dc45845c2d6b7ca4cb85ce9	CENSUS_LEVEL	"{""312"":""CENSUS_LEVEL"",""316"":""CENSUS_LEVEL"",""325"":""CENSUS_LEVEL""}"	research_outputs/hodgecy_ii/complete_fidelity_pairs_and_sets.tsv	"{""historical_census_schema"":""hodgecy_ii_complete_fidelity_census_historical.v1"",""historical_census_source"":""research_outputs/hodgecy_ii/complete_fidelity_pairs_and_sets.tsv"",""historical_set_id"":""D0036""}"	same integral source type but different equivariant/symmetry type	REPRODUCED	"{""category"":""INTEGRAL COLLAPSE / EQUIVARIANT SEPARATION"",""first_separating_level"":""equivariant_source"",""shared_levels"":[""integral_source""]}"	"{""category_reproduced"":true,""classification_source"":""historical_complete_fidelity_tsv_reingested_by_v1"",""first_separating_level_reproduced"":true,""member_validation_status"":{""312"":""CENSUS_LEVEL"",""316"":""CENSUS_LEVEL"",""325"":""CENSUS_LEVEL""},""membership_reproduced"":true,""shared_levels_reproduced"":true,""source_recomputation_scope"":""current_v1_reuses_frozen_historical_456_record_census; no fresh mining pass""}"	hodgecy_ii_complete_fidelity:D0036	fidelity_census_reconciled:D0036
D0037	329 | 333 | 334 | 346 | 366	329 / 333 / 334 / 346 / 366	5	larger_set	INTEGRAL COLLAPSE / EQUIVARIANT SEPARATION	INTEGRAL COLLAPSE / EQUIVARIANT SEPARATION	integral_source	equivariant_source	equivariant/symmetry type	p3=0;p4_0=0;p4_1=0;p5_0=0;p5_1=0;p5_2=0;l3=0	UNKNOWN_HODGE	UNKNOWN_HODGE	complete_rational_source_type:1c56638564e35915389c95538acd04aec81b0e5da3ced4507fa70e7a5d2ce49e	complete_rational_source_type:1c56638564e35915389c95538acd04aec81b0e5da3ced4507fa70e7a5d2ce49e	complete_integral_source_type:7be32d0bfad01cdcec0a2922d89ae793d360d49958dbd6e8cdafc09728166d6e	complete_integral_source_type:7be32d0bfad01cdcec0a2922d89ae793d360d49958dbd6e8cdafc09728166d6e	complete_torsion_type:cbb50465683cb8ff86f3cc34186c23aa5b9eaf0a73b417114bab927bf496709a	complete_torsion_type:cbb50465683cb8ff86f3cc34186c23aa5b9eaf0a73b417114bab927bf496709a	complete_equivariant_source_type:4aff82032cda766d8477933afc9c09f88df28f196cb9b949ed6df4e2596978dc || complete_equivariant_source_type:706a31fb6605aaec9d5fae1f858d54e456614196cb532a2d6f812e343761c7da || complete_equivariant_source_type:8f516e48294453fbef372d349d774992cb86436cffce7d2ab0bc76224a349d91 || complete_equivariant_source_type:c64a9a80175390c07ac7f1974d9aaed026e6d768446e7f8859a9f807216261cd || complete_equivariant_source_type:c9d9fcd764a83a5d51734d5e60cfc6bcd0aa26fc58827296637c1ce3df5edc48	complete_equivariant_source_type:4aff82032cda766d8477933afc9c09f88df28f196cb9b949ed6df4e2596978dc | complete_equivariant_source_type:706a31fb6605aaec9d5fae1f858d54e456614196cb532a2d6f812e343761c7da | complete_equivariant_source_type:8f516e48294453fbef372d349d774992cb86436cffce7d2ab0bc76224a349d91 | complete_equivariant_source_type:c64a9a80175390c07ac7f1974d9aaed026e6d768446e7f8859a9f807216261cd | complete_equivariant_source_type:c9d9fcd764a83a5d51734d5e60cfc6bcd0aa26fc58827296637c1ce3df5edc48	CENSUS_LEVEL	"{""329"":""CENSUS_LEVEL"",""333"":""CENSUS_LEVEL"",""334"":""CENSUS_LEVEL"",""346"":""CENSUS_LEVEL"",""366"":""CENSUS_LEVEL""}"	research_outputs/hodgecy_ii/complete_fidelity_pairs_and_sets.tsv	"{""historical_census_schema"":""hodgecy_ii_complete_fidelity_census_historical.v1"",""historical_census_source"":""research_outputs/hodgecy_ii/complete_fidelity_pairs_and_sets.tsv"",""historical_set_id"":""D0037""}"	same integral source type but different equivariant/symmetry type	REPRODUCED	"{""category"":""INTEGRAL COLLAPSE / EQUIVARIANT SEPARATION"",""first_separating_level"":""equivariant_source"",""shared_levels"":[""integral_source""]}"	"{""category_reproduced"":true,""classification_source"":""historical_complete_fidelity_tsv_reingested_by_v1"",""first_separating_level_reproduced"":true,""member_validation_status"":{""329"":""CENSUS_LEVEL"",""333"":""CENSUS_LEVEL"",""334"":""CENSUS_LEVEL"",""346"":""CENSUS_LEVEL"",""366"":""CENSUS_LEVEL""},""membership_reproduced"":true,""shared_levels_reproduced"":true,""source_recomputation_scope"":""current_v1_reuses_frozen_historical_456_record_census; no fresh mining pass""}"	hodgecy_ii_complete_fidelity:D0037	fidelity_census_reconciled:D0037
D0038	330 | 331 | 335 | 338 | 344 | 351 | 353 | 358 | 361 | 365 | 368 | 369 | 371 | 375 | 379	330 / 331 / 335 / 338 / 344 / 351 / 353 / 358 / 361 / 365 / 368 / 369 / 371 / 375 / 379	15	larger_set	INTEGRAL COLLAPSE / EQUIVARIANT SEPARATION	INTEGRAL COLLAPSE / EQUIVARIANT SEPARATION	integral_source	equivariant_source	equivariant/symmetry type	p3=0;p4_0=0;p4_1=0;p5_0=0;p5_1=0;p5_2=0;l3=0	UNKNOWN_HODGE	UNKNOWN_HODGE	complete_rational_source_type:1c56638564e35915389c95538acd04aec81b0e5da3ced4507fa70e7a5d2ce49e	complete_rational_source_type:1c56638564e35915389c95538acd04aec81b0e5da3ced4507fa70e7a5d2ce49e	complete_integral_source_type:bf67cbd2f370ddfc3b20ca5da719cada525c4b0eb92326df39677503bfce6e0a	complete_integral_source_type:bf67cbd2f370ddfc3b20ca5da719cada525c4b0eb92326df39677503bfce6e0a	complete_torsion_type:ed86ce2c369fe8599fe149e1841614bcae93901d7d040fca84cfad4825f75070	complete_torsion_type:ed86ce2c369fe8599fe149e1841614bcae93901d7d040fca84cfad4825f75070	complete_equivariant_source_type:24e942e751f3c79ffbba9c60e2bad165bfae9174c3e531429d270c87930a57ee || complete_equivariant_source_type:4da2d6d80ce506d28c3e05bf67b99a3663340d8556a1492095bc570139da0709 || complete_equivariant_source_type:6a4ce1b6d28499092c0e507f9f8d8dc99ae4102208ca85df39f0ff50eecefb80 || complete_equivariant_source_type:7b6b9f5260eca2f763321f59e7044aa1d518162587385af10b442cb76bf9a953 || complete_equivariant_source_type:820569c35647e285b8a0c2da2a70dde0ff3e55e573472ceeff582ad723499074 || complete_equivariant_source_type:b407c553912b6ad5df71077d4ee7cb88e4471860215bda687fa4a26ae4415b25 || complete_equivariant_source_type:dc97e4c50c9f860be13c8750a3107cc5b84cc653f2822e85a53922d8de1ee711 || complete_equivariant_source_type:f621bd9b6edde0b1728039d7b7419c90049d8599df996af38ec358acc3d6e058	complete_equivariant_source_type:24e942e751f3c79ffbba9c60e2bad165bfae9174c3e531429d270c87930a57ee | complete_equivariant_source_type:4da2d6d80ce506d28c3e05bf67b99a3663340d8556a1492095bc570139da0709 | complete_equivariant_source_type:6a4ce1b6d28499092c0e507f9f8d8dc99ae4102208ca85df39f0ff50eecefb80 | complete_equivariant_source_type:7b6b9f5260eca2f763321f59e7044aa1d518162587385af10b442cb76bf9a953 | complete_equivariant_source_type:820569c35647e285b8a0c2da2a70dde0ff3e55e573472ceeff582ad723499074 | complete_equivariant_source_type:b407c553912b6ad5df71077d4ee7cb88e4471860215bda687fa4a26ae4415b25 | complete_equivariant_source_type:dc97e4c50c9f860be13c8750a3107cc5b84cc653f2822e85a53922d8de1ee711 | complete_equivariant_source_type:f621bd9b6edde0b1728039d7b7419c90049d8599df996af38ec358acc3d6e058	CENSUS_LEVEL	"{""330"":""CENSUS_LEVEL"",""331"":""CENSUS_LEVEL"",""335"":""CENSUS_LEVEL"",""338"":""CENSUS_LEVEL"",""344"":""CENSUS_LEVEL"",""351"":""CENSUS_LEVEL"",""353"":""CENSUS_LEVEL"",""358"":""CENSUS_LEVEL"",""361"":""CENSUS_LEVEL"",""365"":""CENSUS_LEVEL"",""368"":""CENSUS_LEVEL"",""369"":""CENSUS_LEVEL"",""371"":""CENSUS_LEVEL"",""375"":""CENSUS_LEVEL"",""379"":""CENSUS_LEVEL""}"	research_outputs/hodgecy_ii/complete_fidelity_pairs_and_sets.tsv	"{""historical_census_schema"":""hodgecy_ii_complete_fidelity_census_historical.v1"",""historical_census_source"":""research_outputs/hodgecy_ii/complete_fidelity_pairs_and_sets.tsv"",""historical_set_id"":""D0038""}"	same integral source type but different equivariant/symmetry type	REPRODUCED	"{""category"":""INTEGRAL COLLAPSE / EQUIVARIANT SEPARATION"",""first_separating_level"":""equivariant_source"",""shared_levels"":[""integral_source""]}"	"{""category_reproduced"":true,""classification_source"":""historical_complete_fidelity_tsv_reingested_by_v1"",""first_separating_level_reproduced"":true,""member_validation_status"":{""330"":""CENSUS_LEVEL"",""331"":""CENSUS_LEVEL"",""335"":""CENSUS_LEVEL"",""338"":""CENSUS_LEVEL"",""344"":""CENSUS_LEVEL"",""351"":""CENSUS_LEVEL"",""353"":""CENSUS_LEVEL"",""358"":""CENSUS_LEVEL"",""361"":""CENSUS_LEVEL"",""365"":""CENSUS_LEVEL"",""368"":""CENSUS_LEVEL"",""369"":""CENSUS_LEVEL"",""371"":""CENSUS_LEVEL"",""375"":""CENSUS_LEVEL"",""379"":""CENSUS_LEVEL""},""membership_reproduced"":true,""shared_levels_reproduced"":true,""source_recomputation_scope"":""current_v1_reuses_frozen_historical_456_record_census; no fresh mining pass""}"	hodgecy_ii_complete_fidelity:D0038	fidelity_census_reconciled:D0038
D0039	332 | 340 | 342 | 343 | 349 | 363 | 374	332 / 340 / 342 / 343 / 349 / 363 / 374	7	larger_set	INTEGRAL COLLAPSE / EQUIVARIANT SEPARATION	INTEGRAL COLLAPSE / EQUIVARIANT SEPARATION	integral_source	equivariant_source	equivariant/symmetry type	p3=0;p4_0=0;p4_1=0;p5_0=0;p5_1=0;p5_2=0;l3=0	UNKNOWN_HODGE	UNKNOWN_HODGE	complete_rational_source_type:1c56638564e35915389c95538acd04aec81b0e5da3ced4507fa70e7a5d2ce49e	complete_rational_source_type:1c56638564e35915389c95538acd04aec81b0e5da3ced4507fa70e7a5d2ce49e	complete_integral_source_type:87a7b8a8b4c3bfb67ceaa0395255562c50b7ad2426f26f0e211d42558db02556	complete_integral_source_type:87a7b8a8b4c3bfb67ceaa0395255562c50b7ad2426f26f0e211d42558db02556	complete_torsion_type:3a5189342f6e51bab111f7b86f22aed92d63221f1ef3071c53d3f966dc8986f6	complete_torsion_type:3a5189342f6e51bab111f7b86f22aed92d63221f1ef3071c53d3f966dc8986f6	complete_equivariant_source_type:15980bebd928c7f725557990fca7f805c55618268d0cef9395c142d41865abf4 || complete_equivariant_source_type:46207d69a0a386fb87097d20806ba8daf47aa298f3b9a12f9219dba62dbd3f5f || complete_equivariant_source_type:8760011405a13ce60ec115abfde5de91330ee42df97260a33e643160289bf86a || complete_equivariant_source_type:d6694199a8b13d8358f86c2d2fe0ea122425871a9b6a83152f329d8715de22b2	complete_equivariant_source_type:15980bebd928c7f725557990fca7f805c55618268d0cef9395c142d41865abf4 | complete_equivariant_source_type:46207d69a0a386fb87097d20806ba8daf47aa298f3b9a12f9219dba62dbd3f5f | complete_equivariant_source_type:8760011405a13ce60ec115abfde5de91330ee42df97260a33e643160289bf86a | complete_equivariant_source_type:d6694199a8b13d8358f86c2d2fe0ea122425871a9b6a83152f329d8715de22b2	CENSUS_LEVEL	"{""332"":""CENSUS_LEVEL"",""340"":""CENSUS_LEVEL"",""342"":""CENSUS_LEVEL"",""343"":""CENSUS_LEVEL"",""349"":""CENSUS_LEVEL"",""363"":""CENSUS_LEVEL"",""374"":""CENSUS_LEVEL""}"	research_outputs/hodgecy_ii/complete_fidelity_pairs_and_sets.tsv	"{""historical_census_schema"":""hodgecy_ii_complete_fidelity_census_historical.v1"",""historical_census_source"":""research_outputs/hodgecy_ii/complete_fidelity_pairs_and_sets.tsv"",""historical_set_id"":""D0039""}"	same integral source type but different equivariant/symmetry type	REPRODUCED	"{""category"":""INTEGRAL COLLAPSE / EQUIVARIANT SEPARATION"",""first_separating_level"":""equivariant_source"",""shared_levels"":[""integral_source""]}"	"{""category_reproduced"":true,""classification_source"":""historical_complete_fidelity_tsv_reingested_by_v1"",""first_separating_level_reproduced"":true,""member_validation_status"":{""332"":""CENSUS_LEVEL"",""340"":""CENSUS_LEVEL"",""342"":""CENSUS_LEVEL"",""343"":""CENSUS_LEVEL"",""349"":""CENSUS_LEVEL"",""363"":""CENSUS_LEVEL"",""374"":""CENSUS_LEVEL""},""membership_reproduced"":true,""shared_levels_reproduced"":true,""source_recomputation_scope"":""current_v1_reuses_frozen_historical_456_record_census; no fresh mining pass""}"	hodgecy_ii_complete_fidelity:D0039	fidelity_census_reconciled:D0039
D0040	337 | 348	337 / 348	2	pair	INTEGRAL COLLAPSE / EQUIVARIANT SEPARATION	INTEGRAL COLLAPSE / EQUIVARIANT SEPARATION	integral_source	equivariant_source	equivariant/symmetry type	p3=0;p4_0=0;p4_1=0;p5_0=0;p5_1=0;p5_2=0;l3=0	UNKNOWN_HODGE	UNKNOWN_HODGE	complete_rational_source_type:1c56638564e35915389c95538acd04aec81b0e5da3ced4507fa70e7a5d2ce49e	complete_rational_source_type:1c56638564e35915389c95538acd04aec81b0e5da3ced4507fa70e7a5d2ce49e	complete_integral_source_type:7afc529ca28a6df15e078e4e0f4be3e645ffeddec3b976dd422c31005a6914fd	complete_integral_source_type:7afc529ca28a6df15e078e4e0f4be3e645ffeddec3b976dd422c31005a6914fd	complete_torsion_type:baca21e0dd84cf91275d822f51f25b14ed2098f7d62fffc791720df08c3e7cca	complete_torsion_type:baca21e0dd84cf91275d822f51f25b14ed2098f7d62fffc791720df08c3e7cca	complete_equivariant_source_type:87e2bb40f617306fc4c50fa4864c42dc1424437f47ee5dc78200aa3099056e45 || complete_equivariant_source_type:896747e6f214b5871c9287db19b94a2350774c3ed0d8c917c592553184a824a6	complete_equivariant_source_type:87e2bb40f617306fc4c50fa4864c42dc1424437f47ee5dc78200aa3099056e45 | complete_equivariant_source_type:896747e6f214b5871c9287db19b94a2350774c3ed0d8c917c592553184a824a6	CENSUS_LEVEL	"{""337"":""CENSUS_LEVEL"",""348"":""CENSUS_LEVEL""}"	research_outputs/hodgecy_ii/complete_fidelity_pairs_and_sets.tsv	"{""historical_census_schema"":""hodgecy_ii_complete_fidelity_census_historical.v1"",""historical_census_source"":""research_outputs/hodgecy_ii/complete_fidelity_pairs_and_sets.tsv"",""historical_set_id"":""D0040""}"	same integral source type but different equivariant/symmetry type	REPRODUCED	"{""category"":""INTEGRAL COLLAPSE / EQUIVARIANT SEPARATION"",""first_separating_level"":""equivariant_source"",""shared_levels"":[""integral_source""]}"	"{""category_reproduced"":true,""classification_source"":""historical_complete_fidelity_tsv_reingested_by_v1"",""first_separating_level_reproduced"":true,""member_validation_status"":{""337"":""CENSUS_LEVEL"",""348"":""CENSUS_LEVEL""},""membership_reproduced"":true,""shared_levels_reproduced"":true,""source_recomputation_scope"":""current_v1_reuses_frozen_historical_456_record_census; no fresh mining pass""}"	hodgecy_ii_complete_fidelity:D0040	fidelity_census_reconciled:D0040
D0041	339 | 354 | 364	339 / 354 / 364	3	triple	INTEGRAL COLLAPSE / EQUIVARIANT SEPARATION	INTEGRAL COLLAPSE / EQUIVARIANT SEPARATION	integral_source	equivariant_source	equivariant/symmetry type	p3=0;p4_0=0;p4_1=0;p5_0=0;p5_1=0;p5_2=0;l3=0	UNKNOWN_HODGE	UNKNOWN_HODGE	complete_rational_source_type:1c56638564e35915389c95538acd04aec81b0e5da3ced4507fa70e7a5d2ce49e	complete_rational_source_type:1c56638564e35915389c95538acd04aec81b0e5da3ced4507fa70e7a5d2ce49e	complete_integral_source_type:29cd8d062d526af517f7b1cd0f5552a1f34d8279a863648b8e4c0f75c2e8b42e	complete_integral_source_type:29cd8d062d526af517f7b1cd0f5552a1f34d8279a863648b8e4c0f75c2e8b42e	complete_torsion_type:7b0cf4e50d2a20619d8d10ff05c84aaf7d3c699443dff88ec69f594f06e1c384	complete_torsion_type:7b0cf4e50d2a20619d8d10ff05c84aaf7d3c699443dff88ec69f594f06e1c384	complete_equivariant_source_type:913d03a602b94028e10bf4c74fbe71c45f19328339100b161e5f98f7e84b74b6 || complete_equivariant_source_type:e7b32387d59a16cf4d181f29b2abde914126c1e4d7a64012b2ff2c17bf8decf3 || complete_equivariant_source_type:fd5730bca72304b501e60111b95ded17c0fdacb062e126f744499392435e7cb8	complete_equivariant_source_type:913d03a602b94028e10bf4c74fbe71c45f19328339100b161e5f98f7e84b74b6 | complete_equivariant_source_type:e7b32387d59a16cf4d181f29b2abde914126c1e4d7a64012b2ff2c17bf8decf3 | complete_equivariant_source_type:fd5730bca72304b501e60111b95ded17c0fdacb062e126f744499392435e7cb8	CENSUS_LEVEL	"{""339"":""CENSUS_LEVEL"",""354"":""CENSUS_LEVEL"",""364"":""CENSUS_LEVEL""}"	research_outputs/hodgecy_ii/complete_fidelity_pairs_and_sets.tsv	"{""historical_census_schema"":""hodgecy_ii_complete_fidelity_census_historical.v1"",""historical_census_source"":""research_outputs/hodgecy_ii/complete_fidelity_pairs_and_sets.tsv"",""historical_set_id"":""D0041""}"	same integral source type but different equivariant/symmetry type	REPRODUCED	"{""category"":""INTEGRAL COLLAPSE / EQUIVARIANT SEPARATION"",""first_separating_level"":""equivariant_source"",""shared_levels"":[""integral_source""]}"	"{""category_reproduced"":true,""classification_source"":""historical_complete_fidelity_tsv_reingested_by_v1"",""first_separating_level_reproduced"":true,""member_validation_status"":{""339"":""CENSUS_LEVEL"",""354"":""CENSUS_LEVEL"",""364"":""CENSUS_LEVEL""},""membership_reproduced"":true,""shared_levels_reproduced"":true,""source_recomputation_scope"":""current_v1_reuses_frozen_historical_456_record_census; no fresh mining pass""}"	hodgecy_ii_complete_fidelity:D0041	fidelity_census_reconciled:D0041
D0042	345 | 352	345 / 352	2	pair	INTEGRAL COLLAPSE / EQUIVARIANT SEPARATION	INTEGRAL COLLAPSE / EQUIVARIANT SEPARATION	integral_source	equivariant_source	equivariant/symmetry type	p3=0;p4_0=0;p4_1=0;p5_0=0;p5_1=0;p5_2=0;l3=0	UNKNOWN_HODGE	UNKNOWN_HODGE	complete_rational_source_type:1c56638564e35915389c95538acd04aec81b0e5da3ced4507fa70e7a5d2ce49e	complete_rational_source_type:1c56638564e35915389c95538acd04aec81b0e5da3ced4507fa70e7a5d2ce49e	complete_integral_source_type:3b8f12f81f78a3e291cd66630480744faa8e2c616915e61733a0a6ec336dd710	complete_integral_source_type:3b8f12f81f78a3e291cd66630480744faa8e2c616915e61733a0a6ec336dd710	complete_torsion_type:19474bc7920a5afa72aa857bf5d101b752fc1117d295d45918cabf904a444f47	complete_torsion_type:19474bc7920a5afa72aa857bf5d101b752fc1117d295d45918cabf904a444f47	complete_equivariant_source_type:147a850c76fcf72632358e46834d193dd99ef3e78d5acc63f688df09193da633 || complete_equivariant_source_type:333cb4fcf8edd060aff5ed5d5c2473609f68a520f14195dca79096298ca4f757	complete_equivariant_source_type:147a850c76fcf72632358e46834d193dd99ef3e78d5acc63f688df09193da633 | complete_equivariant_source_type:333cb4fcf8edd060aff5ed5d5c2473609f68a520f14195dca79096298ca4f757	CENSUS_LEVEL	"{""345"":""CENSUS_LEVEL"",""352"":""CENSUS_LEVEL""}"	research_outputs/hodgecy_ii/complete_fidelity_pairs_and_sets.tsv	"{""historical_census_schema"":""hodgecy_ii_complete_fidelity_census_historical.v1"",""historical_census_source"":""research_outputs/hodgecy_ii/complete_fidelity_pairs_and_sets.tsv"",""historical_set_id"":""D0042""}"	same integral source type but different equivariant/symmetry type	REPRODUCED	"{""category"":""INTEGRAL COLLAPSE / EQUIVARIANT SEPARATION"",""first_separating_level"":""equivariant_source"",""shared_levels"":[""integral_source""]}"	"{""category_reproduced"":true,""classification_source"":""historical_complete_fidelity_tsv_reingested_by_v1"",""first_separating_level_reproduced"":true,""member_validation_status"":{""345"":""CENSUS_LEVEL"",""352"":""CENSUS_LEVEL""},""membership_reproduced"":true,""shared_levels_reproduced"":true,""source_recomputation_scope"":""current_v1_reuses_frozen_historical_456_record_census; no fresh mining pass""}"	hodgecy_ii_complete_fidelity:D0042	fidelity_census_reconciled:D0042
D0043	350 | 355 | 359 | 360 | 376	350 / 355 / 359 / 360 / 376	5	larger_set	INTEGRAL COLLAPSE / EQUIVARIANT SEPARATION	INTEGRAL COLLAPSE / EQUIVARIANT SEPARATION	integral_source	equivariant_source	equivariant/symmetry type	p3=0;p4_0=0;p4_1=0;p5_0=0;p5_1=0;p5_2=0;l3=0	UNKNOWN_HODGE	UNKNOWN_HODGE	complete_rational_source_type:1c56638564e35915389c95538acd04aec81b0e5da3ced4507fa70e7a5d2ce49e	complete_rational_source_type:1c56638564e35915389c95538acd04aec81b0e5da3ced4507fa70e7a5d2ce49e	complete_integral_source_type:a79e8eb9b118d969bae82f30fca2b321c890c6ffb6bc21fe0a6a3f6c9f6dd410	complete_integral_source_type:a79e8eb9b118d969bae82f30fca2b321c890c6ffb6bc21fe0a6a3f6c9f6dd410	complete_torsion_type:e5f7425da8d8a3867acbc1dcc55f387093f61229d05c7cc3dc795123a3fd8108	complete_torsion_type:e5f7425da8d8a3867acbc1dcc55f387093f61229d05c7cc3dc795123a3fd8108	complete_equivariant_source_type:1c1c65c8912f6bcc48eaa4493b05b389aa6ca0ab03b3a8f0e2de101bd61366b2 || complete_equivariant_source_type:35ea304768195cd3909f2ec34dee302bb8b686b9c2cfcd23b46f0ad22636fb5f || complete_equivariant_source_type:773e333b06b389f542c522957353595959e28f9d4d4cd6bba1690289dfc4f78a || complete_equivariant_source_type:7cd82d5a80dadf383064875768fc7277b529b54b79ebc75eb75bc3a4ea346ed7 || complete_equivariant_source_type:e439b7f0bb576b305bd3b67fc96ddd89aab4ca0ff10ed655119b4b26045d5d30	complete_equivariant_source_type:1c1c65c8912f6bcc48eaa4493b05b389aa6ca0ab03b3a8f0e2de101bd61366b2 | complete_equivariant_source_type:35ea304768195cd3909f2ec34dee302bb8b686b9c2cfcd23b46f0ad22636fb5f | complete_equivariant_source_type:773e333b06b389f542c522957353595959e28f9d4d4cd6bba1690289dfc4f78a | complete_equivariant_source_type:7cd82d5a80dadf383064875768fc7277b529b54b79ebc75eb75bc3a4ea346ed7 | complete_equivariant_source_type:e439b7f0bb576b305bd3b67fc96ddd89aab4ca0ff10ed655119b4b26045d5d30	CENSUS_LEVEL	"{""350"":""CENSUS_LEVEL"",""355"":""CENSUS_LEVEL"",""359"":""CENSUS_LEVEL"",""360"":""CENSUS_LEVEL"",""376"":""CENSUS_LEVEL""}"	research_outputs/hodgecy_ii/complete_fidelity_pairs_and_sets.tsv	"{""historical_census_schema"":""hodgecy_ii_complete_fidelity_census_historical.v1"",""historical_census_source"":""research_outputs/hodgecy_ii/complete_fidelity_pairs_and_sets.tsv"",""historical_set_id"":""D0043""}"	same integral source type but different equivariant/symmetry type	REPRODUCED	"{""category"":""INTEGRAL COLLAPSE / EQUIVARIANT SEPARATION"",""first_separating_level"":""equivariant_source"",""shared_levels"":[""integral_source""]}"	"{""category_reproduced"":true,""classification_source"":""historical_complete_fidelity_tsv_reingested_by_v1"",""first_separating_level_reproduced"":true,""member_validation_status"":{""350"":""CENSUS_LEVEL"",""355"":""CENSUS_LEVEL"",""359"":""CENSUS_LEVEL"",""360"":""CENSUS_LEVEL"",""376"":""CENSUS_LEVEL""},""membership_reproduced"":true,""shared_levels_reproduced"":true,""source_recomputation_scope"":""current_v1_reuses_frozen_historical_456_record_census; no fresh mining pass""}"	hodgecy_ii_complete_fidelity:D0043	fidelity_census_reconciled:D0043
D0044	357 | 373 | 382	357 / 373 / 382	3	triple	INTEGRAL COLLAPSE / EQUIVARIANT SEPARATION	INTEGRAL COLLAPSE / EQUIVARIANT SEPARATION	integral_source	equivariant_source	equivariant/symmetry type	p3=0;p4_0=0;p4_1=0;p5_0=0;p5_1=0;p5_2=0;l3=0	UNKNOWN_HODGE	UNKNOWN_HODGE	complete_rational_source_type:1c56638564e35915389c95538acd04aec81b0e5da3ced4507fa70e7a5d2ce49e	complete_rational_source_type:1c56638564e35915389c95538acd04aec81b0e5da3ced4507fa70e7a5d2ce49e	complete_integral_source_type:ba9f3fe71347fa97e19e98fa309bd76f8c269eb495fe4c982c8c52f470306f0b	complete_integral_source_type:ba9f3fe71347fa97e19e98fa309bd76f8c269eb495fe4c982c8c52f470306f0b	complete_torsion_type:b74e5ffd1f3d50dc31b13a4cacaa097a4b77c96c81db8b38c2036a23cb04c517	complete_torsion_type:b74e5ffd1f3d50dc31b13a4cacaa097a4b77c96c81db8b38c2036a23cb04c517	complete_equivariant_source_type:147b6c917cb8caf4bc9443dbe0d7fa6661e3da8aefc0817fd0b32c95aec3ca65 || complete_equivariant_source_type:ef7c3af78bb82956f312af8bd5417e8c2f8b27037430fc372b840b7efbed9fe3	complete_equivariant_source_type:147b6c917cb8caf4bc9443dbe0d7fa6661e3da8aefc0817fd0b32c95aec3ca65 | complete_equivariant_source_type:ef7c3af78bb82956f312af8bd5417e8c2f8b27037430fc372b840b7efbed9fe3	CENSUS_LEVEL	"{""357"":""CENSUS_LEVEL"",""373"":""CENSUS_LEVEL"",""382"":""CENSUS_LEVEL""}"	research_outputs/hodgecy_ii/complete_fidelity_pairs_and_sets.tsv	"{""historical_census_schema"":""hodgecy_ii_complete_fidelity_census_historical.v1"",""historical_census_source"":""research_outputs/hodgecy_ii/complete_fidelity_pairs_and_sets.tsv"",""historical_set_id"":""D0044""}"	same integral source type but different equivariant/symmetry type	REPRODUCED	"{""category"":""INTEGRAL COLLAPSE / EQUIVARIANT SEPARATION"",""first_separating_level"":""equivariant_source"",""shared_levels"":[""integral_source""]}"	"{""category_reproduced"":true,""classification_source"":""historical_complete_fidelity_tsv_reingested_by_v1"",""first_separating_level_reproduced"":true,""member_validation_status"":{""357"":""CENSUS_LEVEL"",""373"":""CENSUS_LEVEL"",""382"":""CENSUS_LEVEL""},""membership_reproduced"":true,""shared_levels_reproduced"":true,""source_recomputation_scope"":""current_v1_reuses_frozen_historical_456_record_census; no fresh mining pass""}"	hodgecy_ii_complete_fidelity:D0044	fidelity_census_reconciled:D0044
D0045	362 | 367 | 370 | 380	362 / 367 / 370 / 380	4	larger_set	INTEGRAL COLLAPSE / EQUIVARIANT SEPARATION	INTEGRAL COLLAPSE / EQUIVARIANT SEPARATION	integral_source	equivariant_source	equivariant/symmetry type	p3=0;p4_0=0;p4_1=0;p5_0=0;p5_1=0;p5_2=0;l3=0	UNKNOWN_HODGE	UNKNOWN_HODGE	complete_rational_source_type:1c56638564e35915389c95538acd04aec81b0e5da3ced4507fa70e7a5d2ce49e	complete_rational_source_type:1c56638564e35915389c95538acd04aec81b0e5da3ced4507fa70e7a5d2ce49e	complete_integral_source_type:61fa318ce37eb4cdf57b8db34746ed7c427b15993a7b03194eac6d7556433b7f	complete_integral_source_type:61fa318ce37eb4cdf57b8db34746ed7c427b15993a7b03194eac6d7556433b7f	complete_torsion_type:a9d9ac9be51e6829e007864ff6edd38ceabc919a2787b7d3b7ddec57b482a6c3	complete_torsion_type:a9d9ac9be51e6829e007864ff6edd38ceabc919a2787b7d3b7ddec57b482a6c3	complete_equivariant_source_type:68ca99d6af8843e00dc50f6b29f31df44fc2e39de3fbd174a7de4f7cde2b3ec9 || complete_equivariant_source_type:6fbc89a120529d425dd21d2bd2aa9e31ec5c50621a5e59e0fff2492cf2dfdc66 || complete_equivariant_source_type:a26b5a115f86def5e3176faa6a01749d990b7b8237399d7638be29d0f0aba918 || complete_equivariant_source_type:f0921b0f1b3d065335ff6b52ae3a377324bfd71d5e7e1b7441aff6e924e8e317	complete_equivariant_source_type:68ca99d6af8843e00dc50f6b29f31df44fc2e39de3fbd174a7de4f7cde2b3ec9 | complete_equivariant_source_type:6fbc89a120529d425dd21d2bd2aa9e31ec5c50621a5e59e0fff2492cf2dfdc66 | complete_equivariant_source_type:a26b5a115f86def5e3176faa6a01749d990b7b8237399d7638be29d0f0aba918 | complete_equivariant_source_type:f0921b0f1b3d065335ff6b52ae3a377324bfd71d5e7e1b7441aff6e924e8e317	CENSUS_LEVEL	"{""362"":""CENSUS_LEVEL"",""367"":""CENSUS_LEVEL"",""370"":""CENSUS_LEVEL"",""380"":""CENSUS_LEVEL""}"	research_outputs/hodgecy_ii/complete_fidelity_pairs_and_sets.tsv	"{""historical_census_schema"":""hodgecy_ii_complete_fidelity_census_historical.v1"",""historical_census_source"":""research_outputs/hodgecy_ii/complete_fidelity_pairs_and_sets.tsv"",""historical_set_id"":""D0045""}"	same integral source type but different equivariant/symmetry type	REPRODUCED	"{""category"":""INTEGRAL COLLAPSE / EQUIVARIANT SEPARATION"",""first_separating_level"":""equivariant_source"",""shared_levels"":[""integral_source""]}"	"{""category_reproduced"":true,""classification_source"":""historical_complete_fidelity_tsv_reingested_by_v1"",""first_separating_level_reproduced"":true,""member_validation_status"":{""362"":""CENSUS_LEVEL"",""367"":""CENSUS_LEVEL"",""370"":""CENSUS_LEVEL"",""380"":""CENSUS_LEVEL""},""membership_reproduced"":true,""shared_levels_reproduced"":true,""source_recomputation_scope"":""current_v1_reuses_frozen_historical_456_record_census; no fresh mining pass""}"	hodgecy_ii_complete_fidelity:D0045	fidelity_census_reconciled:D0045
D0046	386 | 392 | 394	386 / 392 / 394	3	triple	INTEGRAL COLLAPSE / EQUIVARIANT SEPARATION	INTEGRAL COLLAPSE / EQUIVARIANT SEPARATION	integral_source	equivariant_source	equivariant/symmetry type	p3=0;p4_0=0;p4_1=0;p5_0=0;p5_1=0;p5_2=0;l3=0	UNKNOWN_HODGE	UNKNOWN_HODGE	complete_rational_source_type:ed71f72c0077c50d0120dd92ddad5b134284a9924c17588719350f59213b1111	complete_rational_source_type:ed71f72c0077c50d0120dd92ddad5b134284a9924c17588719350f59213b1111	complete_integral_source_type:adb6ffa77be49637ceeaadd293dc91d000f69731e467d2620504e6eefc9576d9	complete_integral_source_type:adb6ffa77be49637ceeaadd293dc91d000f69731e467d2620504e6eefc9576d9	complete_torsion_type:b74e5ffd1f3d50dc31b13a4cacaa097a4b77c96c81db8b38c2036a23cb04c517	complete_torsion_type:b74e5ffd1f3d50dc31b13a4cacaa097a4b77c96c81db8b38c2036a23cb04c517	complete_equivariant_source_type:19de3ab519b4c6d9863918dd5373a5bc4228aa8dd9162ca2e09de5c95935fb60 || complete_equivariant_source_type:4eae6ef323d8739b43b3ef3e43c62d7401a82bbc869a2e9f7c325c57fb3d8132 || complete_equivariant_source_type:c64af77e4987191b325c328d00f7f5402ddba284dab7beaddef0e69411dddf76	complete_equivariant_source_type:19de3ab519b4c6d9863918dd5373a5bc4228aa8dd9162ca2e09de5c95935fb60 | complete_equivariant_source_type:4eae6ef323d8739b43b3ef3e43c62d7401a82bbc869a2e9f7c325c57fb3d8132 | complete_equivariant_source_type:c64af77e4987191b325c328d00f7f5402ddba284dab7beaddef0e69411dddf76	CENSUS_LEVEL	"{""386"":""CENSUS_LEVEL"",""392"":""CENSUS_LEVEL"",""394"":""CENSUS_LEVEL""}"	research_outputs/hodgecy_ii/complete_fidelity_pairs_and_sets.tsv	"{""historical_census_schema"":""hodgecy_ii_complete_fidelity_census_historical.v1"",""historical_census_source"":""research_outputs/hodgecy_ii/complete_fidelity_pairs_and_sets.tsv"",""historical_set_id"":""D0046""}"	same integral source type but different equivariant/symmetry type	REPRODUCED	"{""category"":""INTEGRAL COLLAPSE / EQUIVARIANT SEPARATION"",""first_separating_level"":""equivariant_source"",""shared_levels"":[""integral_source""]}"	"{""category_reproduced"":true,""classification_source"":""historical_complete_fidelity_tsv_reingested_by_v1"",""first_separating_level_reproduced"":true,""member_validation_status"":{""386"":""CENSUS_LEVEL"",""392"":""CENSUS_LEVEL"",""394"":""CENSUS_LEVEL""},""membership_reproduced"":true,""shared_levels_reproduced"":true,""source_recomputation_scope"":""current_v1_reuses_frozen_historical_456_record_census; no fresh mining pass""}"	hodgecy_ii_complete_fidelity:D0046	fidelity_census_reconciled:D0046
D0047	387 | 391 | 396 | 397 | 398 | 402 | 404 | 411 | 415	387 / 391 / 396 / 397 / 398 / 402 / 404 / 411 / 415	9	larger_set	INTEGRAL COLLAPSE / EQUIVARIANT SEPARATION	INTEGRAL COLLAPSE / EQUIVARIANT SEPARATION	integral_source	equivariant_source	equivariant/symmetry type	p3=0;p4_0=0;p4_1=0;p5_0=0;p5_1=0;p5_2=0;l3=0	UNKNOWN_HODGE	UNKNOWN_HODGE	complete_rational_source_type:ed71f72c0077c50d0120dd92ddad5b134284a9924c17588719350f59213b1111	complete_rational_source_type:ed71f72c0077c50d0120dd92ddad5b134284a9924c17588719350f59213b1111	complete_integral_source_type:a70446740cf0122874faba697f34ac6e229804f4fda8812cf6e3742d60852342	complete_integral_source_type:a70446740cf0122874faba697f34ac6e229804f4fda8812cf6e3742d60852342	complete_torsion_type:ed86ce2c369fe8599fe149e1841614bcae93901d7d040fca84cfad4825f75070	complete_torsion_type:ed86ce2c369fe8599fe149e1841614bcae93901d7d040fca84cfad4825f75070	complete_equivariant_source_type:0c5c4f6bfcc03dd1fb4ea017e26f6932c98f98652a38b01cf429fc57a63aa6a1 || complete_equivariant_source_type:0f237d051e453f27f05081d360b89ac74933cd0f4113f0174194fd220b9d5376 || complete_equivariant_source_type:1556d3547cf894b5da8d529ef32692e86653d2d051d9c2c097b29d4a2b057af3 || complete_equivariant_source_type:7855b66ff38121c3a645fad65079f6327f72aa497387f8139143354c673f2f20 || complete_equivariant_source_type:e121734ad68d120b31370e02408448cf1ecfa1951e6ee97e4cffa094e8622b62	complete_equivariant_source_type:0c5c4f6bfcc03dd1fb4ea017e26f6932c98f98652a38b01cf429fc57a63aa6a1 | complete_equivariant_source_type:0f237d051e453f27f05081d360b89ac74933cd0f4113f0174194fd220b9d5376 | complete_equivariant_source_type:1556d3547cf894b5da8d529ef32692e86653d2d051d9c2c097b29d4a2b057af3 | complete_equivariant_source_type:7855b66ff38121c3a645fad65079f6327f72aa497387f8139143354c673f2f20 | complete_equivariant_source_type:e121734ad68d120b31370e02408448cf1ecfa1951e6ee97e4cffa094e8622b62	CENSUS_LEVEL	"{""387"":""CENSUS_LEVEL"",""391"":""CENSUS_LEVEL"",""396"":""CENSUS_LEVEL"",""397"":""CENSUS_LEVEL"",""398"":""CENSUS_LEVEL"",""402"":""CENSUS_LEVEL"",""404"":""CENSUS_LEVEL"",""411"":""CENSUS_LEVEL"",""415"":""CENSUS_LEVEL""}"	research_outputs/hodgecy_ii/complete_fidelity_pairs_and_sets.tsv	"{""historical_census_schema"":""hodgecy_ii_complete_fidelity_census_historical.v1"",""historical_census_source"":""research_outputs/hodgecy_ii/complete_fidelity_pairs_and_sets.tsv"",""historical_set_id"":""D0047""}"	same integral source type but different equivariant/symmetry type	REPRODUCED	"{""category"":""INTEGRAL COLLAPSE / EQUIVARIANT SEPARATION"",""first_separating_level"":""equivariant_source"",""shared_levels"":[""integral_source""]}"	"{""category_reproduced"":true,""classification_source"":""historical_complete_fidelity_tsv_reingested_by_v1"",""first_separating_level_reproduced"":true,""member_validation_status"":{""387"":""CENSUS_LEVEL"",""391"":""CENSUS_LEVEL"",""396"":""CENSUS_LEVEL"",""397"":""CENSUS_LEVEL"",""398"":""CENSUS_LEVEL"",""402"":""CENSUS_LEVEL"",""404"":""CENSUS_LEVEL"",""411"":""CENSUS_LEVEL"",""415"":""CENSUS_LEVEL""},""membership_reproduced"":true,""shared_levels_reproduced"":true,""source_recomputation_scope"":""current_v1_reuses_frozen_historical_456_record_census; no fresh mining pass""}"	hodgecy_ii_complete_fidelity:D0047	fidelity_census_reconciled:D0047
D0048	388 | 389 | 390 | 399 | 400 | 403 | 405 | 406 | 407 | 409 | 412 | 417	388 / 389 / 390 / 399 / 400 / 403 / 405 / 406 / 407 / 409 / 412 / 417	12	larger_set	INTEGRAL COLLAPSE / EQUIVARIANT SEPARATION	INTEGRAL COLLAPSE / EQUIVARIANT SEPARATION	integral_source	equivariant_source	equivariant/symmetry type	p3=0;p4_0=0;p4_1=0;p5_0=0;p5_1=0;p5_2=0;l3=0	UNKNOWN_HODGE	UNKNOWN_HODGE	complete_rational_source_type:ed71f72c0077c50d0120dd92ddad5b134284a9924c17588719350f59213b1111	complete_rational_source_type:ed71f72c0077c50d0120dd92ddad5b134284a9924c17588719350f59213b1111	complete_integral_source_type:251f926bc59eadcad51058e11135fff85add73ae09bcc2b4237de711003fff20	complete_integral_source_type:251f926bc59eadcad51058e11135fff85add73ae09bcc2b4237de711003fff20	complete_torsion_type:a9d9ac9be51e6829e007864ff6edd38ceabc919a2787b7d3b7ddec57b482a6c3	complete_torsion_type:a9d9ac9be51e6829e007864ff6edd38ceabc919a2787b7d3b7ddec57b482a6c3	complete_equivariant_source_type:1462e43f204fef9db2b3272bc6f2a210637bd0ecbb570dc2e03f4b3e75dedd35 || complete_equivariant_source_type:2a613687f2ad40accf797332ba5d2f17a71fb8ae9ee946f3ad76418895df779f || complete_equivariant_source_type:4397cccd253d11f59cf44f097f53813e86e98dd6b8bdcdb9887195bf623b5e0b || complete_equivariant_source_type:6156262fd2892885f6fe9b15baa54acc81fde8c759b0a84372e2f18186e7cb9a || complete_equivariant_source_type:700887a80abbb4a6294cbff79add4700b6d65cfbfe46fd196737e59c5fa45590 || complete_equivariant_source_type:b30cf4bc8dcf453bef2f2e9231195e20d35f75456676c7ac784bbeaabd7f7e29 || complete_equivariant_source_type:c22fb37b8ce668ad2dddeba7ac859e390b2fc433b2749ed4ad11c20787c2e441 || complete_equivariant_source_type:de1460adc9231fdf9e1a7dac3808edfe6991f63e121414d32d02665384a30b5d || complete_equivariant_source_type:ea7bd8ec541515fc57741f732df32c4fa42a0d1879b4e0a1dd966e05e9e0aec1 || complete_equivariant_source_type:f519ff7f5b9a5db1d89162973b0de934a6dfbd7c04f1a5a1a0e64b61b40042b4	complete_equivariant_source_type:1462e43f204fef9db2b3272bc6f2a210637bd0ecbb570dc2e03f4b3e75dedd35 | complete_equivariant_source_type:2a613687f2ad40accf797332ba5d2f17a71fb8ae9ee946f3ad76418895df779f | complete_equivariant_source_type:4397cccd253d11f59cf44f097f53813e86e98dd6b8bdcdb9887195bf623b5e0b | complete_equivariant_source_type:6156262fd2892885f6fe9b15baa54acc81fde8c759b0a84372e2f18186e7cb9a | complete_equivariant_source_type:700887a80abbb4a6294cbff79add4700b6d65cfbfe46fd196737e59c5fa45590 | complete_equivariant_source_type:b30cf4bc8dcf453bef2f2e9231195e20d35f75456676c7ac784bbeaabd7f7e29 | complete_equivariant_source_type:c22fb37b8ce668ad2dddeba7ac859e390b2fc433b2749ed4ad11c20787c2e441 | complete_equivariant_source_type:de1460adc9231fdf9e1a7dac3808edfe6991f63e121414d32d02665384a30b5d | complete_equivariant_source_type:ea7bd8ec541515fc57741f732df32c4fa42a0d1879b4e0a1dd966e05e9e0aec1 | complete_equivariant_source_type:f519ff7f5b9a5db1d89162973b0de934a6dfbd7c04f1a5a1a0e64b61b40042b4	CENSUS_LEVEL	"{""388"":""CENSUS_LEVEL"",""389"":""CENSUS_LEVEL"",""390"":""CENSUS_LEVEL"",""399"":""CENSUS_LEVEL"",""400"":""CENSUS_LEVEL"",""403"":""CENSUS_LEVEL"",""405"":""CENSUS_LEVEL"",""406"":""CENSUS_LEVEL"",""407"":""CENSUS_LEVEL"",""409"":""CENSUS_LEVEL"",""412"":""CENSUS_LEVEL"",""417"":""CENSUS_LEVEL""}"	research_outputs/hodgecy_ii/complete_fidelity_pairs_and_sets.tsv	"{""historical_census_schema"":""hodgecy_ii_complete_fidelity_census_historical.v1"",""historical_census_source"":""research_outputs/hodgecy_ii/complete_fidelity_pairs_and_sets.tsv"",""historical_set_id"":""D0048""}"	same integral source type but different equivariant/symmetry type	REPRODUCED	"{""category"":""INTEGRAL COLLAPSE / EQUIVARIANT SEPARATION"",""first_separating_level"":""equivariant_source"",""shared_levels"":[""integral_source""]}"	"{""category_reproduced"":true,""classification_source"":""historical_complete_fidelity_tsv_reingested_by_v1"",""first_separating_level_reproduced"":true,""member_validation_status"":{""388"":""CENSUS_LEVEL"",""389"":""CENSUS_LEVEL"",""390"":""CENSUS_LEVEL"",""399"":""CENSUS_LEVEL"",""400"":""CENSUS_LEVEL"",""403"":""CENSUS_LEVEL"",""405"":""CENSUS_LEVEL"",""406"":""CENSUS_LEVEL"",""407"":""CENSUS_LEVEL"",""409"":""CENSUS_LEVEL"",""412"":""CENSUS_LEVEL"",""417"":""CENSUS_LEVEL""},""membership_reproduced"":true,""shared_levels_reproduced"":true,""source_recomputation_scope"":""current_v1_reuses_frozen_historical_456_record_census; no fresh mining pass""}"	hodgecy_ii_complete_fidelity:D0048	fidelity_census_reconciled:D0048
D0049	401 | 408	401 / 408	2	pair	INTEGRAL COLLAPSE / EQUIVARIANT SEPARATION	INTEGRAL COLLAPSE / EQUIVARIANT SEPARATION	integral_source	equivariant_source	equivariant/symmetry type	p3=0;p4_0=0;p4_1=0;p5_0=0;p5_1=0;p5_2=0;l3=0	UNKNOWN_HODGE	UNKNOWN_HODGE	complete_rational_source_type:ed71f72c0077c50d0120dd92ddad5b134284a9924c17588719350f59213b1111	complete_rational_source_type:ed71f72c0077c50d0120dd92ddad5b134284a9924c17588719350f59213b1111	complete_integral_source_type:a1f74cb6d23e909f14098dffd76c2ff694aa8fda8dcdaf57ea66cf696e339178	complete_integral_source_type:a1f74cb6d23e909f14098dffd76c2ff694aa8fda8dcdaf57ea66cf696e339178	complete_torsion_type:428e4b3a07800f0105210ad9c0ba25f9082f44dbf0803a77f7831b2e637ce354	complete_torsion_type:428e4b3a07800f0105210ad9c0ba25f9082f44dbf0803a77f7831b2e637ce354	complete_equivariant_source_type:2f7b082f2e5d375ba2c1ec3287a1dc867f468e264d45068a906a0576857afc24 || complete_equivariant_source_type:7fe9963aa80e12d0bafe8593c4bf52383986b50bd82078b4caea56ca9f83fb2b	complete_equivariant_source_type:2f7b082f2e5d375ba2c1ec3287a1dc867f468e264d45068a906a0576857afc24 | complete_equivariant_source_type:7fe9963aa80e12d0bafe8593c4bf52383986b50bd82078b4caea56ca9f83fb2b	CENSUS_LEVEL	"{""401"":""CENSUS_LEVEL"",""408"":""CENSUS_LEVEL""}"	research_outputs/hodgecy_ii/complete_fidelity_pairs_and_sets.tsv	"{""historical_census_schema"":""hodgecy_ii_complete_fidelity_census_historical.v1"",""historical_census_source"":""research_outputs/hodgecy_ii/complete_fidelity_pairs_and_sets.tsv"",""historical_set_id"":""D0049""}"	same integral source type but different equivariant/symmetry type	REPRODUCED	"{""category"":""INTEGRAL COLLAPSE / EQUIVARIANT SEPARATION"",""first_separating_level"":""equivariant_source"",""shared_levels"":[""integral_source""]}"	"{""category_reproduced"":true,""classification_source"":""historical_complete_fidelity_tsv_reingested_by_v1"",""first_separating_level_reproduced"":true,""member_validation_status"":{""401"":""CENSUS_LEVEL"",""408"":""CENSUS_LEVEL""},""membership_reproduced"":true,""shared_levels_reproduced"":true,""source_recomputation_scope"":""current_v1_reuses_frozen_historical_456_record_census; no fresh mining pass""}"	hodgecy_ii_complete_fidelity:D0049	fidelity_census_reconciled:D0049
D0050	413 | 416	413 / 416	2	pair	INTEGRAL COLLAPSE / EQUIVARIANT SEPARATION	INTEGRAL COLLAPSE / EQUIVARIANT SEPARATION	integral_source	equivariant_source	equivariant/symmetry type	p3=0;p4_0=0;p4_1=0;p5_0=0;p5_1=0;p5_2=0;l3=0	UNKNOWN_HODGE	UNKNOWN_HODGE	complete_rational_source_type:ed71f72c0077c50d0120dd92ddad5b134284a9924c17588719350f59213b1111	complete_rational_source_type:ed71f72c0077c50d0120dd92ddad5b134284a9924c17588719350f59213b1111	complete_integral_source_type:1de16e9b925089d391121630af61682202cb401702b3217f9f7c24cf357b79fe	complete_integral_source_type:1de16e9b925089d391121630af61682202cb401702b3217f9f7c24cf357b79fe	complete_torsion_type:63a31d49c910223d0cd94724cb98bb1bfe5fc67fea0ceb14c11e54fcc7177462	complete_torsion_type:63a31d49c910223d0cd94724cb98bb1bfe5fc67fea0ceb14c11e54fcc7177462	complete_equivariant_source_type:51cbeb91c3bd58e1d9727fb8d1cdde53fe0c303e31f0933ea3bcef0badc27255 || complete_equivariant_source_type:944e8b1af78a986d724805488ae22d7cad7639b033254ed74e909ab7f0028285	complete_equivariant_source_type:51cbeb91c3bd58e1d9727fb8d1cdde53fe0c303e31f0933ea3bcef0badc27255 | complete_equivariant_source_type:944e8b1af78a986d724805488ae22d7cad7639b033254ed74e909ab7f0028285	CENSUS_LEVEL	"{""413"":""CENSUS_LEVEL"",""416"":""CENSUS_LEVEL""}"	research_outputs/hodgecy_ii/complete_fidelity_pairs_and_sets.tsv	"{""historical_census_schema"":""hodgecy_ii_complete_fidelity_census_historical.v1"",""historical_census_source"":""research_outputs/hodgecy_ii/complete_fidelity_pairs_and_sets.tsv"",""historical_set_id"":""D0050""}"	same integral source type but different equivariant/symmetry type	REPRODUCED	"{""category"":""INTEGRAL COLLAPSE / EQUIVARIANT SEPARATION"",""first_separating_level"":""equivariant_source"",""shared_levels"":[""integral_source""]}"	"{""category_reproduced"":true,""classification_source"":""historical_complete_fidelity_tsv_reingested_by_v1"",""first_separating_level_reproduced"":true,""member_validation_status"":{""413"":""CENSUS_LEVEL"",""416"":""CENSUS_LEVEL""},""membership_reproduced"":true,""shared_levels_reproduced"":true,""source_recomputation_scope"":""current_v1_reuses_frozen_historical_456_record_census; no fresh mining pass""}"	hodgecy_ii_complete_fidelity:D0050	fidelity_census_reconciled:D0050
D0051	414 | 420	414 / 420	2	pair	INTEGRAL COLLAPSE / EQUIVARIANT SEPARATION	INTEGRAL COLLAPSE / EQUIVARIANT SEPARATION	integral_source	equivariant_source	equivariant/symmetry type	p3=0;p4_0=0;p4_1=0;p5_0=0;p5_1=0;p5_2=0;l3=0	UNKNOWN_HODGE	UNKNOWN_HODGE	complete_rational_source_type:ed71f72c0077c50d0120dd92ddad5b134284a9924c17588719350f59213b1111	complete_rational_source_type:ed71f72c0077c50d0120dd92ddad5b134284a9924c17588719350f59213b1111	complete_integral_source_type:d102fe4510f0e1bfaa404d35c9947ee828d23f1dac6dc4dbcca453babf6737ef	complete_integral_source_type:d102fe4510f0e1bfaa404d35c9947ee828d23f1dac6dc4dbcca453babf6737ef	complete_torsion_type:52318fa651429e353c2d8ef84cdd8bd6add5665dfcbee6561a6dee8e26419264	complete_torsion_type:52318fa651429e353c2d8ef84cdd8bd6add5665dfcbee6561a6dee8e26419264	complete_equivariant_source_type:115bcd35664a4105142260f008c850dca02974a6a90a1820c69f3d8756b09b52 || complete_equivariant_source_type:83dc345736b6c19de656d5f03d9c21297660213ebf3cebca4512a7c358002ade	complete_equivariant_source_type:115bcd35664a4105142260f008c850dca02974a6a90a1820c69f3d8756b09b52 | complete_equivariant_source_type:83dc345736b6c19de656d5f03d9c21297660213ebf3cebca4512a7c358002ade	CENSUS_LEVEL	"{""414"":""CENSUS_LEVEL"",""420"":""CENSUS_LEVEL""}"	research_outputs/hodgecy_ii/complete_fidelity_pairs_and_sets.tsv	"{""historical_census_schema"":""hodgecy_ii_complete_fidelity_census_historical.v1"",""historical_census_source"":""research_outputs/hodgecy_ii/complete_fidelity_pairs_and_sets.tsv"",""historical_set_id"":""D0051""}"	same integral source type but different equivariant/symmetry type	REPRODUCED	"{""category"":""INTEGRAL COLLAPSE / EQUIVARIANT SEPARATION"",""first_separating_level"":""equivariant_source"",""shared_levels"":[""integral_source""]}"	"{""category_reproduced"":true,""classification_source"":""historical_complete_fidelity_tsv_reingested_by_v1"",""first_separating_level_reproduced"":true,""member_validation_status"":{""414"":""CENSUS_LEVEL"",""420"":""CENSUS_LEVEL""},""membership_reproduced"":true,""shared_levels_reproduced"":true,""source_recomputation_scope"":""current_v1_reuses_frozen_historical_456_record_census; no fresh mining pass""}"	hodgecy_ii_complete_fidelity:D0051	fidelity_census_reconciled:D0051
D0052	421 | 427 | 433 | 434 | 435 | 436	421 / 427 / 433 / 434 / 435 / 436	6	larger_set	INTEGRAL COLLAPSE / EQUIVARIANT SEPARATION	INTEGRAL COLLAPSE / EQUIVARIANT SEPARATION	integral_source	equivariant_source	equivariant/symmetry type	p3=0;p4_0=0;p4_1=0;p5_0=0;p5_1=0;p5_2=0;l3=0	UNKNOWN_HODGE	UNKNOWN_HODGE	complete_rational_source_type:60b5f5dba59a4cb2af62396dbfabedd0faa022138ef42c8803221498c19963c0	complete_rational_source_type:60b5f5dba59a4cb2af62396dbfabedd0faa022138ef42c8803221498c19963c0	complete_integral_source_type:ae69f131fa2b73f4b4ccb05185653658bc792ee48e0f6c5d0fa9054d57999d2d	complete_integral_source_type:ae69f131fa2b73f4b4ccb05185653658bc792ee48e0f6c5d0fa9054d57999d2d	complete_torsion_type:e5f7425da8d8a3867acbc1dcc55f387093f61229d05c7cc3dc795123a3fd8108	complete_torsion_type:e5f7425da8d8a3867acbc1dcc55f387093f61229d05c7cc3dc795123a3fd8108	complete_equivariant_source_type:1489e47b3334c97ea15a6a6cda86b154ca492db5cd0afcebc1c31c726730882d || complete_equivariant_source_type:1b3f5e6ea3d388de7123e6ac75f5b85bd14cb860cc58a335b9cad1788114b79a || complete_equivariant_source_type:4e73a9275bea778dd12f058ec8b8a5540cac7559b9708e0ce3b9fba49a93e234 || complete_equivariant_source_type:6b656d50a39e0f334fdea000180231364b68e669110010b2aca7248652482a93 || complete_equivariant_source_type:740bca40ef6c7bec1e54e8182f9ba9b6ef0ffbf7d1883cf6405d8b8fc5e32945 || complete_equivariant_source_type:fc668a4f04cb276453a175cdd4a57532c7f7a9ef90ed2042ba74dedbc9f5e97f	complete_equivariant_source_type:1489e47b3334c97ea15a6a6cda86b154ca492db5cd0afcebc1c31c726730882d | complete_equivariant_source_type:1b3f5e6ea3d388de7123e6ac75f5b85bd14cb860cc58a335b9cad1788114b79a | complete_equivariant_source_type:4e73a9275bea778dd12f058ec8b8a5540cac7559b9708e0ce3b9fba49a93e234 | complete_equivariant_source_type:6b656d50a39e0f334fdea000180231364b68e669110010b2aca7248652482a93 | complete_equivariant_source_type:740bca40ef6c7bec1e54e8182f9ba9b6ef0ffbf7d1883cf6405d8b8fc5e32945 | complete_equivariant_source_type:fc668a4f04cb276453a175cdd4a57532c7f7a9ef90ed2042ba74dedbc9f5e97f	CENSUS_LEVEL	"{""421"":""CENSUS_LEVEL"",""427"":""CENSUS_LEVEL"",""433"":""CENSUS_LEVEL"",""434"":""CENSUS_LEVEL"",""435"":""CENSUS_LEVEL"",""436"":""CENSUS_LEVEL""}"	research_outputs/hodgecy_ii/complete_fidelity_pairs_and_sets.tsv	"{""historical_census_schema"":""hodgecy_ii_complete_fidelity_census_historical.v1"",""historical_census_source"":""research_outputs/hodgecy_ii/complete_fidelity_pairs_and_sets.tsv"",""historical_set_id"":""D0052""}"	same integral source type but different equivariant/symmetry type	REPRODUCED	"{""category"":""INTEGRAL COLLAPSE / EQUIVARIANT SEPARATION"",""first_separating_level"":""equivariant_source"",""shared_levels"":[""integral_source""]}"	"{""category_reproduced"":true,""classification_source"":""historical_complete_fidelity_tsv_reingested_by_v1"",""first_separating_level_reproduced"":true,""member_validation_status"":{""421"":""CENSUS_LEVEL"",""427"":""CENSUS_LEVEL"",""433"":""CENSUS_LEVEL"",""434"":""CENSUS_LEVEL"",""435"":""CENSUS_LEVEL"",""436"":""CENSUS_LEVEL""},""membership_reproduced"":true,""shared_levels_reproduced"":true,""source_recomputation_scope"":""current_v1_reuses_frozen_historical_456_record_census; no fresh mining pass""}"	hodgecy_ii_complete_fidelity:D0052	fidelity_census_reconciled:D0052
D0053	422 | 423 | 424 | 426 | 428 | 430 | 431 | 432	422 / 423 / 424 / 426 / 428 / 430 / 431 / 432	8	larger_set	INTEGRAL COLLAPSE / EQUIVARIANT SEPARATION	INTEGRAL COLLAPSE / EQUIVARIANT SEPARATION	integral_source	equivariant_source	equivariant/symmetry type	p3=0;p4_0=0;p4_1=0;p5_0=0;p5_1=0;p5_2=0;l3=0	UNKNOWN_HODGE	UNKNOWN_HODGE	complete_rational_source_type:60b5f5dba59a4cb2af62396dbfabedd0faa022138ef42c8803221498c19963c0	complete_rational_source_type:60b5f5dba59a4cb2af62396dbfabedd0faa022138ef42c8803221498c19963c0	complete_integral_source_type:ba910a281f35f13d0f27ec81b70dc12e6654394fe89242e3d96eab1b487c9d3c	complete_integral_source_type:ba910a281f35f13d0f27ec81b70dc12e6654394fe89242e3d96eab1b487c9d3c	complete_torsion_type:a9d9ac9be51e6829e007864ff6edd38ceabc919a2787b7d3b7ddec57b482a6c3	complete_torsion_type:a9d9ac9be51e6829e007864ff6edd38ceabc919a2787b7d3b7ddec57b482a6c3	complete_equivariant_source_type:0e4cf54c81f976d3821f6744d5ecc11b8d5a8e28e3b5fe11f448e64f664151d5 || complete_equivariant_source_type:0ed8eb96eb6d928574bc986f7aad73f043be687e3b528a2c22bf51364ff68a34 || complete_equivariant_source_type:2166411a4f09b483330d4ef6e6f15b0b12737cbc552b9e614890a8426abb679a || complete_equivariant_source_type:2bc1b320c627af410dc59b7b1d679138b02c27b31a1d1b3bdc5512398185cbab || complete_equivariant_source_type:3879de5157760e09237eaa790242894e74c81d90add2f28579598afd90362a12 || complete_equivariant_source_type:673457d99d63b82914b2b2686a9cf8db0b96fe2b9011a455a89a33bb351127e3 || complete_equivariant_source_type:a9de4bba4e1b76f439b4db24a27188f3493e7fdc40b794a562ef9229fc72f222 || complete_equivariant_source_type:bfd409faa03975113eaf17aaaf9e4ef853e7d4ab5d5eb9ef4cbd563998cac92a	complete_equivariant_source_type:0e4cf54c81f976d3821f6744d5ecc11b8d5a8e28e3b5fe11f448e64f664151d5 | complete_equivariant_source_type:0ed8eb96eb6d928574bc986f7aad73f043be687e3b528a2c22bf51364ff68a34 | complete_equivariant_source_type:2166411a4f09b483330d4ef6e6f15b0b12737cbc552b9e614890a8426abb679a | complete_equivariant_source_type:2bc1b320c627af410dc59b7b1d679138b02c27b31a1d1b3bdc5512398185cbab | complete_equivariant_source_type:3879de5157760e09237eaa790242894e74c81d90add2f28579598afd90362a12 | complete_equivariant_source_type:673457d99d63b82914b2b2686a9cf8db0b96fe2b9011a455a89a33bb351127e3 | complete_equivariant_source_type:a9de4bba4e1b76f439b4db24a27188f3493e7fdc40b794a562ef9229fc72f222 | complete_equivariant_source_type:bfd409faa03975113eaf17aaaf9e4ef853e7d4ab5d5eb9ef4cbd563998cac92a	CENSUS_LEVEL	"{""422"":""CENSUS_LEVEL"",""423"":""CENSUS_LEVEL"",""424"":""CENSUS_LEVEL"",""426"":""CENSUS_LEVEL"",""428"":""CENSUS_LEVEL"",""430"":""CENSUS_LEVEL"",""431"":""CENSUS_LEVEL"",""432"":""CENSUS_LEVEL""}"	research_outputs/hodgecy_ii/complete_fidelity_pairs_and_sets.tsv	"{""historical_census_schema"":""hodgecy_ii_complete_fidelity_census_historical.v1"",""historical_census_source"":""research_outputs/hodgecy_ii/complete_fidelity_pairs_and_sets.tsv"",""historical_set_id"":""D0053""}"	same integral source type but different equivariant/symmetry type	REPRODUCED	"{""category"":""INTEGRAL COLLAPSE / EQUIVARIANT SEPARATION"",""first_separating_level"":""equivariant_source"",""shared_levels"":[""integral_source""]}"	"{""category_reproduced"":true,""classification_source"":""historical_complete_fidelity_tsv_reingested_by_v1"",""first_separating_level_reproduced"":true,""member_validation_status"":{""422"":""CENSUS_LEVEL"",""423"":""CENSUS_LEVEL"",""424"":""CENSUS_LEVEL"",""426"":""CENSUS_LEVEL"",""428"":""CENSUS_LEVEL"",""430"":""CENSUS_LEVEL"",""431"":""CENSUS_LEVEL"",""432"":""CENSUS_LEVEL""},""membership_reproduced"":true,""shared_levels_reproduced"":true,""source_recomputation_scope"":""current_v1_reuses_frozen_historical_456_record_census; no fresh mining pass""}"	hodgecy_ii_complete_fidelity:D0053	fidelity_census_reconciled:D0053
D0054	425 | 429	425 / 429	2	pair	INTEGRAL COLLAPSE / EQUIVARIANT SEPARATION	INTEGRAL COLLAPSE / EQUIVARIANT SEPARATION	integral_source	equivariant_source	equivariant/symmetry type	p3=0;p4_0=0;p4_1=0;p5_0=0;p5_1=0;p5_2=0;l3=0	UNKNOWN_HODGE	UNKNOWN_HODGE	complete_rational_source_type:60b5f5dba59a4cb2af62396dbfabedd0faa022138ef42c8803221498c19963c0	complete_rational_source_type:60b5f5dba59a4cb2af62396dbfabedd0faa022138ef42c8803221498c19963c0	complete_integral_source_type:9255c67064d3f22bd4389ff1ac2996c179511693fa19cb3c0ddc3566d2ac1911	complete_integral_source_type:9255c67064d3f22bd4389ff1ac2996c179511693fa19cb3c0ddc3566d2ac1911	complete_torsion_type:52318fa651429e353c2d8ef84cdd8bd6add5665dfcbee6561a6dee8e26419264	complete_torsion_type:52318fa651429e353c2d8ef84cdd8bd6add5665dfcbee6561a6dee8e26419264	complete_equivariant_source_type:cf7dcb828813fcc93f444886692e64783fbaba3866b08e0b4e61c52e4c76ca75 || complete_equivariant_source_type:d8957175065f33361c946c8563038200c9cc272e8f0bdc161834949b3bc2a802	complete_equivariant_source_type:cf7dcb828813fcc93f444886692e64783fbaba3866b08e0b4e61c52e4c76ca75 | complete_equivariant_source_type:d8957175065f33361c946c8563038200c9cc272e8f0bdc161834949b3bc2a802	CENSUS_LEVEL	"{""425"":""CENSUS_LEVEL"",""429"":""CENSUS_LEVEL""}"	research_outputs/hodgecy_ii/complete_fidelity_pairs_and_sets.tsv	"{""historical_census_schema"":""hodgecy_ii_complete_fidelity_census_historical.v1"",""historical_census_source"":""research_outputs/hodgecy_ii/complete_fidelity_pairs_and_sets.tsv"",""historical_set_id"":""D0054""}"	same integral source type but different equivariant/symmetry type	REPRODUCED	"{""category"":""INTEGRAL COLLAPSE / EQUIVARIANT SEPARATION"",""first_separating_level"":""equivariant_source"",""shared_levels"":[""integral_source""]}"	"{""category_reproduced"":true,""classification_source"":""historical_complete_fidelity_tsv_reingested_by_v1"",""first_separating_level_reproduced"":true,""member_validation_status"":{""425"":""CENSUS_LEVEL"",""429"":""CENSUS_LEVEL""},""membership_reproduced"":true,""shared_levels_reproduced"":true,""source_recomputation_scope"":""current_v1_reuses_frozen_historical_456_record_census; no fresh mining pass""}"	hodgecy_ii_complete_fidelity:D0054	fidelity_census_reconciled:D0054
D0055	439 | 441 | 442 | 443	439 / 441 / 442 / 443	4	larger_set	INTEGRAL COLLAPSE / EQUIVARIANT SEPARATION	INTEGRAL COLLAPSE / EQUIVARIANT SEPARATION	integral_source	equivariant_source	equivariant/symmetry type	p3=0;p4_0=0;p4_1=0;p5_0=0;p5_1=0;p5_2=0;l3=0	UNKNOWN_HODGE	UNKNOWN_HODGE	complete_rational_source_type:dcf7e5830f9559a83e5526e12966ba7b3cff4b3646b2c6f08921086d0080ecea	complete_rational_source_type:dcf7e5830f9559a83e5526e12966ba7b3cff4b3646b2c6f08921086d0080ecea	complete_integral_source_type:4b40eeb8238a19fd54d16ecef8dea4593bdc58858ece5ef7ffbea52edcad6609	complete_integral_source_type:4b40eeb8238a19fd54d16ecef8dea4593bdc58858ece5ef7ffbea52edcad6609	complete_torsion_type:e5f7425da8d8a3867acbc1dcc55f387093f61229d05c7cc3dc795123a3fd8108	complete_torsion_type:e5f7425da8d8a3867acbc1dcc55f387093f61229d05c7cc3dc795123a3fd8108	complete_equivariant_source_type:0cf5f2229f001a07513209b0a14f29f1270e8b95531fba8667cf25aded8f2557 || complete_equivariant_source_type:89af8da1c1ecdea39bb19a82b2d64ea82d200c6848588e7e745ade8ac44630c4 || complete_equivariant_source_type:98a22a36724845fed405c47410ec8265646c2b30996985b02ff60730d317bd71 || complete_equivariant_source_type:c6e70aa1a2c9bd3a2fb475c69ee28e442ee5c478b0611ab6c7c21cf9813248ed	complete_equivariant_source_type:0cf5f2229f001a07513209b0a14f29f1270e8b95531fba8667cf25aded8f2557 | complete_equivariant_source_type:89af8da1c1ecdea39bb19a82b2d64ea82d200c6848588e7e745ade8ac44630c4 | complete_equivariant_source_type:98a22a36724845fed405c47410ec8265646c2b30996985b02ff60730d317bd71 | complete_equivariant_source_type:c6e70aa1a2c9bd3a2fb475c69ee28e442ee5c478b0611ab6c7c21cf9813248ed	CENSUS_LEVEL	"{""439"":""CENSUS_LEVEL"",""441"":""CENSUS_LEVEL"",""442"":""CENSUS_LEVEL"",""443"":""CENSUS_LEVEL""}"	research_outputs/hodgecy_ii/complete_fidelity_pairs_and_sets.tsv	"{""historical_census_schema"":""hodgecy_ii_complete_fidelity_census_historical.v1"",""historical_census_source"":""research_outputs/hodgecy_ii/complete_fidelity_pairs_and_sets.tsv"",""historical_set_id"":""D0055""}"	same integral source type but different equivariant/symmetry type	REPRODUCED	"{""category"":""INTEGRAL COLLAPSE / EQUIVARIANT SEPARATION"",""first_separating_level"":""equivariant_source"",""shared_levels"":[""integral_source""]}"	"{""category_reproduced"":true,""classification_source"":""historical_complete_fidelity_tsv_reingested_by_v1"",""first_separating_level_reproduced"":true,""member_validation_status"":{""439"":""CENSUS_LEVEL"",""441"":""CENSUS_LEVEL"",""442"":""CENSUS_LEVEL"",""443"":""CENSUS_LEVEL""},""membership_reproduced"":true,""shared_levels_reproduced"":true,""source_recomputation_scope"":""current_v1_reuses_frozen_historical_456_record_census; no fresh mining pass""}"	hodgecy_ii_complete_fidelity:D0055	fidelity_census_reconciled:D0055
D0056	444 | 445	444 / 445	2	pair	INTEGRAL COLLAPSE / EQUIVARIANT SEPARATION	INTEGRAL COLLAPSE / EQUIVARIANT SEPARATION	integral_source	equivariant_source	equivariant/symmetry type	p3=0;p4_0=0;p4_1=0;p5_0=0;p5_1=0;p5_2=0;l3=0	UNKNOWN_HODGE	UNKNOWN_HODGE	complete_rational_source_type:dcf7e5830f9559a83e5526e12966ba7b3cff4b3646b2c6f08921086d0080ecea	complete_rational_source_type:dcf7e5830f9559a83e5526e12966ba7b3cff4b3646b2c6f08921086d0080ecea	complete_integral_source_type:816bfee7d3736d14b7f775a9992f73ea1c032c41b311482793355b71d34020a8	complete_integral_source_type:816bfee7d3736d14b7f775a9992f73ea1c032c41b311482793355b71d34020a8	complete_torsion_type:63a31d49c910223d0cd94724cb98bb1bfe5fc67fea0ceb14c11e54fcc7177462	complete_torsion_type:63a31d49c910223d0cd94724cb98bb1bfe5fc67fea0ceb14c11e54fcc7177462	complete_equivariant_source_type:692b5086c02a44b56b0eaf81f2907ca19655afbb7b5abd134fb1d77410d82679 || complete_equivariant_source_type:c8aba23641a5688219611dd1beb0a67ee0c72eb27082be5b3c1b179d48264001	complete_equivariant_source_type:692b5086c02a44b56b0eaf81f2907ca19655afbb7b5abd134fb1d77410d82679 | complete_equivariant_source_type:c8aba23641a5688219611dd1beb0a67ee0c72eb27082be5b3c1b179d48264001	CENSUS_LEVEL	"{""444"":""CENSUS_LEVEL"",""445"":""CENSUS_LEVEL""}"	research_outputs/hodgecy_ii/complete_fidelity_pairs_and_sets.tsv	"{""historical_census_schema"":""hodgecy_ii_complete_fidelity_census_historical.v1"",""historical_census_source"":""research_outputs/hodgecy_ii/complete_fidelity_pairs_and_sets.tsv"",""historical_set_id"":""D0056""}"	same integral source type but different equivariant/symmetry type	REPRODUCED	"{""category"":""INTEGRAL COLLAPSE / EQUIVARIANT SEPARATION"",""first_separating_level"":""equivariant_source"",""shared_levels"":[""integral_source""]}"	"{""category_reproduced"":true,""classification_source"":""historical_complete_fidelity_tsv_reingested_by_v1"",""first_separating_level_reproduced"":true,""member_validation_status"":{""444"":""CENSUS_LEVEL"",""445"":""CENSUS_LEVEL""},""membership_reproduced"":true,""shared_levels_reproduced"":true,""source_recomputation_scope"":""current_v1_reuses_frozen_historical_456_record_census; no fresh mining pass""}"	hodgecy_ii_complete_fidelity:D0056	fidelity_census_reconciled:D0056
D0057	446 | 447	446 / 447	2	pair	INTEGRAL COLLAPSE / EQUIVARIANT SEPARATION	INTEGRAL COLLAPSE / EQUIVARIANT SEPARATION	integral_source	equivariant_source	equivariant/symmetry type	p3=0;p4_0=0;p4_1=0;p5_0=0;p5_1=0;p5_2=0;l3=0	UNKNOWN_HODGE	UNKNOWN_HODGE	complete_rational_source_type:8b7f706aec851f1ebfd3692bb79ad49ffa220817cd1d07e9de53394bcbf7fef2	complete_rational_source_type:8b7f706aec851f1ebfd3692bb79ad49ffa220817cd1d07e9de53394bcbf7fef2	complete_integral_source_type:009a549e6ba7c6923d6de5515060fc14ee04ade0182bac458c6fb6f44c65fc55	complete_integral_source_type:009a549e6ba7c6923d6de5515060fc14ee04ade0182bac458c6fb6f44c65fc55	complete_torsion_type:63a31d49c910223d0cd94724cb98bb1bfe5fc67fea0ceb14c11e54fcc7177462	complete_torsion_type:63a31d49c910223d0cd94724cb98bb1bfe5fc67fea0ceb14c11e54fcc7177462	complete_equivariant_source_type:f53a4b70d0e7a9fd2ed94a24e6280d0b51fecbb9739dd04b019041b4b05be00e || complete_equivariant_source_type:fc9ae65ea4d3ef7ffd063ddcd91c7b33ab144c948e6d92329ab97e9e13764a3e	complete_equivariant_source_type:f53a4b70d0e7a9fd2ed94a24e6280d0b51fecbb9739dd04b019041b4b05be00e | complete_equivariant_source_type:fc9ae65ea4d3ef7ffd063ddcd91c7b33ab144c948e6d92329ab97e9e13764a3e	CENSUS_LEVEL	"{""446"":""CENSUS_LEVEL"",""447"":""CENSUS_LEVEL""}"	research_outputs/hodgecy_ii/complete_fidelity_pairs_and_sets.tsv	"{""historical_census_schema"":""hodgecy_ii_complete_fidelity_census_historical.v1"",""historical_census_source"":""research_outputs/hodgecy_ii/complete_fidelity_pairs_and_sets.tsv"",""historical_set_id"":""D0057""}"	same integral source type but different equivariant/symmetry type	REPRODUCED	"{""category"":""INTEGRAL COLLAPSE / EQUIVARIANT SEPARATION"",""first_separating_level"":""equivariant_source"",""shared_levels"":[""integral_source""]}"	"{""category_reproduced"":true,""classification_source"":""historical_complete_fidelity_tsv_reingested_by_v1"",""first_separating_level_reproduced"":true,""member_validation_status"":{""446"":""CENSUS_LEVEL"",""447"":""CENSUS_LEVEL""},""membership_reproduced"":true,""shared_levels_reproduced"":true,""source_recomputation_scope"":""current_v1_reuses_frozen_historical_456_record_census; no fresh mining pass""}"	hodgecy_ii_complete_fidelity:D0057	fidelity_census_reconciled:D0057
E0001	102 | 109	102 / 109	2	pair	RECURRENT SOURCE TYPES	RECURRENT SOURCE TYPES	rational_source | integral_source		none among computed invariants	p3=0;p4_0=0;p4_1=0;p5_0=0;p5_1=0;p5_2=0;l3=0	UNKNOWN_HODGE	UNKNOWN_HODGE	complete_rational_source_type:4d298803b23f63509e715d46ad15b111865629518b16ec162af2b293d10df691	complete_rational_source_type:4d298803b23f63509e715d46ad15b111865629518b16ec162af2b293d10df691	complete_integral_source_type:e2877c44fb70251a1e89625e8883dbba52ee8b1359a2a9e0b2b1ec373a3c56af	complete_integral_source_type:e2877c44fb70251a1e89625e8883dbba52ee8b1359a2a9e0b2b1ec373a3c56af	complete_torsion_type:2a803bb7328bc91f1a629db108cd9cdb10db7a1e0d6404050d4df627c8c6b3b9	complete_torsion_type:2a803bb7328bc91f1a629db108cd9cdb10db7a1e0d6404050d4df627c8c6b3b9	complete_equivariant_source_type:5e7919c37533ab4f9fd5550cdabc5ea5cfe74570128f2c5389de7d855ada2494	complete_equivariant_source_type:5e7919c37533ab4f9fd5550cdabc5ea5cfe74570128f2c5389de7d855ada2494	CENSUS_LEVEL	"{""102"":""CENSUS_LEVEL"",""109"":""CENSUS_LEVEL""}"	research_outputs/hodgecy_ii/complete_fidelity_pairs_and_sets.tsv	"{""historical_census_schema"":""hodgecy_ii_complete_fidelity_census_historical.v1"",""historical_census_source"":""research_outputs/hodgecy_ii/complete_fidelity_pairs_and_sets.tsv"",""historical_set_id"":""E0001""}"	recurrent full source-assembly type: rational, integral, torsion, and equivariant types all coincide	REPRODUCED	"{""category"":""RECURRENT SOURCE TYPES"",""first_separating_level"":null,""shared_levels"":[""rational_source"",""integral_source""]}"	"{""category_reproduced"":true,""classification_source"":""historical_complete_fidelity_tsv_reingested_by_v1"",""first_separating_level_reproduced"":true,""member_validation_status"":{""102"":""CENSUS_LEVEL"",""109"":""CENSUS_LEVEL""},""membership_reproduced"":true,""shared_levels_reproduced"":true,""source_recomputation_scope"":""current_v1_reuses_frozen_historical_456_record_census; no fresh mining pass""}"	hodgecy_ii_complete_fidelity:E0001	fidelity_census_reconciled:E0001
E0002	120 | 128	120 / 128	2	pair	RECURRENT SOURCE TYPES	RECURRENT SOURCE TYPES	rational_source | integral_source		none among computed invariants	p3=0;p4_0=0;p4_1=0;p5_0=0;p5_1=0;p5_2=0;l3=0	UNKNOWN_HODGE	UNKNOWN_HODGE	complete_rational_source_type:29fbc49db3aafe8ebb1f7ab4778bdc595d09162c827b473ddf33ec50a1ef66ba	complete_rational_source_type:29fbc49db3aafe8ebb1f7ab4778bdc595d09162c827b473ddf33ec50a1ef66ba	complete_integral_source_type:e9cae005db1cdba203339afd1db2867b94fabe23985baaaeae9e294b00ad1d1c	complete_integral_source_type:e9cae005db1cdba203339afd1db2867b94fabe23985baaaeae9e294b00ad1d1c	complete_torsion_type:45dde3243c2d6fcefe746b22b43e9e13b2116896a545a8e32311542d0a433b33	complete_torsion_type:45dde3243c2d6fcefe746b22b43e9e13b2116896a545a8e32311542d0a433b33	complete_equivariant_source_type:fa5cab98abddf17e88c3e681a05e8fd5ebf45f607a71c432b799ac7bc90d67a5	complete_equivariant_source_type:fa5cab98abddf17e88c3e681a05e8fd5ebf45f607a71c432b799ac7bc90d67a5	CENSUS_LEVEL	"{""120"":""CENSUS_LEVEL"",""128"":""CENSUS_LEVEL""}"	research_outputs/hodgecy_ii/complete_fidelity_pairs_and_sets.tsv	"{""historical_census_schema"":""hodgecy_ii_complete_fidelity_census_historical.v1"",""historical_census_source"":""research_outputs/hodgecy_ii/complete_fidelity_pairs_and_sets.tsv"",""historical_set_id"":""E0002""}"	recurrent full source-assembly type: rational, integral, torsion, and equivariant types all coincide	REPRODUCED	"{""category"":""RECURRENT SOURCE TYPES"",""first_separating_level"":null,""shared_levels"":[""rational_source"",""integral_source""]}"	"{""category_reproduced"":true,""classification_source"":""historical_complete_fidelity_tsv_reingested_by_v1"",""first_separating_level_reproduced"":true,""member_validation_status"":{""120"":""CENSUS_LEVEL"",""128"":""CENSUS_LEVEL""},""membership_reproduced"":true,""shared_levels_reproduced"":true,""source_recomputation_scope"":""current_v1_reuses_frozen_historical_456_record_census; no fresh mining pass""}"	hodgecy_ii_complete_fidelity:E0002	fidelity_census_reconciled:E0002
E0003	121 | 130	121 / 130	2	pair	RECURRENT SOURCE TYPES	RECURRENT SOURCE TYPES	rational_source | integral_source		none among computed invariants	p3=0;p4_0=0;p4_1=0;p5_0=0;p5_1=0;p5_2=0;l3=0	UNKNOWN_HODGE	UNKNOWN_HODGE	complete_rational_source_type:29fbc49db3aafe8ebb1f7ab4778bdc595d09162c827b473ddf33ec50a1ef66ba	complete_rational_source_type:29fbc49db3aafe8ebb1f7ab4778bdc595d09162c827b473ddf33ec50a1ef66ba	complete_integral_source_type:9cdafb5fedacc7466f1b890c3e0d363fea8eaea91e3cf6c4c55c74c0c16ca0c0	complete_integral_source_type:9cdafb5fedacc7466f1b890c3e0d363fea8eaea91e3cf6c4c55c74c0c16ca0c0	complete_torsion_type:2a803bb7328bc91f1a629db108cd9cdb10db7a1e0d6404050d4df627c8c6b3b9	complete_torsion_type:2a803bb7328bc91f1a629db108cd9cdb10db7a1e0d6404050d4df627c8c6b3b9	complete_equivariant_source_type:bb458144542b12716518cd8040232571e006ec98f1300ceb350b2b1e739fd611	complete_equivariant_source_type:bb458144542b12716518cd8040232571e006ec98f1300ceb350b2b1e739fd611	CENSUS_LEVEL	"{""121"":""CENSUS_LEVEL"",""130"":""CENSUS_LEVEL""}"	research_outputs/hodgecy_ii/complete_fidelity_pairs_and_sets.tsv	"{""historical_census_schema"":""hodgecy_ii_complete_fidelity_census_historical.v1"",""historical_census_source"":""research_outputs/hodgecy_ii/complete_fidelity_pairs_and_sets.tsv"",""historical_set_id"":""E0003""}"	recurrent full source-assembly type: rational, integral, torsion, and equivariant types all coincide	REPRODUCED	"{""category"":""RECURRENT SOURCE TYPES"",""first_separating_level"":null,""shared_levels"":[""rational_source"",""integral_source""]}"	"{""category_reproduced"":true,""classification_source"":""historical_complete_fidelity_tsv_reingested_by_v1"",""first_separating_level_reproduced"":true,""member_validation_status"":{""121"":""CENSUS_LEVEL"",""130"":""CENSUS_LEVEL""},""membership_reproduced"":true,""shared_levels_reproduced"":true,""source_recomputation_scope"":""current_v1_reuses_frozen_historical_456_record_census; no fresh mining pass""}"	hodgecy_ii_complete_fidelity:E0003	fidelity_census_reconciled:E0003
E0004	162 | 164	162 / 164	2	pair	RECURRENT SOURCE TYPES	RECURRENT SOURCE TYPES	rational_source | integral_source		none among computed invariants	p3=0;p4_0=0;p4_1=0;p5_0=0;p5_1=0;p5_2=0;l3=0	UNKNOWN_HODGE	UNKNOWN_HODGE	complete_rational_source_type:3c37e14bd1820e986d9fe8bfb2aa9559624aeea3bae7ae06a92c612b17372a4c	complete_rational_source_type:3c37e14bd1820e986d9fe8bfb2aa9559624aeea3bae7ae06a92c612b17372a4c	complete_integral_source_type:5e7790e81b2912e155cb40cb635e2281e66d393e2dce1f8f4cdba0f189aa7766	complete_integral_source_type:5e7790e81b2912e155cb40cb635e2281e66d393e2dce1f8f4cdba0f189aa7766	complete_torsion_type:4362ae31c529541fcd5a0883ed350fe08dbd3113b21df30ed74574e37808e359	complete_torsion_type:4362ae31c529541fcd5a0883ed350fe08dbd3113b21df30ed74574e37808e359	complete_equivariant_source_type:2c027b22d88c09c835a7e999441093aa0861e0669bf847c6711d16f6334a1f3d	complete_equivariant_source_type:2c027b22d88c09c835a7e999441093aa0861e0669bf847c6711d16f6334a1f3d	CENSUS_LEVEL	"{""162"":""CENSUS_LEVEL"",""164"":""CENSUS_LEVEL""}"	research_outputs/hodgecy_ii/complete_fidelity_pairs_and_sets.tsv	"{""historical_census_schema"":""hodgecy_ii_complete_fidelity_census_historical.v1"",""historical_census_source"":""research_outputs/hodgecy_ii/complete_fidelity_pairs_and_sets.tsv"",""historical_set_id"":""E0004""}"	recurrent full source-assembly type: rational, integral, torsion, and equivariant types all coincide	REPRODUCED	"{""category"":""RECURRENT SOURCE TYPES"",""first_separating_level"":null,""shared_levels"":[""rational_source"",""integral_source""]}"	"{""category_reproduced"":true,""classification_source"":""historical_complete_fidelity_tsv_reingested_by_v1"",""first_separating_level_reproduced"":true,""member_validation_status"":{""162"":""CENSUS_LEVEL"",""164"":""CENSUS_LEVEL""},""membership_reproduced"":true,""shared_levels_reproduced"":true,""source_recomputation_scope"":""current_v1_reuses_frozen_historical_456_record_census; no fresh mining pass""}"	hodgecy_ii_complete_fidelity:E0004	fidelity_census_reconciled:E0004
E0005	165 | 175	165 / 175	2	pair	RECURRENT SOURCE TYPES	RECURRENT SOURCE TYPES	rational_source | integral_source		none among computed invariants	p3=0;p4_0=0;p4_1=0;p5_0=0;p5_1=0;p5_2=0;l3=0	UNKNOWN_HODGE	UNKNOWN_HODGE	complete_rational_source_type:0b82234dfd7ea43e6b21de680a78976a05bbade203719e2d0b6114a82a798fc8	complete_rational_source_type:0b82234dfd7ea43e6b21de680a78976a05bbade203719e2d0b6114a82a798fc8	complete_integral_source_type:7de2eedfd341d8b3ec5d15f578de1350391b204e2e070abec780121289065951	complete_integral_source_type:7de2eedfd341d8b3ec5d15f578de1350391b204e2e070abec780121289065951	complete_torsion_type:4362ae31c529541fcd5a0883ed350fe08dbd3113b21df30ed74574e37808e359	complete_torsion_type:4362ae31c529541fcd5a0883ed350fe08dbd3113b21df30ed74574e37808e359	complete_equivariant_source_type:b8570e592329615888e5995aa69bffcf641ed97fd8a06e754c96fe6528dd30a6	complete_equivariant_source_type:b8570e592329615888e5995aa69bffcf641ed97fd8a06e754c96fe6528dd30a6	CENSUS_LEVEL	"{""165"":""CENSUS_LEVEL"",""175"":""CENSUS_LEVEL""}"	research_outputs/hodgecy_ii/complete_fidelity_pairs_and_sets.tsv	"{""historical_census_schema"":""hodgecy_ii_complete_fidelity_census_historical.v1"",""historical_census_source"":""research_outputs/hodgecy_ii/complete_fidelity_pairs_and_sets.tsv"",""historical_set_id"":""E0005""}"	recurrent full source-assembly type: rational, integral, torsion, and equivariant types all coincide	REPRODUCED	"{""category"":""RECURRENT SOURCE TYPES"",""first_separating_level"":null,""shared_levels"":[""rational_source"",""integral_source""]}"	"{""category_reproduced"":true,""classification_source"":""historical_complete_fidelity_tsv_reingested_by_v1"",""first_separating_level_reproduced"":true,""member_validation_status"":{""165"":""CENSUS_LEVEL"",""175"":""CENSUS_LEVEL""},""membership_reproduced"":true,""shared_levels_reproduced"":true,""source_recomputation_scope"":""current_v1_reuses_frozen_historical_456_record_census; no fresh mining pass""}"	hodgecy_ii_complete_fidelity:E0005	fidelity_census_reconciled:E0005
E0006	170 | 172	170 / 172	2	pair	RECURRENT SOURCE TYPES	RECURRENT SOURCE TYPES	rational_source | integral_source		none among computed invariants	p3=0;p4_0=0;p4_1=0;p5_0=0;p5_1=0;p5_2=0;l3=0	UNKNOWN_HODGE	UNKNOWN_HODGE	complete_rational_source_type:0b82234dfd7ea43e6b21de680a78976a05bbade203719e2d0b6114a82a798fc8	complete_rational_source_type:0b82234dfd7ea43e6b21de680a78976a05bbade203719e2d0b6114a82a798fc8	complete_integral_source_type:7de2eedfd341d8b3ec5d15f578de1350391b204e2e070abec780121289065951	complete_integral_source_type:7de2eedfd341d8b3ec5d15f578de1350391b204e2e070abec780121289065951	complete_torsion_type:4362ae31c529541fcd5a0883ed350fe08dbd3113b21df30ed74574e37808e359	complete_torsion_type:4362ae31c529541fcd5a0883ed350fe08dbd3113b21df30ed74574e37808e359	complete_equivariant_source_type:1317152eefd59df7cd7b72ad62c5b091dd3104da3d192a77cc539e3dd24c2108	complete_equivariant_source_type:1317152eefd59df7cd7b72ad62c5b091dd3104da3d192a77cc539e3dd24c2108	CENSUS_LEVEL	"{""170"":""CENSUS_LEVEL"",""172"":""CENSUS_LEVEL""}"	research_outputs/hodgecy_ii/complete_fidelity_pairs_and_sets.tsv	"{""historical_census_schema"":""hodgecy_ii_complete_fidelity_census_historical.v1"",""historical_census_source"":""research_outputs/hodgecy_ii/complete_fidelity_pairs_and_sets.tsv"",""historical_set_id"":""E0006""}"	recurrent full source-assembly type: rational, integral, torsion, and equivariant types all coincide	REPRODUCED	"{""category"":""RECURRENT SOURCE TYPES"",""first_separating_level"":null,""shared_levels"":[""rational_source"",""integral_source""]}"	"{""category_reproduced"":true,""classification_source"":""historical_complete_fidelity_tsv_reingested_by_v1"",""first_separating_level_reproduced"":true,""member_validation_status"":{""170"":""CENSUS_LEVEL"",""172"":""CENSUS_LEVEL""},""membership_reproduced"":true,""shared_levels_reproduced"":true,""source_recomputation_scope"":""current_v1_reuses_frozen_historical_456_record_census; no fresh mining pass""}"	hodgecy_ii_complete_fidelity:E0006	fidelity_census_reconciled:E0006
E0007	210 | 214	210 / 214	2	pair	RECURRENT SOURCE TYPES	RECURRENT SOURCE TYPES	rational_source | integral_source		none among computed invariants	p3=0;p4_0=0;p4_1=0;p5_0=0;p5_1=0;p5_2=0;l3=0	UNKNOWN_HODGE	UNKNOWN_HODGE	complete_rational_source_type:56bf2145cfed1de49e54e2470a65c86d37c6fdf4128bee5574a50ec865d66575	complete_rational_source_type:56bf2145cfed1de49e54e2470a65c86d37c6fdf4128bee5574a50ec865d66575	complete_integral_source_type:7887cef30428790876263f16a352ca87a8fd52232766689ebf5d336cac480e18	complete_integral_source_type:7887cef30428790876263f16a352ca87a8fd52232766689ebf5d336cac480e18	complete_torsion_type:1e349c64934a40d4eb9e32364447f999e35f9e2450575d523004c763d4b9c094	complete_torsion_type:1e349c64934a40d4eb9e32364447f999e35f9e2450575d523004c763d4b9c094	complete_equivariant_source_type:cf70c2ca8a5ea6547797904ecd6d4c4cebc1bf0a2c850a6a46ead78de697e221	complete_equivariant_source_type:cf70c2ca8a5ea6547797904ecd6d4c4cebc1bf0a2c850a6a46ead78de697e221	CENSUS_LEVEL	"{""210"":""CENSUS_LEVEL"",""214"":""CENSUS_LEVEL""}"	research_outputs/hodgecy_ii/complete_fidelity_pairs_and_sets.tsv	"{""historical_census_schema"":""hodgecy_ii_complete_fidelity_census_historical.v1"",""historical_census_source"":""research_outputs/hodgecy_ii/complete_fidelity_pairs_and_sets.tsv"",""historical_set_id"":""E0007""}"	recurrent full source-assembly type: rational, integral, torsion, and equivariant types all coincide	REPRODUCED	"{""category"":""RECURRENT SOURCE TYPES"",""first_separating_level"":null,""shared_levels"":[""rational_source"",""integral_source""]}"	"{""category_reproduced"":true,""classification_source"":""historical_complete_fidelity_tsv_reingested_by_v1"",""first_separating_level_reproduced"":true,""member_validation_status"":{""210"":""CENSUS_LEVEL"",""214"":""CENSUS_LEVEL""},""membership_reproduced"":true,""shared_levels_reproduced"":true,""source_recomputation_scope"":""current_v1_reuses_frozen_historical_456_record_census; no fresh mining pass""}"	hodgecy_ii_complete_fidelity:E0007	fidelity_census_reconciled:E0007
E0008	211 | 218	211 / 218	2	pair	RECURRENT SOURCE TYPES	RECURRENT SOURCE TYPES	rational_source | integral_source		none among computed invariants	p3=0;p4_0=0;p4_1=0;p5_0=0;p5_1=0;p5_2=0;l3=0	UNKNOWN_HODGE	UNKNOWN_HODGE	complete_rational_source_type:56bf2145cfed1de49e54e2470a65c86d37c6fdf4128bee5574a50ec865d66575	complete_rational_source_type:56bf2145cfed1de49e54e2470a65c86d37c6fdf4128bee5574a50ec865d66575	complete_integral_source_type:7887cef30428790876263f16a352ca87a8fd52232766689ebf5d336cac480e18	complete_integral_source_type:7887cef30428790876263f16a352ca87a8fd52232766689ebf5d336cac480e18	complete_torsion_type:1e349c64934a40d4eb9e32364447f999e35f9e2450575d523004c763d4b9c094	complete_torsion_type:1e349c64934a40d4eb9e32364447f999e35f9e2450575d523004c763d4b9c094	complete_equivariant_source_type:e4c5bcc5b08edc7bda47899bee69858034961e04f46b4f6a9d3e7cc5abf7b5eb	complete_equivariant_source_type:e4c5bcc5b08edc7bda47899bee69858034961e04f46b4f6a9d3e7cc5abf7b5eb	CENSUS_LEVEL	"{""211"":""CENSUS_LEVEL"",""218"":""CENSUS_LEVEL""}"	research_outputs/hodgecy_ii/complete_fidelity_pairs_and_sets.tsv	"{""historical_census_schema"":""hodgecy_ii_complete_fidelity_census_historical.v1"",""historical_census_source"":""research_outputs/hodgecy_ii/complete_fidelity_pairs_and_sets.tsv"",""historical_set_id"":""E0008""}"	recurrent full source-assembly type: rational, integral, torsion, and equivariant types all coincide	REPRODUCED	"{""category"":""RECURRENT SOURCE TYPES"",""first_separating_level"":null,""shared_levels"":[""rational_source"",""integral_source""]}"	"{""category_reproduced"":true,""classification_source"":""historical_complete_fidelity_tsv_reingested_by_v1"",""first_separating_level_reproduced"":true,""member_validation_status"":{""211"":""CENSUS_LEVEL"",""218"":""CENSUS_LEVEL""},""membership_reproduced"":true,""shared_levels_reproduced"":true,""source_recomputation_scope"":""current_v1_reuses_frozen_historical_456_record_census; no fresh mining pass""}"	hodgecy_ii_complete_fidelity:E0008	fidelity_census_reconciled:E0008
E0009	277 | 297	277 / 297	2	pair	RECURRENT SOURCE TYPES	RECURRENT SOURCE TYPES	rational_source | integral_source		none among computed invariants	p3=0;p4_0=0;p4_1=0;p5_0=0;p5_1=0;p5_2=0;l3=0	UNKNOWN_HODGE	UNKNOWN_HODGE	complete_rational_source_type:56bf2145cfed1de49e54e2470a65c86d37c6fdf4128bee5574a50ec865d66575	complete_rational_source_type:56bf2145cfed1de49e54e2470a65c86d37c6fdf4128bee5574a50ec865d66575	complete_integral_source_type:bfa9c5573d084f2ee50031dbbc12178e6635907e2f514c5f7f7d05360fd433d4	complete_integral_source_type:bfa9c5573d084f2ee50031dbbc12178e6635907e2f514c5f7f7d05360fd433d4	complete_torsion_type:cbb50465683cb8ff86f3cc34186c23aa5b9eaf0a73b417114bab927bf496709a	complete_torsion_type:cbb50465683cb8ff86f3cc34186c23aa5b9eaf0a73b417114bab927bf496709a	complete_equivariant_source_type:028418c41e09fa845ae17f1c36d48714ba6e189fca08c34473cec3d78259b53c	complete_equivariant_source_type:028418c41e09fa845ae17f1c36d48714ba6e189fca08c34473cec3d78259b53c	CENSUS_LEVEL	"{""277"":""CENSUS_LEVEL"",""297"":""CENSUS_LEVEL""}"	research_outputs/hodgecy_ii/complete_fidelity_pairs_and_sets.tsv	"{""historical_census_schema"":""hodgecy_ii_complete_fidelity_census_historical.v1"",""historical_census_source"":""research_outputs/hodgecy_ii/complete_fidelity_pairs_and_sets.tsv"",""historical_set_id"":""E0009""}"	recurrent full source-assembly type: rational, integral, torsion, and equivariant types all coincide	REPRODUCED	"{""category"":""RECURRENT SOURCE TYPES"",""first_separating_level"":null,""shared_levels"":[""rational_source"",""integral_source""]}"	"{""category_reproduced"":true,""classification_source"":""historical_complete_fidelity_tsv_reingested_by_v1"",""first_separating_level_reproduced"":true,""member_validation_status"":{""277"":""CENSUS_LEVEL"",""297"":""CENSUS_LEVEL""},""membership_reproduced"":true,""shared_levels_reproduced"":true,""source_recomputation_scope"":""current_v1_reuses_frozen_historical_456_record_census; no fresh mining pass""}"	hodgecy_ii_complete_fidelity:E0009	fidelity_census_reconciled:E0009
E0010	285 | 295	285 / 295	2	pair	RECURRENT SOURCE TYPES	RECURRENT SOURCE TYPES	rational_source | integral_source		none among computed invariants	p3=0;p4_0=0;p4_1=0;p5_0=0;p5_1=0;p5_2=0;l3=0	UNKNOWN_HODGE	UNKNOWN_HODGE	complete_rational_source_type:56bf2145cfed1de49e54e2470a65c86d37c6fdf4128bee5574a50ec865d66575	complete_rational_source_type:56bf2145cfed1de49e54e2470a65c86d37c6fdf4128bee5574a50ec865d66575	complete_integral_source_type:c321483b9a2ce2f59618473793351f9d0e2c5a7cd2b323bd59f4d2602ca1be09	complete_integral_source_type:c321483b9a2ce2f59618473793351f9d0e2c5a7cd2b323bd59f4d2602ca1be09	complete_torsion_type:eb2714cbaa3aa1ef1fd9c7342004d2fcd119a6d8dd71ba75034d8c1e3014a57e	complete_torsion_type:eb2714cbaa3aa1ef1fd9c7342004d2fcd119a6d8dd71ba75034d8c1e3014a57e	complete_equivariant_source_type:7b0236bd24a06508aebdf6d7213119fc87063bb075a144f7cbab904458357943	complete_equivariant_source_type:7b0236bd24a06508aebdf6d7213119fc87063bb075a144f7cbab904458357943	CENSUS_LEVEL	"{""285"":""CENSUS_LEVEL"",""295"":""CENSUS_LEVEL""}"	research_outputs/hodgecy_ii/complete_fidelity_pairs_and_sets.tsv	"{""historical_census_schema"":""hodgecy_ii_complete_fidelity_census_historical.v1"",""historical_census_source"":""research_outputs/hodgecy_ii/complete_fidelity_pairs_and_sets.tsv"",""historical_set_id"":""E0010""}"	recurrent full source-assembly type: rational, integral, torsion, and equivariant types all coincide	REPRODUCED	"{""category"":""RECURRENT SOURCE TYPES"",""first_separating_level"":null,""shared_levels"":[""rational_source"",""integral_source""]}"	"{""category_reproduced"":true,""classification_source"":""historical_complete_fidelity_tsv_reingested_by_v1"",""first_separating_level_reproduced"":true,""member_validation_status"":{""285"":""CENSUS_LEVEL"",""295"":""CENSUS_LEVEL""},""membership_reproduced"":true,""shared_levels_reproduced"":true,""source_recomputation_scope"":""current_v1_reuses_frozen_historical_456_record_census; no fresh mining pass""}"	hodgecy_ii_complete_fidelity:E0010	fidelity_census_reconciled:E0010
E0011	288 | 290 | 301	288 / 290 / 301	3	triple	RECURRENT SOURCE TYPES	RECURRENT SOURCE TYPES	rational_source | integral_source		none among computed invariants	p3=0;p4_0=0;p4_1=0;p5_0=0;p5_1=0;p5_2=0;l3=0	UNKNOWN_HODGE	UNKNOWN_HODGE	complete_rational_source_type:56bf2145cfed1de49e54e2470a65c86d37c6fdf4128bee5574a50ec865d66575	complete_rational_source_type:56bf2145cfed1de49e54e2470a65c86d37c6fdf4128bee5574a50ec865d66575	complete_integral_source_type:21e71e4525dee38b02078f1ad18dd2b8ed3e7e27cfbadaa06533cf47ae0a8ebf	complete_integral_source_type:21e71e4525dee38b02078f1ad18dd2b8ed3e7e27cfbadaa06533cf47ae0a8ebf	complete_torsion_type:3a5189342f6e51bab111f7b86f22aed92d63221f1ef3071c53d3f966dc8986f6	complete_torsion_type:3a5189342f6e51bab111f7b86f22aed92d63221f1ef3071c53d3f966dc8986f6	complete_equivariant_source_type:da1222ae856ad5ef0363e8f08404f802cf0cd2acb0e7e979cf4b83b00146b876	complete_equivariant_source_type:da1222ae856ad5ef0363e8f08404f802cf0cd2acb0e7e979cf4b83b00146b876	CENSUS_LEVEL	"{""288"":""CENSUS_LEVEL"",""290"":""CENSUS_LEVEL"",""301"":""CENSUS_LEVEL""}"	research_outputs/hodgecy_ii/complete_fidelity_pairs_and_sets.tsv	"{""historical_census_schema"":""hodgecy_ii_complete_fidelity_census_historical.v1"",""historical_census_source"":""research_outputs/hodgecy_ii/complete_fidelity_pairs_and_sets.tsv"",""historical_set_id"":""E0011""}"	recurrent full source-assembly type: rational, integral, torsion, and equivariant types all coincide	REPRODUCED	"{""category"":""RECURRENT SOURCE TYPES"",""first_separating_level"":null,""shared_levels"":[""rational_source"",""integral_source""]}"	"{""category_reproduced"":true,""classification_source"":""historical_complete_fidelity_tsv_reingested_by_v1"",""first_separating_level_reproduced"":true,""member_validation_status"":{""288"":""CENSUS_LEVEL"",""290"":""CENSUS_LEVEL"",""301"":""CENSUS_LEVEL""},""membership_reproduced"":true,""shared_levels_reproduced"":true,""source_recomputation_scope"":""current_v1_reuses_frozen_historical_456_record_census; no fresh mining pass""}"	hodgecy_ii_complete_fidelity:E0011	fidelity_census_reconciled:E0011
E0012	289 | 300	289 / 300	2	pair	RECURRENT SOURCE TYPES	RECURRENT SOURCE TYPES	rational_source | integral_source		none among computed invariants	p3=0;p4_0=0;p4_1=0;p5_0=0;p5_1=0;p5_2=0;l3=0	UNKNOWN_HODGE	UNKNOWN_HODGE	complete_rational_source_type:56bf2145cfed1de49e54e2470a65c86d37c6fdf4128bee5574a50ec865d66575	complete_rational_source_type:56bf2145cfed1de49e54e2470a65c86d37c6fdf4128bee5574a50ec865d66575	complete_integral_source_type:eaa15b0c15d2096cfd8947b090bf17c37ec6799462667ecc8c613789a640682d	complete_integral_source_type:eaa15b0c15d2096cfd8947b090bf17c37ec6799462667ecc8c613789a640682d	complete_torsion_type:d8c3501dc35a786f9bca813503135d6a1b7d8cf33fefe978f926d3f5ead2a75d	complete_torsion_type:d8c3501dc35a786f9bca813503135d6a1b7d8cf33fefe978f926d3f5ead2a75d	complete_equivariant_source_type:2ec51056c005e57f912de24fe73ed9f97d2eade72fbdf66f8604e07ef3d4cf97	complete_equivariant_source_type:2ec51056c005e57f912de24fe73ed9f97d2eade72fbdf66f8604e07ef3d4cf97	CENSUS_LEVEL	"{""289"":""CENSUS_LEVEL"",""300"":""CENSUS_LEVEL""}"	research_outputs/hodgecy_ii/complete_fidelity_pairs_and_sets.tsv	"{""historical_census_schema"":""hodgecy_ii_complete_fidelity_census_historical.v1"",""historical_census_source"":""research_outputs/hodgecy_ii/complete_fidelity_pairs_and_sets.tsv"",""historical_set_id"":""E0012""}"	recurrent full source-assembly type: rational, integral, torsion, and equivariant types all coincide	REPRODUCED	"{""category"":""RECURRENT SOURCE TYPES"",""first_separating_level"":null,""shared_levels"":[""rational_source"",""integral_source""]}"	"{""category_reproduced"":true,""classification_source"":""historical_complete_fidelity_tsv_reingested_by_v1"",""first_separating_level_reproduced"":true,""member_validation_status"":{""289"":""CENSUS_LEVEL"",""300"":""CENSUS_LEVEL""},""membership_reproduced"":true,""shared_levels_reproduced"":true,""source_recomputation_scope"":""current_v1_reuses_frozen_historical_456_record_census; no fresh mining pass""}"	hodgecy_ii_complete_fidelity:E0012	fidelity_census_reconciled:E0012
E0013	311 | 320	311 / 320	2	pair	RECURRENT SOURCE TYPES	RECURRENT SOURCE TYPES	rational_source | integral_source		none among computed invariants	p3=0;p4_0=0;p4_1=0;p5_0=0;p5_1=0;p5_2=0;l3=0	UNKNOWN_HODGE	UNKNOWN_HODGE	complete_rational_source_type:56bf2145cfed1de49e54e2470a65c86d37c6fdf4128bee5574a50ec865d66575	complete_rational_source_type:56bf2145cfed1de49e54e2470a65c86d37c6fdf4128bee5574a50ec865d66575	complete_integral_source_type:441c4e5df153cf572ca7f94c2387bd7e314d7745ee1a73683516c3f9f2830b1d	complete_integral_source_type:441c4e5df153cf572ca7f94c2387bd7e314d7745ee1a73683516c3f9f2830b1d	complete_torsion_type:19474bc7920a5afa72aa857bf5d101b752fc1117d295d45918cabf904a444f47	complete_torsion_type:19474bc7920a5afa72aa857bf5d101b752fc1117d295d45918cabf904a444f47	complete_equivariant_source_type:b363339b3dbb838bb1f1a2e6b0d7c8ee79ef6ebcab185503debb237d20837434	complete_equivariant_source_type:b363339b3dbb838bb1f1a2e6b0d7c8ee79ef6ebcab185503debb237d20837434	CENSUS_LEVEL	"{""311"":""CENSUS_LEVEL"",""320"":""CENSUS_LEVEL""}"	research_outputs/hodgecy_ii/complete_fidelity_pairs_and_sets.tsv	"{""historical_census_schema"":""hodgecy_ii_complete_fidelity_census_historical.v1"",""historical_census_source"":""research_outputs/hodgecy_ii/complete_fidelity_pairs_and_sets.tsv"",""historical_set_id"":""E0013""}"	recurrent full source-assembly type: rational, integral, torsion, and equivariant types all coincide	REPRODUCED	"{""category"":""RECURRENT SOURCE TYPES"",""first_separating_level"":null,""shared_levels"":[""rational_source"",""integral_source""]}"	"{""category_reproduced"":true,""classification_source"":""historical_complete_fidelity_tsv_reingested_by_v1"",""first_separating_level_reproduced"":true,""member_validation_status"":{""311"":""CENSUS_LEVEL"",""320"":""CENSUS_LEVEL""},""membership_reproduced"":true,""shared_levels_reproduced"":true,""source_recomputation_scope"":""current_v1_reuses_frozen_historical_456_record_census; no fresh mining pass""}"	hodgecy_ii_complete_fidelity:E0013	fidelity_census_reconciled:E0013
E0014	332 | 342 | 343 | 363	332 / 342 / 343 / 363	4	larger_set	RECURRENT SOURCE TYPES	RECURRENT SOURCE TYPES	rational_source | integral_source		none among computed invariants	p3=0;p4_0=0;p4_1=0;p5_0=0;p5_1=0;p5_2=0;l3=0	UNKNOWN_HODGE	UNKNOWN_HODGE	complete_rational_source_type:1c56638564e35915389c95538acd04aec81b0e5da3ced4507fa70e7a5d2ce49e	complete_rational_source_type:1c56638564e35915389c95538acd04aec81b0e5da3ced4507fa70e7a5d2ce49e	complete_integral_source_type:87a7b8a8b4c3bfb67ceaa0395255562c50b7ad2426f26f0e211d42558db02556	complete_integral_source_type:87a7b8a8b4c3bfb67ceaa0395255562c50b7ad2426f26f0e211d42558db02556	complete_torsion_type:3a5189342f6e51bab111f7b86f22aed92d63221f1ef3071c53d3f966dc8986f6	complete_torsion_type:3a5189342f6e51bab111f7b86f22aed92d63221f1ef3071c53d3f966dc8986f6	complete_equivariant_source_type:d6694199a8b13d8358f86c2d2fe0ea122425871a9b6a83152f329d8715de22b2	complete_equivariant_source_type:d6694199a8b13d8358f86c2d2fe0ea122425871a9b6a83152f329d8715de22b2	CENSUS_LEVEL	"{""332"":""CENSUS_LEVEL"",""342"":""CENSUS_LEVEL"",""343"":""CENSUS_LEVEL"",""363"":""CENSUS_LEVEL""}"	research_outputs/hodgecy_ii/complete_fidelity_pairs_and_sets.tsv	"{""historical_census_schema"":""hodgecy_ii_complete_fidelity_census_historical.v1"",""historical_census_source"":""research_outputs/hodgecy_ii/complete_fidelity_pairs_and_sets.tsv"",""historical_set_id"":""E0014""}"	recurrent full source-assembly type: rational, integral, torsion, and equivariant types all coincide	REPRODUCED	"{""category"":""RECURRENT SOURCE TYPES"",""first_separating_level"":null,""shared_levels"":[""rational_source"",""integral_source""]}"	"{""category_reproduced"":true,""classification_source"":""historical_complete_fidelity_tsv_reingested_by_v1"",""first_separating_level_reproduced"":true,""member_validation_status"":{""332"":""CENSUS_LEVEL"",""342"":""CENSUS_LEVEL"",""343"":""CENSUS_LEVEL"",""363"":""CENSUS_LEVEL""},""membership_reproduced"":true,""shared_levels_reproduced"":true,""source_recomputation_scope"":""current_v1_reuses_frozen_historical_456_record_census; no fresh mining pass""}"	hodgecy_ii_complete_fidelity:E0014	fidelity_census_reconciled:E0014
E0015	344 | 351 | 353 | 358 | 361 | 365 | 368 | 371	344 / 351 / 353 / 358 / 361 / 365 / 368 / 371	8	larger_set	RECURRENT SOURCE TYPES	RECURRENT SOURCE TYPES	rational_source | integral_source		none among computed invariants	p3=0;p4_0=0;p4_1=0;p5_0=0;p5_1=0;p5_2=0;l3=0	UNKNOWN_HODGE	UNKNOWN_HODGE	complete_rational_source_type:1c56638564e35915389c95538acd04aec81b0e5da3ced4507fa70e7a5d2ce49e	complete_rational_source_type:1c56638564e35915389c95538acd04aec81b0e5da3ced4507fa70e7a5d2ce49e	complete_integral_source_type:bf67cbd2f370ddfc3b20ca5da719cada525c4b0eb92326df39677503bfce6e0a	complete_integral_source_type:bf67cbd2f370ddfc3b20ca5da719cada525c4b0eb92326df39677503bfce6e0a	complete_torsion_type:ed86ce2c369fe8599fe149e1841614bcae93901d7d040fca84cfad4825f75070	complete_torsion_type:ed86ce2c369fe8599fe149e1841614bcae93901d7d040fca84cfad4825f75070	complete_equivariant_source_type:b407c553912b6ad5df71077d4ee7cb88e4471860215bda687fa4a26ae4415b25	complete_equivariant_source_type:b407c553912b6ad5df71077d4ee7cb88e4471860215bda687fa4a26ae4415b25	CENSUS_LEVEL	"{""344"":""CENSUS_LEVEL"",""351"":""CENSUS_LEVEL"",""353"":""CENSUS_LEVEL"",""358"":""CENSUS_LEVEL"",""361"":""CENSUS_LEVEL"",""365"":""CENSUS_LEVEL"",""368"":""CENSUS_LEVEL"",""371"":""CENSUS_LEVEL""}"	research_outputs/hodgecy_ii/complete_fidelity_pairs_and_sets.tsv	"{""historical_census_schema"":""hodgecy_ii_complete_fidelity_census_historical.v1"",""historical_census_source"":""research_outputs/hodgecy_ii/complete_fidelity_pairs_and_sets.tsv"",""historical_set_id"":""E0015""}"	recurrent full source-assembly type: rational, integral, torsion, and equivariant types all coincide	REPRODUCED	"{""category"":""RECURRENT SOURCE TYPES"",""first_separating_level"":null,""shared_levels"":[""rational_source"",""integral_source""]}"	"{""category_reproduced"":true,""classification_source"":""historical_complete_fidelity_tsv_reingested_by_v1"",""first_separating_level_reproduced"":true,""member_validation_status"":{""344"":""CENSUS_LEVEL"",""351"":""CENSUS_LEVEL"",""353"":""CENSUS_LEVEL"",""358"":""CENSUS_LEVEL"",""361"":""CENSUS_LEVEL"",""365"":""CENSUS_LEVEL"",""368"":""CENSUS_LEVEL"",""371"":""CENSUS_LEVEL""},""membership_reproduced"":true,""shared_levels_reproduced"":true,""source_recomputation_scope"":""current_v1_reuses_frozen_historical_456_record_census; no fresh mining pass""}"	hodgecy_ii_complete_fidelity:E0015	fidelity_census_reconciled:E0015
E0016	357 | 373	357 / 373	2	pair	RECURRENT SOURCE TYPES	RECURRENT SOURCE TYPES	rational_source | integral_source		none among computed invariants	p3=0;p4_0=0;p4_1=0;p5_0=0;p5_1=0;p5_2=0;l3=0	UNKNOWN_HODGE	UNKNOWN_HODGE	complete_rational_source_type:1c56638564e35915389c95538acd04aec81b0e5da3ced4507fa70e7a5d2ce49e	complete_rational_source_type:1c56638564e35915389c95538acd04aec81b0e5da3ced4507fa70e7a5d2ce49e	complete_integral_source_type:ba9f3fe71347fa97e19e98fa309bd76f8c269eb495fe4c982c8c52f470306f0b	complete_integral_source_type:ba9f3fe71347fa97e19e98fa309bd76f8c269eb495fe4c982c8c52f470306f0b	complete_torsion_type:b74e5ffd1f3d50dc31b13a4cacaa097a4b77c96c81db8b38c2036a23cb04c517	complete_torsion_type:b74e5ffd1f3d50dc31b13a4cacaa097a4b77c96c81db8b38c2036a23cb04c517	complete_equivariant_source_type:ef7c3af78bb82956f312af8bd5417e8c2f8b27037430fc372b840b7efbed9fe3	complete_equivariant_source_type:ef7c3af78bb82956f312af8bd5417e8c2f8b27037430fc372b840b7efbed9fe3	CENSUS_LEVEL	"{""357"":""CENSUS_LEVEL"",""373"":""CENSUS_LEVEL""}"	research_outputs/hodgecy_ii/complete_fidelity_pairs_and_sets.tsv	"{""historical_census_schema"":""hodgecy_ii_complete_fidelity_census_historical.v1"",""historical_census_source"":""research_outputs/hodgecy_ii/complete_fidelity_pairs_and_sets.tsv"",""historical_set_id"":""E0016""}"	recurrent full source-assembly type: rational, integral, torsion, and equivariant types all coincide	REPRODUCED	"{""category"":""RECURRENT SOURCE TYPES"",""first_separating_level"":null,""shared_levels"":[""rational_source"",""integral_source""]}"	"{""category_reproduced"":true,""classification_source"":""historical_complete_fidelity_tsv_reingested_by_v1"",""first_separating_level_reproduced"":true,""member_validation_status"":{""357"":""CENSUS_LEVEL"",""373"":""CENSUS_LEVEL""},""membership_reproduced"":true,""shared_levels_reproduced"":true,""source_recomputation_scope"":""current_v1_reuses_frozen_historical_456_record_census; no fresh mining pass""}"	hodgecy_ii_complete_fidelity:E0016	fidelity_census_reconciled:E0016
E0017	387 | 391 | 396 | 398 | 402	387 / 391 / 396 / 398 / 402	5	larger_set	RECURRENT SOURCE TYPES	RECURRENT SOURCE TYPES	rational_source | integral_source		none among computed invariants	p3=0;p4_0=0;p4_1=0;p5_0=0;p5_1=0;p5_2=0;l3=0	UNKNOWN_HODGE	UNKNOWN_HODGE	complete_rational_source_type:ed71f72c0077c50d0120dd92ddad5b134284a9924c17588719350f59213b1111	complete_rational_source_type:ed71f72c0077c50d0120dd92ddad5b134284a9924c17588719350f59213b1111	complete_integral_source_type:a70446740cf0122874faba697f34ac6e229804f4fda8812cf6e3742d60852342	complete_integral_source_type:a70446740cf0122874faba697f34ac6e229804f4fda8812cf6e3742d60852342	complete_torsion_type:ed86ce2c369fe8599fe149e1841614bcae93901d7d040fca84cfad4825f75070	complete_torsion_type:ed86ce2c369fe8599fe149e1841614bcae93901d7d040fca84cfad4825f75070	complete_equivariant_source_type:1556d3547cf894b5da8d529ef32692e86653d2d051d9c2c097b29d4a2b057af3	complete_equivariant_source_type:1556d3547cf894b5da8d529ef32692e86653d2d051d9c2c097b29d4a2b057af3	CENSUS_LEVEL	"{""387"":""CENSUS_LEVEL"",""391"":""CENSUS_LEVEL"",""396"":""CENSUS_LEVEL"",""398"":""CENSUS_LEVEL"",""402"":""CENSUS_LEVEL""}"	research_outputs/hodgecy_ii/complete_fidelity_pairs_and_sets.tsv	"{""historical_census_schema"":""hodgecy_ii_complete_fidelity_census_historical.v1"",""historical_census_source"":""research_outputs/hodgecy_ii/complete_fidelity_pairs_and_sets.tsv"",""historical_set_id"":""E0017""}"	recurrent full source-assembly type: rational, integral, torsion, and equivariant types all coincide	REPRODUCED	"{""category"":""RECURRENT SOURCE TYPES"",""first_separating_level"":null,""shared_levels"":[""rational_source"",""integral_source""]}"	"{""category_reproduced"":true,""classification_source"":""historical_complete_fidelity_tsv_reingested_by_v1"",""first_separating_level_reproduced"":true,""member_validation_status"":{""387"":""CENSUS_LEVEL"",""391"":""CENSUS_LEVEL"",""396"":""CENSUS_LEVEL"",""398"":""CENSUS_LEVEL"",""402"":""CENSUS_LEVEL""},""membership_reproduced"":true,""shared_levels_reproduced"":true,""source_recomputation_scope"":""current_v1_reuses_frozen_historical_456_record_census; no fresh mining pass""}"	hodgecy_ii_complete_fidelity:E0017	fidelity_census_reconciled:E0017
E0018	390 | 406	390 / 406	2	pair	RECURRENT SOURCE TYPES	RECURRENT SOURCE TYPES	rational_source | integral_source		none among computed invariants	p3=0;p4_0=0;p4_1=0;p5_0=0;p5_1=0;p5_2=0;l3=0	UNKNOWN_HODGE	UNKNOWN_HODGE	complete_rational_source_type:ed71f72c0077c50d0120dd92ddad5b134284a9924c17588719350f59213b1111	complete_rational_source_type:ed71f72c0077c50d0120dd92ddad5b134284a9924c17588719350f59213b1111	complete_integral_source_type:251f926bc59eadcad51058e11135fff85add73ae09bcc2b4237de711003fff20	complete_integral_source_type:251f926bc59eadcad51058e11135fff85add73ae09bcc2b4237de711003fff20	complete_torsion_type:a9d9ac9be51e6829e007864ff6edd38ceabc919a2787b7d3b7ddec57b482a6c3	complete_torsion_type:a9d9ac9be51e6829e007864ff6edd38ceabc919a2787b7d3b7ddec57b482a6c3	complete_equivariant_source_type:b30cf4bc8dcf453bef2f2e9231195e20d35f75456676c7ac784bbeaabd7f7e29	complete_equivariant_source_type:b30cf4bc8dcf453bef2f2e9231195e20d35f75456676c7ac784bbeaabd7f7e29	CENSUS_LEVEL	"{""390"":""CENSUS_LEVEL"",""406"":""CENSUS_LEVEL""}"	research_outputs/hodgecy_ii/complete_fidelity_pairs_and_sets.tsv	"{""historical_census_schema"":""hodgecy_ii_complete_fidelity_census_historical.v1"",""historical_census_source"":""research_outputs/hodgecy_ii/complete_fidelity_pairs_and_sets.tsv"",""historical_set_id"":""E0018""}"	recurrent full source-assembly type: rational, integral, torsion, and equivariant types all coincide	REPRODUCED	"{""category"":""RECURRENT SOURCE TYPES"",""first_separating_level"":null,""shared_levels"":[""rational_source"",""integral_source""]}"	"{""category_reproduced"":true,""classification_source"":""historical_complete_fidelity_tsv_reingested_by_v1"",""first_separating_level_reproduced"":true,""member_validation_status"":{""390"":""CENSUS_LEVEL"",""406"":""CENSUS_LEVEL""},""membership_reproduced"":true,""shared_levels_reproduced"":true,""source_recomputation_scope"":""current_v1_reuses_frozen_historical_456_record_census; no fresh mining pass""}"	hodgecy_ii_complete_fidelity:E0018	fidelity_census_reconciled:E0018
E0019	400 | 405	400 / 405	2	pair	RECURRENT SOURCE TYPES	RECURRENT SOURCE TYPES	rational_source | integral_source		none among computed invariants	p3=0;p4_0=0;p4_1=0;p5_0=0;p5_1=0;p5_2=0;l3=0	UNKNOWN_HODGE	UNKNOWN_HODGE	complete_rational_source_type:ed71f72c0077c50d0120dd92ddad5b134284a9924c17588719350f59213b1111	complete_rational_source_type:ed71f72c0077c50d0120dd92ddad5b134284a9924c17588719350f59213b1111	complete_integral_source_type:251f926bc59eadcad51058e11135fff85add73ae09bcc2b4237de711003fff20	complete_integral_source_type:251f926bc59eadcad51058e11135fff85add73ae09bcc2b4237de711003fff20	complete_torsion_type:a9d9ac9be51e6829e007864ff6edd38ceabc919a2787b7d3b7ddec57b482a6c3	complete_torsion_type:a9d9ac9be51e6829e007864ff6edd38ceabc919a2787b7d3b7ddec57b482a6c3	complete_equivariant_source_type:2a613687f2ad40accf797332ba5d2f17a71fb8ae9ee946f3ad76418895df779f	complete_equivariant_source_type:2a613687f2ad40accf797332ba5d2f17a71fb8ae9ee946f3ad76418895df779f	CENSUS_LEVEL	"{""400"":""CENSUS_LEVEL"",""405"":""CENSUS_LEVEL""}"	research_outputs/hodgecy_ii/complete_fidelity_pairs_and_sets.tsv	"{""historical_census_schema"":""hodgecy_ii_complete_fidelity_census_historical.v1"",""historical_census_source"":""research_outputs/hodgecy_ii/complete_fidelity_pairs_and_sets.tsv"",""historical_set_id"":""E0019""}"	recurrent full source-assembly type: rational, integral, torsion, and equivariant types all coincide	REPRODUCED	"{""category"":""RECURRENT SOURCE TYPES"",""first_separating_level"":null,""shared_levels"":[""rational_source"",""integral_source""]}"	"{""category_reproduced"":true,""classification_source"":""historical_complete_fidelity_tsv_reingested_by_v1"",""first_separating_level_reproduced"":true,""member_validation_status"":{""400"":""CENSUS_LEVEL"",""405"":""CENSUS_LEVEL""},""membership_reproduced"":true,""shared_levels_reproduced"":true,""source_recomputation_scope"":""current_v1_reuses_frozen_historical_456_record_census; no fresh mining pass""}"	hodgecy_ii_complete_fidelity:E0019	fidelity_census_reconciled:E0019
F0001	61 | 451	61 / 451	2	pair	OTHER NEW FIDELITY SETS	OTHER NEW FIDELITY SETS	local_inventory | hodge_data	rational_source	rational source type	p3=13;p4_0=6;p4_1=3;p5_0=0;p5_1=1;p5_2=0;l3=1	h12=0;h11=46;euler=92	h12=0;h11=46;euler=92	complete_rational_source_type:0f41a77e6aa496cdb0014ec3ca620d9c2bb4e8ed36fab2fa5fab2736c2e1cebb || complete_rational_source_type:c91f65ea1c8fa81aa38f64215390a0a5075c0148f65de80b23c791bac8bfa0bc	complete_rational_source_type:0f41a77e6aa496cdb0014ec3ca620d9c2bb4e8ed36fab2fa5fab2736c2e1cebb | complete_rational_source_type:c91f65ea1c8fa81aa38f64215390a0a5075c0148f65de80b23c791bac8bfa0bc	complete_integral_source_type:3770e658abed3e7d1f59b980b4dcb543bea9812c36f7a8f32bd7182c668aac73 || complete_integral_source_type:ee78f2ffab2ffc672c77e47f0cd474f8f21eeee4e979637cc5a640af6a6f3f7b	complete_integral_source_type:3770e658abed3e7d1f59b980b4dcb543bea9812c36f7a8f32bd7182c668aac73 | complete_integral_source_type:ee78f2ffab2ffc672c77e47f0cd474f8f21eeee4e979637cc5a640af6a6f3f7b	complete_torsion_type:4362ae31c529541fcd5a0883ed350fe08dbd3113b21df30ed74574e37808e359 || complete_torsion_type:fb72c63ee90ac4d6d6c39e3a653678afb900432abb4893da27e51ac676a98fd2	complete_torsion_type:4362ae31c529541fcd5a0883ed350fe08dbd3113b21df30ed74574e37808e359 | complete_torsion_type:fb72c63ee90ac4d6d6c39e3a653678afb900432abb4893da27e51ac676a98fd2	complete_equivariant_source_type:5b05a7ca6ee638cb6cfeea96e3cb7d99cedee72e9e29f5888ba7313c4d5e320f || complete_equivariant_source_type:b76931b42309f46ac295765c25ba747ccb558799f867a62f6ad1a0e20ba602bf	complete_equivariant_source_type:5b05a7ca6ee638cb6cfeea96e3cb7d99cedee72e9e29f5888ba7313c4d5e320f | complete_equivariant_source_type:b76931b42309f46ac295765c25ba747ccb558799f867a62f6ad1a0e20ba602bf	MIXED_WITH_HISTORICAL_ONLY_MEMBERS	"{""451"":""HISTORICAL_ONLY_FACTOR_NORMALIZATION_WARNING"",""61"":""CENSUS_LEVEL""}"	research_outputs/hodgecy_ii/complete_fidelity_pairs_and_sets.tsv	"{""historical_census_schema"":""hodgecy_ii_complete_fidelity_census_historical.v1"",""historical_census_source"":""research_outputs/hodgecy_ii/complete_fidelity_pairs_and_sets.tsv"",""historical_set_id"":""F0001""}"	same local and Hodge invariants but source assembly splits at the rational type	REPRODUCED	"{""category"":""OTHER NEW FIDELITY SETS"",""first_separating_level"":""rational_source"",""shared_levels"":[""local_inventory"",""hodge_data""]}"	"{""category_reproduced"":true,""classification_source"":""historical_complete_fidelity_tsv_reingested_by_v1"",""first_separating_level_reproduced"":true,""member_validation_status"":{""451"":""HISTORICAL_ONLY_FACTOR_NORMALIZATION_WARNING"",""61"":""CENSUS_LEVEL""},""membership_reproduced"":true,""shared_levels_reproduced"":true,""source_recomputation_scope"":""current_v1_reuses_frozen_historical_456_record_census; no fresh mining pass""}"	hodgecy_ii_complete_fidelity:F0001	fidelity_census_reconciled:F0001
F0002	86 | 87 | 88 | 89 | 90 | 91 | 92 | 94 | 95 | 96 | 97 | 98 | 99 | 100 | 101 | 102 | 103 | 104 | 105 | 106 | 107 | 108 | 109 | 110 | 111 | 112 | 113 | 114 | 115 | 116 | 117 | 118 | 119 | 120 | 121 | 122 | 123 | 124 | 125 | 126 | 127 | 128 | 129 | 130 | 131 | 132 | 133 | 134 | 135 | 136 | 137 | 138 | 139 | 140 | 141 | 142 | 143 | 144 | 145 | 146 | 147 | 148 | 149 | 150 | 151 | 152 | 153 | 154 | 155 | 156 | 157 | 158 | 159 | 160 | 161 | 162 | 163 | 164 | 165 | 166 | 167 | 168 | 169 | 170 | 171 | 172 | 173 | 174 | 175 | 176 | 177 | 178 | 179 | 180 | 181 | 182 | 183 | 184 | 185 | 186 | 187 | 188 | 189 | 190 | 191 | 192 | 193 | 194 | 195 | 196 | 197 | 198 | 199 | 200 | 201 | 202 | 203 | 204 | 205 | 206 | 207 | 208 | 209 | 210 | 211 | 212 | 213 | 214 | 215 | 216 | 217 | 218 | 219 | 220 | 221 | 222 | 223 | 224 | 225 | 226 | 227 | 228 | 229 | 230 | 231 | 232 | 233 | 234 | 235 | 236 | 237 | 242 | 243 | 244 | 246 | 247 | 248 | 249 | 250 | 251 | 252 | 253 | 254 | 255 | 256 | 257 | 258 | 259 | 260 | 261 | 262 | 263 | 264 | 265 | 266 | 267 | 268 | 269 | 270 | 271 | 272 | 273 | 274 | 275 | 276 | 277 | 278 | 279 | 280 | 281 | 282 | 283 | 284 | 285 | 286 | 287 | 288 | 289 | 290 | 291 | 292 | 293 | 294 | 295 | 296 | 297 | 298 | 299 | 300 | 301 | 302 | 303 | 304 | 305 | 306 | 307 | 308 | 309 | 310 | 311 | 312 | 313 | 314 | 315 | 316 | 317 | 318 | 319 | 320 | 321 | 322 | 323 | 324 | 325 | 326 | 327 | 328 | 329 | 330 | 331 | 332 | 333 | 334 | 335 | 336 | 337 | 338 | 339 | 340 | 341 | 342 | 343 | 344 | 345 | 346 | 347 | 348 | 349 | 350 | 351 | 352 | 353 | 354 | 355 | 356 | 357 | 358 | 359 | 360 | 361 | 362 | 363 | 364 | 365 | 366 | 367 | 368 | 369 | 370 | 371 | 372 | 373 | 374 | 375 | 376 | 377 | 378 | 379 | 380 | 381 | 382 | 383 | 384 | 385 | 386 | 387 | 388 | 389 | 390 | 391 | 392 | 393 | 394 | 395 | 396 | 397 | 398 | 399 | 400 | 401 | 402 | 403 | 404 | 405 | 406 | 407 | 408 | 409 | 410 | 411 | 412 | 413 | 414 | 415 | 416 | 417 | 418 | 419 | 420 | 421 | 422 | 423 | 424 | 425 | 426 | 427 | 428 | 429 | 430 | 431 | 432 | 433 | 434 | 435 | 436 | 437 | 438 | 439 | 440 | 441 | 442 | 443 | 444 | 445 | 446 | 447 | 448 | 449 | 450	86 / 87 / 88 / 89 / 90 / 91 / 92 / 94 / 95 / 96 / 97 / 98 / 99 / 100 / 101 / 102 / 103 / 104 / 105 / 106 / 107 / 108 / 109 / 110 / 111 / 112 / 113 / 114 / 115 / 116 / 117 / 118 / 119 / 120 / 121 / 122 / 123 / 124 / 125 / 126 / 127 / 128 / 129 / 130 / 131 / 132 / 133 / 134 / 135 / 136 / 137 / 138 / 139 / 140 / 141 / 142 / 143 / 144 / 145 / 146 / 147 / 148 / 149 / 150 / 151 / 152 / 153 / 154 / 155 / 156 / 157 / 158 / 159 / 160 / 161 / 162 / 163 / 164 / 165 / 166 / 167 / 168 / 169 / 170 / 171 / 172 / 173 / 174 / 175 / 176 / 177 / 178 / 179 / 180 / 181 / 182 / 183 / 184 / 185 / 186 / 187 / 188 / 189 / 190 / 191 / 192 / 193 / 194 / 195 / 196 / 197 / 198 / 199 / 200 / 201 / 202 / 203 / 204 / 205 / 206 / 207 / 208 / 209 / 210 / 211 / 212 / 213 / 214 / 215 / 216 / 217 / 218 / 219 / 220 / 221 / 222 / 223 / 224 / 225 / 226 / 227 / 228 / 229 / 230 / 231 / 232 / 233 / 234 / 235 / 236 / 237 / 242 / 243 / 244 / 246 / 247 / 248 / 249 / 250 / 251 / 252 / 253 / 254 / 255 / 256 / 257 / 258 / 259 / 260 / 261 / 262 / 263 / 264 / 265 / 266 / 267 / 268 / 269 / 270 / 271 / 272 / 273 / 274 / 275 / 276 / 277 / 278 / 279 / 280 / 281 / 282 / 283 / 284 / 285 / 286 / 287 / 288 / 289 / 290 / 291 / 292 / 293 / 294 / 295 / 296 / 297 / 298 / 299 / 300 / 301 / 302 / 303 / 304 / 305 / 306 / 307 / 308 / 309 / 310 / 311 / 312 / 313 / 314 / 315 / 316 / 317 / 318 / 319 / 320 / 321 / 322 / 323 / 324 / 325 / 326 / 327 / 328 / 329 / 330 / 331 / 332 / 333 / 334 / 335 / 336 / 337 / 338 / 339 / 340 / 341 / 342 / 343 / 344 / 345 / 346 / 347 / 348 / 349 / 350 / 351 / 352 / 353 / 354 / 355 / 356 / 357 / 358 / 359 / 360 / 361 / 362 / 363 / 364 / 365 / 366 / 367 / 368 / 369 / 370 / 371 / 372 / 373 / 374 / 375 / 376 / 377 / 378 / 379 / 380 / 381 / 382 / 383 / 384 / 385 / 386 / 387 / 388 / 389 / 390 / 391 / 392 / 393 / 394 / 395 / 396 / 397 / 398 / 399 / 400 / 401 / 402 / 403 / 404 / 405 / 406 / 407 / 408 / 409 / 410 / 411 / 412 / 413 / 414 / 415 / 416 / 417 / 418 / 419 / 420 / 421 / 422 / 423 / 424 / 425 / 426 / 427 / 428 / 429 / 430 / 431 / 432 / 433 / 434 / 435 / 436 / 437 / 438 / 439 / 440 / 441 / 442 / 443 / 444 / 445 / 446 / 447 / 448 / 449 / 450	359	larger_set	OTHER NEW FIDELITY SETS	OTHER NEW FIDELITY SETS	local_inventory | hodge_data	rational_source	rational source type	p3=0;p4_0=0;p4_1=0;p5_0=0;p5_1=0;p5_2=0;l3=0	UNKNOWN_HODGE	UNKNOWN_HODGE	complete_rational_source_type:0b82234dfd7ea43e6b21de680a78976a05bbade203719e2d0b6114a82a798fc8 || complete_rational_source_type:1323cd7724a91f37c331e796b877dca41e7add012c1631d37515ad41d33a44b7 || complete_rational_source_type:1c56638564e35915389c95538acd04aec81b0e5da3ced4507fa70e7a5d2ce49e || complete_rational_source_type:27d3b314da13caf5023f633806ef2eb7d97153e5220cd06ff3ed07dcb757dea9 || complete_rational_source_type:29386aa3bd680323dc0c4a828db6d70cf74ec3af8df5289909e67aa7e6738275 || complete_rational_source_type:295be73136a16b66c45d60ae9ca99abd731fa666b24d7b66723ea958cf44a0a1 || complete_rational_source_type:29fbc49db3aafe8ebb1f7ab4778bdc595d09162c827b473ddf33ec50a1ef66ba || complete_rational_source_type:2b9e1829c76b224232838b69c090e4e59f989d8a4fdffb31f25a7b63976c600f || complete_rational_source_type:350b380352bf64a490345785e5ae212e6533b2377f38ebc755f947d3264fb1d7 || complete_rational_source_type:3a0d9329f7895ce9af8287bb16e0339caf84bd84997eb611245b3e8a474818f0 || complete_rational_source_type:3c37e14bd1820e986d9fe8bfb2aa9559624aeea3bae7ae06a92c612b17372a4c || complete_rational_source_type:4a6a77e5994f525a143356fdaf3afb9424592824953d00449dc19f56a3cd9c96 || complete_rational_source_type:4d298803b23f63509e715d46ad15b111865629518b16ec162af2b293d10df691 || complete_rational_source_type:50382c88964d4778f87d0bf2414792121f14c30d238ab95a33e3dc190b81f0e2 || complete_rational_source_type:530478b352c9a12bfc1d41a15fcf4409d833a1139b3581b4c78845f050869152 || complete_rational_source_type:56bf2145cfed1de49e54e2470a65c86d37c6fdf4128bee5574a50ec865d66575 || complete_rational_source_type:60b5f5dba59a4cb2af62396dbfabedd0faa022138ef42c8803221498c19963c0 || complete_rational_source_type:66f0fef3ad6b1ed578c2a5fbb00ecfd6e970f1245b4384606d3fe89c4406cc12 || complete_rational_source_type:6f50b1e4447b3640a922d0594693a93a30f5f04fc402fc1dd66f431ebec52721 || complete_rational_source_type:7809209565ca944cf4b1746f11a45656d98993625436402b0e7bb9142aa3a50f || complete_rational_source_type:7b5699e081eba6d5c4d16c3af422dd6fd9304cb57e19fac3c58b96a7130873db || complete_rational_source_type:8078ab1f87b2fb2519fd32811be29bdc2c6cf3adccbf3f1515946048d0462a6d || complete_rational_source_type:87e650705f494cdc05bf1e98637d63ff49d6f6f3ea5257f8d4931e20811c6bd5 || complete_rational_source_type:8b7f706aec851f1ebfd3692bb79ad49ffa220817cd1d07e9de53394bcbf7fef2 || complete_rational_source_type:922515d3873ec4a09abee36f4e4f2552584792ba88bf5a682a8263210116cba4 || complete_rational_source_type:9d4082f3576511d3115d8c49921e4ac7c8c9293d1d65dcbebef49508c67d98c6 || complete_rational_source_type:a22c9c6833f9a77fe55c6216477e01637157e8b26ceb69acd2e15e585265f098 || complete_rational_source_type:a3dca9792766a0079849ea9fb993dfa44cd616bcb7f2389ca6e53ba01ee1231a || complete_rational_source_type:a5206240ba38a6f1ab7fddc608e0bda5c1c3b8e8ee88b3cee67a431c9e880add || complete_rational_source_type:aaec20361cf80f88149d41a24a68a8d2dedcf6bad7b7560977ee1533b457e174 || complete_rational_source_type:ae7ade9e215524c751a56dd03ffd4b650a395d11c0720337389f23c779941889 || complete_rational_source_type:b55a228aba75d9b16232f196565d825fdaf519802683f9703dbc9ec7e161e319 || complete_rational_source_type:cb310d39ef58520613c6e082acfc7d570b6c554fef82fd80ff66a4e2e1314e11 || complete_rational_source_type:d88382f39750ba74206e49e32d147d9fec27edcd9a5f64eb54a2c18487108da3 || complete_rational_source_type:d9b1f7d4ec507e0768257dde909be7146a87bc9a4a44f91fbff7cd75203a82f1 || complete_rational_source_type:dcf7e5830f9559a83e5526e12966ba7b3cff4b3646b2c6f08921086d0080ecea || complete_rational_source_type:df0a5cbbfcd043017bc1fadc8302b7a46d49ada3369fc7977bf540ce7e87d7cf || complete_rational_source_type:ed71f72c0077c50d0120dd92ddad5b134284a9924c17588719350f59213b1111 || complete_rational_source_type:eecc4d19acf10d71fcbb34f7b4318c5ade61af50ec00bf3b46248e482941c2ed || complete_rational_source_type:fdd57dc8904dfed13d6143dd4c85b23e667ed370f73fe4ecb2196c2ca061a113	complete_rational_source_type:0b82234dfd7ea43e6b21de680a78976a05bbade203719e2d0b6114a82a798fc8 | complete_rational_source_type:1323cd7724a91f37c331e796b877dca41e7add012c1631d37515ad41d33a44b7 | complete_rational_source_type:1c56638564e35915389c95538acd04aec81b0e5da3ced4507fa70e7a5d2ce49e | complete_rational_source_type:27d3b314da13caf5023f633806ef2eb7d97153e5220cd06ff3ed07dcb757dea9 | complete_rational_source_type:29386aa3bd680323dc0c4a828db6d70cf74ec3af8df5289909e67aa7e6738275 | complete_rational_source_type:295be73136a16b66c45d60ae9ca99abd731fa666b24d7b66723ea958cf44a0a1 | complete_rational_source_type:29fbc49db3aafe8ebb1f7ab4778bdc595d09162c827b473ddf33ec50a1ef66ba | complete_rational_source_type:2b9e1829c76b224232838b69c090e4e59f989d8a4fdffb31f25a7b63976c600f | complete_rational_source_type:350b380352bf64a490345785e5ae212e6533b2377f38ebc755f947d3264fb1d7 | complete_rational_source_type:3a0d9329f7895ce9af8287bb16e0339caf84bd84997eb611245b3e8a474818f0 | complete_rational_source_type:3c37e14bd1820e986d9fe8bfb2aa9559624aeea3bae7ae06a92c612b17372a4c | complete_rational_source_type:4a6a77e5994f525a143356fdaf3afb9424592824953d00449dc19f56a3cd9c96 | complete_rational_source_type:4d298803b23f63509e715d46ad15b111865629518b16ec162af2b293d10df691 | complete_rational_source_type:50382c88964d4778f87d0bf2414792121f14c30d238ab95a33e3dc190b81f0e2 | complete_rational_source_type:530478b352c9a12bfc1d41a15fcf4409d833a1139b3581b4c78845f050869152 | complete_rational_source_type:56bf2145cfed1de49e54e2470a65c86d37c6fdf4128bee5574a50ec865d66575 | complete_rational_source_type:60b5f5dba59a4cb2af62396dbfabedd0faa022138ef42c8803221498c19963c0 | complete_rational_source_type:66f0fef3ad6b1ed578c2a5fbb00ecfd6e970f1245b4384606d3fe89c4406cc12 | complete_rational_source_type:6f50b1e4447b3640a922d0594693a93a30f5f04fc402fc1dd66f431ebec52721 | complete_rational_source_type:7809209565ca944cf4b1746f11a45656d98993625436402b0e7bb9142aa3a50f | complete_rational_source_type:7b5699e081eba6d5c4d16c3af422dd6fd9304cb57e19fac3c58b96a7130873db | complete_rational_source_type:8078ab1f87b2fb2519fd32811be29bdc2c6cf3adccbf3f1515946048d0462a6d | complete_rational_source_type:87e650705f494cdc05bf1e98637d63ff49d6f6f3ea5257f8d4931e20811c6bd5 | complete_rational_source_type:8b7f706aec851f1ebfd3692bb79ad49ffa220817cd1d07e9de53394bcbf7fef2 | complete_rational_source_type:922515d3873ec4a09abee36f4e4f2552584792ba88bf5a682a8263210116cba4 | complete_rational_source_type:9d4082f3576511d3115d8c49921e4ac7c8c9293d1d65dcbebef49508c67d98c6 | complete_rational_source_type:a22c9c6833f9a77fe55c6216477e01637157e8b26ceb69acd2e15e585265f098 | complete_rational_source_type:a3dca9792766a0079849ea9fb993dfa44cd616bcb7f2389ca6e53ba01ee1231a | complete_rational_source_type:a5206240ba38a6f1ab7fddc608e0bda5c1c3b8e8ee88b3cee67a431c9e880add | complete_rational_source_type:aaec20361cf80f88149d41a24a68a8d2dedcf6bad7b7560977ee1533b457e174 | complete_rational_source_type:ae7ade9e215524c751a56dd03ffd4b650a395d11c0720337389f23c779941889 | complete_rational_source_type:b55a228aba75d9b16232f196565d825fdaf519802683f9703dbc9ec7e161e319 | complete_rational_source_type:cb310d39ef58520613c6e082acfc7d570b6c554fef82fd80ff66a4e2e1314e11 | complete_rational_source_type:d88382f39750ba74206e49e32d147d9fec27edcd9a5f64eb54a2c18487108da3 | complete_rational_source_type:d9b1f7d4ec507e0768257dde909be7146a87bc9a4a44f91fbff7cd75203a82f1 | complete_rational_source_type:dcf7e5830f9559a83e5526e12966ba7b3cff4b3646b2c6f08921086d0080ecea | complete_rational_source_type:df0a5cbbfcd043017bc1fadc8302b7a46d49ada3369fc7977bf540ce7e87d7cf | complete_rational_source_type:ed71f72c0077c50d0120dd92ddad5b134284a9924c17588719350f59213b1111 | complete_rational_source_type:eecc4d19acf10d71fcbb34f7b4318c5ade61af50ec00bf3b46248e482941c2ed | complete_rational_source_type:fdd57dc8904dfed13d6143dd4c85b23e667ed370f73fe4ecb2196c2ca061a113	complete_integral_source_type:000a983aa6e4c194f53dcc47a69a333062d3dca032cc1487ea1786d6b94f6d92 || complete_integral_source_type:009a549e6ba7c6923d6de5515060fc14ee04ade0182bac458c6fb6f44c65fc55 || complete_integral_source_type:01d2b517f933b43e73c8a1b9f35622b31711dc9f03f56f8d6a3fd1049621cdf6 || complete_integral_source_type:0514432c918849d3f7d69fd4bacaf89cd647a62d59949685b761bc4b7f2cf783 || complete_integral_source_type:055b4b4e2df8aee3474d720aef5bfd9feb5114dbe746ae07a53da1021c3037a4 || complete_integral_source_type:092f8e6bf463bdc6ef4398ef2ec121b8d6e934e0ebfbc143d9656b330d40e3fe || complete_integral_source_type:0acd1e8937f58d2fa400c62755cc1ef3804c717cdffd3c9e3401526567a0ceb5 || complete_integral_source_type:0e85a0162fb229245bb58ab3e6d05a5b80ffcc3eeb27d3c7b7a205e9374b551d || complete_integral_source_type:0f8c2278e01bfed69f254dec197407c63b869b779335710d30844ce545b844da || complete_integral_source_type:10f364368e11852e7bb654f6ad39c006a42bafe95fab5534e7e0d74bda293daa || complete_integral_source_type:12bcd0182d387cad135da6d80cf4969b371d099b88db4413d7a5369d903782c8 || complete_integral_source_type:139127ae1dc99d4521d1f3d5e159e556c2847828df728fe728b2ba8a2b078c73 || complete_integral_source_type:14386ad4616055a03e3b15c4f1a60e76480c4c90be9875702c17493b957ed726 || complete_integral_source_type:15ec7eb2a1fb137a13c90121703bbee0214244589fac7f0ca12ae3905c53931a || complete_integral_source_type:164d1afaceaa5cf2b216e3735411bcf1e21a5753da88cce682c97fae45025467 || complete_integral_source_type:16c6dd97c5866ec8c84de949d1bb15f8c0e127dddcc44bbcf82b757b5044b62e || complete_integral_source_type:17eab8fea54171d59a97297572ce635e226ffc62902dc33096e3a455004ff02f || complete_integral_source_type:18c5d9df686aa4291fcaf7586bb7249a1a90a394c0d622a8fc23e7055bd4c84e || complete_integral_source_type:1961ce0fce16ad8f21d738342ba230cdcd3dc3f89118290ad26293b3fa1c92ad || complete_integral_source_type:197fafee277ae4251601265dfd4a12e96d0dcb622a2f0722860e6b342dfe32c4 || complete_integral_source_type:1acc63c4fa7f3f493f038a3ccf3f3eee000a683b69a57549d8a3f328fce02855 || complete_integral_source_type:1afcc7243f0d6e48466346e508baabc619f02cc26406c79f888e2f0985b0c271 || complete_integral_source_type:1be8dd22f4b29235847d4bfb84f6d16f5b5e64067f4561054877b55fff5b6cce || complete_integral_source_type:1c75925b0c2b46a39d2f45ab08f2787044efc3fdd0b7931e057c8a13e79862dd || complete_integral_source_type:1d1fd286d89a61b5bfceb3fa38fb95fd5c62bbd95057b7255b54ecbfce0f3e9d || complete_integral_source_type:1de16e9b925089d391121630af61682202cb401702b3217f9f7c24cf357b79fe || complete_integral_source_type:2030b71e0bcb95b659351f17540b122bec7ad0a3bc1269abb1c49e621704838e || complete_integral_source_type:21e71e4525dee38b02078f1ad18dd2b8ed3e7e27cfbadaa06533cf47ae0a8ebf || complete_integral_source_type:226b97f7aff71218cd2c0cea99dd4a9e44ffca92cb1ac96f9dacc1f754aa51d7 || complete_integral_source_type:239a12951857cd3c6c6d69459b8d517a11061b83ccc33091ccef5f5c461af9f6 || complete_integral_source_type:23a1d0d78aa1417329ef0abc720e7414fa1a853822ab3b21692b629230711f53 || complete_integral_source_type:240a3fc0342aa24ab2d35a18fcebf9b2fff114d803a40d37f00b7e2109e4437f || complete_integral_source_type:244a0a46b685989939d30ffd9566faed334bfcc9254f086cab1759d2894ac067 || complete_integral_source_type:251f926bc59eadcad51058e11135fff85add73ae09bcc2b4237de711003fff20 || complete_integral_source_type:2557716acdd326789fd45e1d4dd4418aee52a7e05817d5ca1136e031ab5ab035 || complete_integral_source_type:2741721c3d7b8409a0306184d7b1c76442f85139c78b202bf685f44073134100 || complete_integral_source_type:2783c6e9c6778f26f33c3db40466fd4dc1ad1132a89bf091d148f0ad87e7e84a || complete_integral_source_type:29cd8d062d526af517f7b1cd0f5552a1f34d8279a863648b8e4c0f75c2e8b42e || complete_integral_source_type:2ab8a2475a0c9941e5ad50d9ad845f3061b8739b371870e60ed571ea8d287e45 || complete_integral_source_type:2ae67d10e4de2c7a78f47ce57502dcc5eaa74004483b3e371f1f3d0308a9a4a8 || complete_integral_source_type:2b1018cad1cc5c2578f1b56c17c79c945b1caed8c5a9c9e0b56f283ef9bc7449 || complete_integral_source_type:2cc00e108c80811f8437341e09835265c19c9c4c99783d7a09f363027e6e33b1 || complete_integral_source_type:3166097cc3770ccf167177947fc8d184cbb2de179f50ce68b8cd7c677dc5899f || complete_integral_source_type:321f5ebaf12e3fc78628af54de8fb6b7f59847035d6b0e8b81f8b5596c8afef6 || complete_integral_source_type:365c1243085de968e7e89023647e5e72ca0c19f2d2dae9da61f518be45f8a907 || complete_integral_source_type:36be66bcd7cac8135df8d34e4901d29e9ea711f083c803cf4551ef23e4bd57a4 || complete_integral_source_type:3779063f4d54d99506bf42cbe6a82b24ad9d058ee72727f8b2b0defad9c1cb18 || complete_integral_source_type:380bf0f5b237dba1b0d70a70f323c69e122d85a53ab89f5d8ab913bf2a124f34 || complete_integral_source_type:3abd251d4b162dd4ceef5910ee65b906052ff5e5b044c05c2f25b3703440c524 || complete_integral_source_type:3b8f12f81f78a3e291cd66630480744faa8e2c616915e61733a0a6ec336dd710 || complete_integral_source_type:3e7b02dfecd48f83b3013c469120b462a9947b289bc41262556ba1dff477b81b || complete_integral_source_type:41e15aa2c1b066670ec00002122cf5ed7db6ba021a55af3a301630ac8338fb2e || complete_integral_source_type:441c4e5df153cf572ca7f94c2387bd7e314d7745ee1a73683516c3f9f2830b1d || complete_integral_source_type:45e9a8fc7a6cd8b84a593ef863a214f06d38770b72c92b800787c167625d3e10 || complete_integral_source_type:46bfb0d3a69725cfa22f24cb44d8f887aa34e84e6e524c7f4ae1b1adeacee630 || complete_integral_source_type:46f3b769b15dc1b117d8132d5beaa57caace2ba3d5dbc28d21dc595cf62890f1 || complete_integral_source_type:4738432ec857abed64ade8ffb4ad4ddb73428f88ac1570f584c1420dd63970a7 || complete_integral_source_type:474d486c256b9431af9aaaa7f827552297ad7561030343204854c468202ba5fb || complete_integral_source_type:47be9a9779fcdb89acacd9d6c1dbaca9fcf731365e63f7459d04624a999dc93a || complete_integral_source_type:4a109af664e27f75c63c3c8bfcc23451be32aed4685c57ff20e16c978533bb60 || complete_integral_source_type:4aa8effde78da1cb1ec1040feb9bef0aa7c6814a90c33528990429ea0dbd4d52 || complete_integral_source_type:4b40eeb8238a19fd54d16ecef8dea4593bdc58858ece5ef7ffbea52edcad6609 || complete_integral_source_type:4debe76dbcb38907293b1e080fb5977b225f12034c3e7e159f610a0ba4b262da || complete_integral_source_type:4e6a81ff8bf641c9c44a783f72c13eb82b0d48536644e07ac3dc99db9d194150 || complete_integral_source_type:50c08e43a6c423dcff92072349ae00d945bad80a56cbffe97e6aa9502291aa80 || complete_integral_source_type:536fe5a6ef85906f3bc907476482816a467446ff07c4850d1d254eba9c10cf88 || complete_integral_source_type:53f57a72f995e3a3d684a929480da9c7e0bcda86245ec7ac81a3d052995ae6a3 || complete_integral_source_type:54f714e03a61b99db1730aae64b1d45a3e01d87a8e1b5d7b5b7657e66261dd75 || complete_integral_source_type:55c877842b58f1b47394b3a27b06368b1f3015755c6b0489b20145ef6d831a34 || complete_integral_source_type:58999b9c17e3aa14bb6a5283e69fe1b9e17a733f86be1080979d14b2492db4d0 || complete_integral_source_type:5a7dcc9752886215c7a7af36fe46440fa7f9ec2666e1ad6a831e1b6b127bb53f || complete_integral_source_type:5e7790e81b2912e155cb40cb635e2281e66d393e2dce1f8f4cdba0f189aa7766 || complete_integral_source_type:5fed976b1cbf48f1c8567151c9a341bdc3693b7577abd950fca2596a60fa03aa || complete_integral_source_type:61fa318ce37eb4cdf57b8db34746ed7c427b15993a7b03194eac6d7556433b7f || complete_integral_source_type:620a05879efe98b8778ce2f4b853e908871b56a409a6b7f5b9a64aa49b05a26b || complete_integral_source_type:62c282216c82deba16fb26aee84ea84bbdfefd4c4b01619437031106c56c4522 || complete_integral_source_type:655a2a5e32b2b653c0f6a76cd06b8065902d5566d17ba500a060fbe258707402 || complete_integral_source_type:66088528b972289d04c9daf10a0a553d0f8095d2e4b1463c39c9144cd2c0cf10 || complete_integral_source_type:66aa2284ea3cdc281c5d56f1085925db34d1a5c78bb4bc703422932aaf5277b8 || complete_integral_source_type:66ac710a35f6012293c65231625d7baada15178e42e2f4cab7edc49e32d4717c || complete_integral_source_type:678d938765e73e9fbac8905abce0fa6e2672f15757862e87665a21d83ca788c0 || complete_integral_source_type:6a30dc4a00c1b13567f52f9e418c8ac21ce90aed0d1d9740370a4a9a375038f2 || complete_integral_source_type:6ab4f6b6c5b039906c49dcf45c146918bb8cff0977342ee51ea4fdaa431b65fb || complete_integral_source_type:6c86376fc5b15d871051f2b753d4b35c8a797aa9db57e5c315066c1c12528103 || complete_integral_source_type:70818a0c8ebfc3bce16ddb8ed9e5cccef9738584399b3a4095d2c147aa589a98 || complete_integral_source_type:7087401765b9146791011fa98cd529cad8f1f05718d7d71c322a34265b8880b0 || complete_integral_source_type:732a913b168a3588a1c4662c489bda4173c21227ed3851b246d4104e23e4d5d5 || complete_integral_source_type:753ba81405457cb56ffa3dd4f823587c93b6ae919ae357b13c1e6c37c30fd455 || complete_integral_source_type:758f8d4b145d8cce55dade22f3e203e8345a35ae78568db1b3a9ba2625b66761 || complete_integral_source_type:761547d4aaf8e1566fc68c9f0d98d9f7df168c1afc7cd4ffcd40d622544e1f7e || complete_integral_source_type:77736b2ce6597aa73e6fbeb1cb43d9f8696696a0ca9ed44506937864139e79da || complete_integral_source_type:7887cef30428790876263f16a352ca87a8fd52232766689ebf5d336cac480e18 || complete_integral_source_type:7999d4e70faca21188d6fa5397b0e5478a9a551b4579aba8fed81bedc8a356db || complete_integral_source_type:7a1460c0ea2a1551986f145cb12b33aad38f143bce5c573b19f2bcf3f22cbbd1 || complete_integral_source_type:7afc529ca28a6df15e078e4e0f4be3e645ffeddec3b976dd422c31005a6914fd || complete_integral_source_type:7b03978e33b5e51b1d553c474ba02f8b85804d07552c3941d4d035c3f1224a3b || complete_integral_source_type:7be32d0bfad01cdcec0a2922d89ae793d360d49958dbd6e8cdafc09728166d6e || complete_integral_source_type:7be83b6a003f9604ad009352f05ac011c2b73cfb30056ecd7bc692c286d48af7 || complete_integral_source_type:7de2eedfd341d8b3ec5d15f578de1350391b204e2e070abec780121289065951 || complete_integral_source_type:7e7281abc76c0647559c21f330017f4e78588cb7626ac7e532c1591f9e5185e4 || complete_integral_source_type:7ea32df2b511358b2fd9b71b75137872a4d330974f6671d28cda5480b0515859 || complete_integral_source_type:7ff7e8be6e19e38b06b655aaea3b48811467060df4e525b57b809d3a6c61d999 || complete_integral_source_type:816bfee7d3736d14b7f775a9992f73ea1c032c41b311482793355b71d34020a8 || complete_integral_source_type:81b8a97eb460c586b8eb4523b65286b0da981c2254e7cfd8216ec0461e713206 || complete_integral_source_type:8366e0ffe486eec72ee4d5aaa7023a894765d5d2715f622ccd27ed30cbcd192e || complete_integral_source_type:837e973c7ad261076cabe7c394cc5eeb339aacd24d769e56b0f47083b125861c || complete_integral_source_type:8692338f422a5f632b1df0620a6fb444fc1bd05c409906361a645c30d1acebb3 || complete_integral_source_type:878ccf0fe353b3e7a42d11ceb0cdc7d950d879dba31bcddfda861013fade2063 || complete_integral_source_type:87a7b8a8b4c3bfb67ceaa0395255562c50b7ad2426f26f0e211d42558db02556 || complete_integral_source_type:87f098a9c89a42d33f8072a986ef20571c70f843542e627aae1687e5229677b3 || complete_integral_source_type:883ed4212b2a02e984441b15ff62cd7c288dd26b2678b23a5c502dc772652988 || complete_integral_source_type:8a3cd197f7910b1b5e3e2d83a1d7ca0802772c8987b2392f4f1bf0076b0a5451 || complete_integral_source_type:8e79b266b5408420fb4ab27da7a4ed0e578686f42fd7879e171e16613af79ccf || complete_integral_source_type:8f9b6478d07920e9916abf6b20d382966019df66ac2a82fa54b5029907c69ed5 || complete_integral_source_type:91d72b05c2a5592b1fce35219b43fa14f5cf882244e43532ea36de4d144e6efa || complete_integral_source_type:924fa3ced18ba8894c5747ada95cf92b1306c65c52fdb03294a04f28f644f16b || complete_integral_source_type:9255c67064d3f22bd4389ff1ac2996c179511693fa19cb3c0ddc3566d2ac1911 || complete_integral_source_type:93a6c01678a6644929275102a468cd559b64b8a50a366cc6bd6324712f3d15b3 || complete_integral_source_type:94db8a44b0b2914b9d933466215e467eb9d0e415dd6a74083f07b222a837f307 || complete_integral_source_type:9683565d9006b8548519c841058dfdc29e3e0b9ed8944b328601bcff39bc82e4 || complete_integral_source_type:98d9be151b7253f22e0f7387f68df8a7a90d922fbf2540f3d4ca8cd3bd54c66e || complete_integral_source_type:9b3b3b8d27e8f17bc06fd136aa0f2f1f648d010d52b6d76643b9e6a4779cf27f || complete_integral_source_type:9b7fe694978f7cbc78da44cbd98b5d2da75cd9a63549f45d91b9495b06a2698a || complete_integral_source_type:9c6dd9cb7a51ec309ab0f93e782ed53e7606472e50f74156876fe68cb34f9b34 || complete_integral_source_type:9cdafb5fedacc7466f1b890c3e0d363fea8eaea91e3cf6c4c55c74c0c16ca0c0 || complete_integral_source_type:9eb825a6420dab8f0f57b7e13caa2cf20d37c8f93d55f7f5ec9254b6bd20b03e || complete_integral_source_type:9f1d1feffc0d7e374e6cffa96b4df3c448c07666ffa5b4a91de15cb2b372b813 || complete_integral_source_type:a017ddbb0abd6911764f0e9d14c51ba7847973a0b4c895d3fa4ae1b2919c35ba || complete_integral_source_type:a1110e6ef11a8f81198bc08f27fb66e44ce6c94d5db55ec256ace4e542e1af9b || complete_integral_source_type:a1f74cb6d23e909f14098dffd76c2ff694aa8fda8dcdaf57ea66cf696e339178 || complete_integral_source_type:a70446740cf0122874faba697f34ac6e229804f4fda8812cf6e3742d60852342 || complete_integral_source_type:a79e8eb9b118d969bae82f30fca2b321c890c6ffb6bc21fe0a6a3f6c9f6dd410 || complete_integral_source_type:a9928016a817a253535ded30102bef6cc6535d25d324583b23f0afb04e4b1e55 || complete_integral_source_type:aa1db5cb3ddc9c674f6675669ec728eb25e572abf84a1b2827fee6d288235530 || complete_integral_source_type:ac1f483cbb6b1e578dfd40b0341267448200ebbb4a190a811c07ceb39399b347 || complete_integral_source_type:ac38c45bdb861119517d5e9b50ce013b374104cfb868ee240f82c8905432a0d1 || complete_integral_source_type:ac5dea7452fc68c89e748ba8f03739fa63e75cc089fc7a4a9f93cfd6e4066c33 || complete_integral_source_type:acc39b75131443a1b44803d2f97ff2b3ad25727e53ec2491cbde0c2da519d8aa || complete_integral_source_type:ad5cd17c4a8fcd4b84160e3d42ebad430c27c18bfb416d696d18bda24ed37b71 || complete_integral_source_type:adb6ffa77be49637ceeaadd293dc91d000f69731e467d2620504e6eefc9576d9 || complete_integral_source_type:ae0ffb693456f9498644c3338c665453b0bc0800f79baa099f85c8280d587f46 || complete_integral_source_type:ae69f131fa2b73f4b4ccb05185653658bc792ee48e0f6c5d0fa9054d57999d2d || complete_integral_source_type:ae725b587d1bd853a0ea23e72b03e833e67b44eecb0486661d39ee7c79d406a8 || complete_integral_source_type:af1b5f0d698ba6753944ff59691115352c48d8187993811db9df24d591d803ad || complete_integral_source_type:b0db5d4007dcff479ce2657db0e6ee4c1b4b5d326891827d52fa46f9fb85f8b4 || complete_integral_source_type:b0eebec519f6f96bbdab513d25d280ed620765ce79ae41ba46788199d7393ffa || complete_integral_source_type:b1f235a936ad2cecceb1bbf4a12254805ee98f0b3d3950d994cff7f00814667e || complete_integral_source_type:b596c9ab9eb48b6910cc7cae27e6e42ff2430946491790376cd83ac8dce06371 || complete_integral_source_type:b7bd29db9ce5c98c60b293dfe0e2f6f75e000a76ee74296d3b9318198b781049 || complete_integral_source_type:b87af5ee50414c926bdf71302e6d830d1fc3b22d1a4b230ed71951d79b684e04 || complete_integral_source_type:b8e8957af1dfebe4553c0afea47e89063101a6f057663f0f53b670e19a5b1547 || complete_integral_source_type:ba910a281f35f13d0f27ec81b70dc12e6654394fe89242e3d96eab1b487c9d3c || complete_integral_source_type:ba9f3fe71347fa97e19e98fa309bd76f8c269eb495fe4c982c8c52f470306f0b || complete_integral_source_type:bccd1624d850e78751e1f195f4e2c8c5736acb7cf8a507339a2ecaf37bb2008a || complete_integral_source_type:bf67cbd2f370ddfc3b20ca5da719cada525c4b0eb92326df39677503bfce6e0a || complete_integral_source_type:bfa9c5573d084f2ee50031dbbc12178e6635907e2f514c5f7f7d05360fd433d4 || complete_integral_source_type:c044f98422483106648565702505b73bb34ba8c0724603736177eaebdab3f909 || complete_integral_source_type:c221b52023566440019e09356a8a4a70a97693fa3a6e93b9b7b38935e5f1345d || complete_integral_source_type:c321483b9a2ce2f59618473793351f9d0e2c5a7cd2b323bd59f4d2602ca1be09 || complete_integral_source_type:c326715eb19e0a6003aae0a19e6d3983bd9bda2875349af00ac0150c5333004f || complete_integral_source_type:c58ee49910c49a700f954c82ef69e4b0f197e174e45dd17dda8f8b0df64dd793 || complete_integral_source_type:c940ea0f67c5e442318254bd0a0bc5c359d6171bd5a020d35cd98eb50dfc9551 || complete_integral_source_type:c9b5c7345fdfb05f5b2f7b39a27566abe2715c66b3c4f4eeddbbdc3dbd0358e8 || complete_integral_source_type:ca6ed8cd625465b71ba9b0242c059eee376dc80cedeba1b18f3f30e6bdab668d || complete_integral_source_type:cb692e16cfe5803ef151e7a9086869af37494f32179c1a6d787dc61eef680b57 || complete_integral_source_type:cbe9a6ed16a9db882c8830ffe8420b7ad8234877bfe4586bf372d313a8b16a4b || complete_integral_source_type:ccf610e364f283778ef01ff5c5168c5b72e04073a7f6ef3f3ff2e1ec7633f795 || complete_integral_source_type:cd3ddc9a0da77c50403e54cc75733efa60c35493926980656e96b187eb7f3a57 || complete_integral_source_type:d102fe4510f0e1bfaa404d35c9947ee828d23f1dac6dc4dbcca453babf6737ef || complete_integral_source_type:d1e2a1d48f280b15f16bc12fec84bcd474092faa6b835ca859a48c34aac3f5d8 || complete_integral_source_type:d1e700a1fec90f8b48d1870cee247f49baddd3a6b83e0bb04ac62f9a5e96a46f || complete_integral_source_type:d3201162cba931b4d39f1cbda6ac8af28fe3c93a81883562c04e667aef7276f5 || complete_integral_source_type:d394935d4341aefd76ca3897b955bc94c1c67f03f1e5931c660fe16d5e0848d5 || complete_integral_source_type:d4b4fe5be9d9f56df3697e7d44078b1423cdf5270a2e01ff5c915caff463e04f || complete_integral_source_type:d6ecfd98072d942eef275dae049c00a0e61aab8c956c8850c4beccf0ff8d73c1 || complete_integral_source_type:d7b7ee60d72e6c9dfd1c81164661d3ee2afc72f96a4332a708211e45f67a7f31 || complete_integral_source_type:d7cc8037de85aa213144e3a75dc5107201663a29aab3469efc8ae800f0667140 || complete_integral_source_type:d85d2ee1e2897ce5f0ebfe7dc4289f1f7e9da9a8ffc749a215c092d37ca7c6a5 || complete_integral_source_type:da8231ea5d45d71b970f232b095a3d688fc5bb4e49d66ce5a5ce132d4d10b727 || complete_integral_source_type:db324e9c9bba1c1ad789fba533cf6e6fff952991c0709ec816adce5ddbde5fd9 || complete_integral_source_type:db9bad1695a028ada4de1661084102871013c3f8d95e73eb4eb05b6fa397904c || complete_integral_source_type:ddbdcc2027dfc5e55f9afb9d4395c978831bff21838ee64e16f5c2ab94a956bb || complete_integral_source_type:e2233e832b203e8ed78394f84ed7eb3d823d1fd16b6d3b23b503b125f66135a6 || complete_integral_source_type:e2877c44fb70251a1e89625e8883dbba52ee8b1359a2a9e0b2b1ec373a3c56af || complete_integral_source_type:e446be0f94444f266d40488aca881c4a3034b43623a5ba0cefdf3a0af2e49d47 || complete_integral_source_type:e49c3f2f2bd66ce873357ea139926e8b8114beca13d7465883319a2519195a50 || complete_integral_source_type:e532ec87d44f3cb3a748f44671b4a3d60a8289d25d97b8fe102ba4c18aecce30 || complete_integral_source_type:e633aa8ac15533470de10f8b335cf83861d9854978673a34516ab14b8b8d195c || complete_integral_source_type:e856ccde97d0688004031c6b7b2fe5b7f61b6583d92edab44f85a24304bd7a39 || complete_integral_source_type:e94d2e99d13a803e61d08c5a57726a78668ce1b9b15308d690f9286d8ad3b973 || complete_integral_source_type:e9cae005db1cdba203339afd1db2867b94fabe23985baaaeae9e294b00ad1d1c || complete_integral_source_type:eaa15b0c15d2096cfd8947b090bf17c37ec6799462667ecc8c613789a640682d || complete_integral_source_type:eb52b335c870b0fd2cf303274831324f96b58fd6424d43ff7d8f54d31be89c91 || complete_integral_source_type:ecb5c69e9e8cbf938f0e1f6bb23af48634f6cdcefb9e5730cb47481cf1b9b19b || complete_integral_source_type:ed76c182c46aba14c598e0c19b365dbaf9c0404af4ca7cd07698ec0c68ed20de || complete_integral_source_type:ed814aa20df62886e058d38d8565e1d87f28305452596d82e340dc5fff4fe4e0 || complete_integral_source_type:ee48ecaa104fd89c4d05826138235ca4d4fcd5157ae463b80db1cb8fd25e7d73 || complete_integral_source_type:eeb34807d22b3967c9402a87291021c280b424c18b51a5bce9fba3d3e2bd7561 || complete_integral_source_type:ef670328f6740ab73cd247eb7848c4e6cd03dfeb8a476ee454d969c8a4548149 || complete_integral_source_type:f05df21fe15847d4ac6c6ad9349e550607723d69c0d8b00cdab4b36a1952c0d8 || complete_integral_source_type:f24328e245f3040d64961b9ffe0c9046ebd78bf7a037489a1c7cde03d4f668ca || complete_integral_source_type:f292f41fa48c28e663afa58cc6c654247831ce386df1d1dab7edd01f750033f5 || complete_integral_source_type:f39056c9b84325f331defe1eda5900fbc9de9e1b8eb0251da29d0f04d8975323 || complete_integral_source_type:f3bb7dd183fe246793fa7f8d7b5a85c569ae466692c9a9bfc247e037771c16d2 || complete_integral_source_type:f442bec898d30b773408f487f07470c83126c09c3688baa3e1358dc45c3bd8bc || complete_integral_source_type:f7bd3dcce5513cd8c1474419c8e1c7fd3e80f24ff3e006a80ed8477c25bae644 || complete_integral_source_type:fc8bc4d0a51bc056ba1cadc7db27e0ae6acacda88c922c35dc3ae7e6bf2688f8 || complete_integral_source_type:fc9244b7e0d63bdffef5b08082161037016fb5e5f96e0f6c5150222159d1039c	complete_integral_source_type:000a983aa6e4c194f53dcc47a69a333062d3dca032cc1487ea1786d6b94f6d92 | complete_integral_source_type:009a549e6ba7c6923d6de5515060fc14ee04ade0182bac458c6fb6f44c65fc55 | complete_integral_source_type:01d2b517f933b43e73c8a1b9f35622b31711dc9f03f56f8d6a3fd1049621cdf6 | complete_integral_source_type:0514432c918849d3f7d69fd4bacaf89cd647a62d59949685b761bc4b7f2cf783 | complete_integral_source_type:055b4b4e2df8aee3474d720aef5bfd9feb5114dbe746ae07a53da1021c3037a4 | complete_integral_source_type:092f8e6bf463bdc6ef4398ef2ec121b8d6e934e0ebfbc143d9656b330d40e3fe | complete_integral_source_type:0acd1e8937f58d2fa400c62755cc1ef3804c717cdffd3c9e3401526567a0ceb5 | complete_integral_source_type:0e85a0162fb229245bb58ab3e6d05a5b80ffcc3eeb27d3c7b7a205e9374b551d | complete_integral_source_type:0f8c2278e01bfed69f254dec197407c63b869b779335710d30844ce545b844da | complete_integral_source_type:10f364368e11852e7bb654f6ad39c006a42bafe95fab5534e7e0d74bda293daa | complete_integral_source_type:12bcd0182d387cad135da6d80cf4969b371d099b88db4413d7a5369d903782c8 | complete_integral_source_type:139127ae1dc99d4521d1f3d5e159e556c2847828df728fe728b2ba8a2b078c73 | complete_integral_source_type:14386ad4616055a03e3b15c4f1a60e76480c4c90be9875702c17493b957ed726 | complete_integral_source_type:15ec7eb2a1fb137a13c90121703bbee0214244589fac7f0ca12ae3905c53931a | complete_integral_source_type:164d1afaceaa5cf2b216e3735411bcf1e21a5753da88cce682c97fae45025467 | complete_integral_source_type:16c6dd97c5866ec8c84de949d1bb15f8c0e127dddcc44bbcf82b757b5044b62e | complete_integral_source_type:17eab8fea54171d59a97297572ce635e226ffc62902dc33096e3a455004ff02f | complete_integral_source_type:18c5d9df686aa4291fcaf7586bb7249a1a90a394c0d622a8fc23e7055bd4c84e | complete_integral_source_type:1961ce0fce16ad8f21d738342ba230cdcd3dc3f89118290ad26293b3fa1c92ad | complete_integral_source_type:197fafee277ae4251601265dfd4a12e96d0dcb622a2f0722860e6b342dfe32c4 | complete_integral_source_type:1acc63c4fa7f3f493f038a3ccf3f3eee000a683b69a57549d8a3f328fce02855 | complete_integral_source_type:1afcc7243f0d6e48466346e508baabc619f02cc26406c79f888e2f0985b0c271 | complete_integral_source_type:1be8dd22f4b29235847d4bfb84f6d16f5b5e64067f4561054877b55fff5b6cce | complete_integral_source_type:1c75925b0c2b46a39d2f45ab08f2787044efc3fdd0b7931e057c8a13e79862dd | complete_integral_source_type:1d1fd286d89a61b5bfceb3fa38fb95fd5c62bbd95057b7255b54ecbfce0f3e9d | complete_integral_source_type:1de16e9b925089d391121630af61682202cb401702b3217f9f7c24cf357b79fe | complete_integral_source_type:2030b71e0bcb95b659351f17540b122bec7ad0a3bc1269abb1c49e621704838e | complete_integral_source_type:21e71e4525dee38b02078f1ad18dd2b8ed3e7e27cfbadaa06533cf47ae0a8ebf | complete_integral_source_type:226b97f7aff71218cd2c0cea99dd4a9e44ffca92cb1ac96f9dacc1f754aa51d7 | complete_integral_source_type:239a12951857cd3c6c6d69459b8d517a11061b83ccc33091ccef5f5c461af9f6 | complete_integral_source_type:23a1d0d78aa1417329ef0abc720e7414fa1a853822ab3b21692b629230711f53 | complete_integral_source_type:240a3fc0342aa24ab2d35a18fcebf9b2fff114d803a40d37f00b7e2109e4437f | complete_integral_source_type:244a0a46b685989939d30ffd9566faed334bfcc9254f086cab1759d2894ac067 | complete_integral_source_type:251f926bc59eadcad51058e11135fff85add73ae09bcc2b4237de711003fff20 | complete_integral_source_type:2557716acdd326789fd45e1d4dd4418aee52a7e05817d5ca1136e031ab5ab035 | complete_integral_source_type:2741721c3d7b8409a0306184d7b1c76442f85139c78b202bf685f44073134100 | complete_integral_source_type:2783c6e9c6778f26f33c3db40466fd4dc1ad1132a89bf091d148f0ad87e7e84a | complete_integral_source_type:29cd8d062d526af517f7b1cd0f5552a1f34d8279a863648b8e4c0f75c2e8b42e | complete_integral_source_type:2ab8a2475a0c9941e5ad50d9ad845f3061b8739b371870e60ed571ea8d287e45 | complete_integral_source_type:2ae67d10e4de2c7a78f47ce57502dcc5eaa74004483b3e371f1f3d0308a9a4a8 | complete_integral_source_type:2b1018cad1cc5c2578f1b56c17c79c945b1caed8c5a9c9e0b56f283ef9bc7449 | complete_integral_source_type:2cc00e108c80811f8437341e09835265c19c9c4c99783d7a09f363027e6e33b1 | complete_integral_source_type:3166097cc3770ccf167177947fc8d184cbb2de179f50ce68b8cd7c677dc5899f | complete_integral_source_type:321f5ebaf12e3fc78628af54de8fb6b7f59847035d6b0e8b81f8b5596c8afef6 | complete_integral_source_type:365c1243085de968e7e89023647e5e72ca0c19f2d2dae9da61f518be45f8a907 | complete_integral_source_type:36be66bcd7cac8135df8d34e4901d29e9ea711f083c803cf4551ef23e4bd57a4 | complete_integral_source_type:3779063f4d54d99506bf42cbe6a82b24ad9d058ee72727f8b2b0defad9c1cb18 | complete_integral_source_type:380bf0f5b237dba1b0d70a70f323c69e122d85a53ab89f5d8ab913bf2a124f34 | complete_integral_source_type:3abd251d4b162dd4ceef5910ee65b906052ff5e5b044c05c2f25b3703440c524 | complete_integral_source_type:3b8f12f81f78a3e291cd66630480744faa8e2c616915e61733a0a6ec336dd710 | complete_integral_source_type:3e7b02dfecd48f83b3013c469120b462a9947b289bc41262556ba1dff477b81b | complete_integral_source_type:41e15aa2c1b066670ec00002122cf5ed7db6ba021a55af3a301630ac8338fb2e | complete_integral_source_type:441c4e5df153cf572ca7f94c2387bd7e314d7745ee1a73683516c3f9f2830b1d | complete_integral_source_type:45e9a8fc7a6cd8b84a593ef863a214f06d38770b72c92b800787c167625d3e10 | complete_integral_source_type:46bfb0d3a69725cfa22f24cb44d8f887aa34e84e6e524c7f4ae1b1adeacee630 | complete_integral_source_type:46f3b769b15dc1b117d8132d5beaa57caace2ba3d5dbc28d21dc595cf62890f1 | complete_integral_source_type:4738432ec857abed64ade8ffb4ad4ddb73428f88ac1570f584c1420dd63970a7 | complete_integral_source_type:474d486c256b9431af9aaaa7f827552297ad7561030343204854c468202ba5fb | complete_integral_source_type:47be9a9779fcdb89acacd9d6c1dbaca9fcf731365e63f7459d04624a999dc93a | complete_integral_source_type:4a109af664e27f75c63c3c8bfcc23451be32aed4685c57ff20e16c978533bb60 | complete_integral_source_type:4aa8effde78da1cb1ec1040feb9bef0aa7c6814a90c33528990429ea0dbd4d52 | complete_integral_source_type:4b40eeb8238a19fd54d16ecef8dea4593bdc58858ece5ef7ffbea52edcad6609 | complete_integral_source_type:4debe76dbcb38907293b1e080fb5977b225f12034c3e7e159f610a0ba4b262da | complete_integral_source_type:4e6a81ff8bf641c9c44a783f72c13eb82b0d48536644e07ac3dc99db9d194150 | complete_integral_source_type:50c08e43a6c423dcff92072349ae00d945bad80a56cbffe97e6aa9502291aa80 | complete_integral_source_type:536fe5a6ef85906f3bc907476482816a467446ff07c4850d1d254eba9c10cf88 | complete_integral_source_type:53f57a72f995e3a3d684a929480da9c7e0bcda86245ec7ac81a3d052995ae6a3 | complete_integral_source_type:54f714e03a61b99db1730aae64b1d45a3e01d87a8e1b5d7b5b7657e66261dd75 | complete_integral_source_type:55c877842b58f1b47394b3a27b06368b1f3015755c6b0489b20145ef6d831a34 | complete_integral_source_type:58999b9c17e3aa14bb6a5283e69fe1b9e17a733f86be1080979d14b2492db4d0 | complete_integral_source_type:5a7dcc9752886215c7a7af36fe46440fa7f9ec2666e1ad6a831e1b6b127bb53f | complete_integral_source_type:5e7790e81b2912e155cb40cb635e2281e66d393e2dce1f8f4cdba0f189aa7766 | complete_integral_source_type:5fed976b1cbf48f1c8567151c9a341bdc3693b7577abd950fca2596a60fa03aa | complete_integral_source_type:61fa318ce37eb4cdf57b8db34746ed7c427b15993a7b03194eac6d7556433b7f | complete_integral_source_type:620a05879efe98b8778ce2f4b853e908871b56a409a6b7f5b9a64aa49b05a26b | complete_integral_source_type:62c282216c82deba16fb26aee84ea84bbdfefd4c4b01619437031106c56c4522 | complete_integral_source_type:655a2a5e32b2b653c0f6a76cd06b8065902d5566d17ba500a060fbe258707402 | complete_integral_source_type:66088528b972289d04c9daf10a0a553d0f8095d2e4b1463c39c9144cd2c0cf10 | complete_integral_source_type:66aa2284ea3cdc281c5d56f1085925db34d1a5c78bb4bc703422932aaf5277b8 | complete_integral_source_type:66ac710a35f6012293c65231625d7baada15178e42e2f4cab7edc49e32d4717c | complete_integral_source_type:678d938765e73e9fbac8905abce0fa6e2672f15757862e87665a21d83ca788c0 | complete_integral_source_type:6a30dc4a00c1b13567f52f9e418c8ac21ce90aed0d1d9740370a4a9a375038f2 | complete_integral_source_type:6ab4f6b6c5b039906c49dcf45c146918bb8cff0977342ee51ea4fdaa431b65fb | complete_integral_source_type:6c86376fc5b15d871051f2b753d4b35c8a797aa9db57e5c315066c1c12528103 | complete_integral_source_type:70818a0c8ebfc3bce16ddb8ed9e5cccef9738584399b3a4095d2c147aa589a98 | complete_integral_source_type:7087401765b9146791011fa98cd529cad8f1f05718d7d71c322a34265b8880b0 | complete_integral_source_type:732a913b168a3588a1c4662c489bda4173c21227ed3851b246d4104e23e4d5d5 | complete_integral_source_type:753ba81405457cb56ffa3dd4f823587c93b6ae919ae357b13c1e6c37c30fd455 | complete_integral_source_type:758f8d4b145d8cce55dade22f3e203e8345a35ae78568db1b3a9ba2625b66761 | complete_integral_source_type:761547d4aaf8e1566fc68c9f0d98d9f7df168c1afc7cd4ffcd40d622544e1f7e | complete_integral_source_type:77736b2ce6597aa73e6fbeb1cb43d9f8696696a0ca9ed44506937864139e79da | complete_integral_source_type:7887cef30428790876263f16a352ca87a8fd52232766689ebf5d336cac480e18 | complete_integral_source_type:7999d4e70faca21188d6fa5397b0e5478a9a551b4579aba8fed81bedc8a356db | complete_integral_source_type:7a1460c0ea2a1551986f145cb12b33aad38f143bce5c573b19f2bcf3f22cbbd1 | complete_integral_source_type:7afc529ca28a6df15e078e4e0f4be3e645ffeddec3b976dd422c31005a6914fd | complete_integral_source_type:7b03978e33b5e51b1d553c474ba02f8b85804d07552c3941d4d035c3f1224a3b | complete_integral_source_type:7be32d0bfad01cdcec0a2922d89ae793d360d49958dbd6e8cdafc09728166d6e | complete_integral_source_type:7be83b6a003f9604ad009352f05ac011c2b73cfb30056ecd7bc692c286d48af7 | complete_integral_source_type:7de2eedfd341d8b3ec5d15f578de1350391b204e2e070abec780121289065951 | complete_integral_source_type:7e7281abc76c0647559c21f330017f4e78588cb7626ac7e532c1591f9e5185e4 | complete_integral_source_type:7ea32df2b511358b2fd9b71b75137872a4d330974f6671d28cda5480b0515859 | complete_integral_source_type:7ff7e8be6e19e38b06b655aaea3b48811467060df4e525b57b809d3a6c61d999 | complete_integral_source_type:816bfee7d3736d14b7f775a9992f73ea1c032c41b311482793355b71d34020a8 | complete_integral_source_type:81b8a97eb460c586b8eb4523b65286b0da981c2254e7cfd8216ec0461e713206 | complete_integral_source_type:8366e0ffe486eec72ee4d5aaa7023a894765d5d2715f622ccd27ed30cbcd192e | complete_integral_source_type:837e973c7ad261076cabe7c394cc5eeb339aacd24d769e56b0f47083b125861c | complete_integral_source_type:8692338f422a5f632b1df0620a6fb444fc1bd05c409906361a645c30d1acebb3 | complete_integral_source_type:878ccf0fe353b3e7a42d11ceb0cdc7d950d879dba31bcddfda861013fade2063 | complete_integral_source_type:87a7b8a8b4c3bfb67ceaa0395255562c50b7ad2426f26f0e211d42558db02556 | complete_integral_source_type:87f098a9c89a42d33f8072a986ef20571c70f843542e627aae1687e5229677b3 | complete_integral_source_type:883ed4212b2a02e984441b15ff62cd7c288dd26b2678b23a5c502dc772652988 | complete_integral_source_type:8a3cd197f7910b1b5e3e2d83a1d7ca0802772c8987b2392f4f1bf0076b0a5451 | complete_integral_source_type:8e79b266b5408420fb4ab27da7a4ed0e578686f42fd7879e171e16613af79ccf | complete_integral_source_type:8f9b6478d07920e9916abf6b20d382966019df66ac2a82fa54b5029907c69ed5 | complete_integral_source_type:91d72b05c2a5592b1fce35219b43fa14f5cf882244e43532ea36de4d144e6efa | complete_integral_source_type:924fa3ced18ba8894c5747ada95cf92b1306c65c52fdb03294a04f28f644f16b | complete_integral_source_type:9255c67064d3f22bd4389ff1ac2996c179511693fa19cb3c0ddc3566d2ac1911 | complete_integral_source_type:93a6c01678a6644929275102a468cd559b64b8a50a366cc6bd6324712f3d15b3 | complete_integral_source_type:94db8a44b0b2914b9d933466215e467eb9d0e415dd6a74083f07b222a837f307 | complete_integral_source_type:9683565d9006b8548519c841058dfdc29e3e0b9ed8944b328601bcff39bc82e4 | complete_integral_source_type:98d9be151b7253f22e0f7387f68df8a7a90d922fbf2540f3d4ca8cd3bd54c66e | complete_integral_source_type:9b3b3b8d27e8f17bc06fd136aa0f2f1f648d010d52b6d76643b9e6a4779cf27f | complete_integral_source_type:9b7fe694978f7cbc78da44cbd98b5d2da75cd9a63549f45d91b9495b06a2698a | complete_integral_source_type:9c6dd9cb7a51ec309ab0f93e782ed53e7606472e50f74156876fe68cb34f9b34 | complete_integral_source_type:9cdafb5fedacc7466f1b890c3e0d363fea8eaea91e3cf6c4c55c74c0c16ca0c0 | complete_integral_source_type:9eb825a6420dab8f0f57b7e13caa2cf20d37c8f93d55f7f5ec9254b6bd20b03e | complete_integral_source_type:9f1d1feffc0d7e374e6cffa96b4df3c448c07666ffa5b4a91de15cb2b372b813 | complete_integral_source_type:a017ddbb0abd6911764f0e9d14c51ba7847973a0b4c895d3fa4ae1b2919c35ba | complete_integral_source_type:a1110e6ef11a8f81198bc08f27fb66e44ce6c94d5db55ec256ace4e542e1af9b | complete_integral_source_type:a1f74cb6d23e909f14098dffd76c2ff694aa8fda8dcdaf57ea66cf696e339178 | complete_integral_source_type:a70446740cf0122874faba697f34ac6e229804f4fda8812cf6e3742d60852342 | complete_integral_source_type:a79e8eb9b118d969bae82f30fca2b321c890c6ffb6bc21fe0a6a3f6c9f6dd410 | complete_integral_source_type:a9928016a817a253535ded30102bef6cc6535d25d324583b23f0afb04e4b1e55 | complete_integral_source_type:aa1db5cb3ddc9c674f6675669ec728eb25e572abf84a1b2827fee6d288235530 | complete_integral_source_type:ac1f483cbb6b1e578dfd40b0341267448200ebbb4a190a811c07ceb39399b347 | complete_integral_source_type:ac38c45bdb861119517d5e9b50ce013b374104cfb868ee240f82c8905432a0d1 | complete_integral_source_type:ac5dea7452fc68c89e748ba8f03739fa63e75cc089fc7a4a9f93cfd6e4066c33 | complete_integral_source_type:acc39b75131443a1b44803d2f97ff2b3ad25727e53ec2491cbde0c2da519d8aa | complete_integral_source_type:ad5cd17c4a8fcd4b84160e3d42ebad430c27c18bfb416d696d18bda24ed37b71 | complete_integral_source_type:adb6ffa77be49637ceeaadd293dc91d000f69731e467d2620504e6eefc9576d9 | complete_integral_source_type:ae0ffb693456f9498644c3338c665453b0bc0800f79baa099f85c8280d587f46 | complete_integral_source_type:ae69f131fa2b73f4b4ccb05185653658bc792ee48e0f6c5d0fa9054d57999d2d | complete_integral_source_type:ae725b587d1bd853a0ea23e72b03e833e67b44eecb0486661d39ee7c79d406a8 | complete_integral_source_type:af1b5f0d698ba6753944ff59691115352c48d8187993811db9df24d591d803ad | complete_integral_source_type:b0db5d4007dcff479ce2657db0e6ee4c1b4b5d326891827d52fa46f9fb85f8b4 | complete_integral_source_type:b0eebec519f6f96bbdab513d25d280ed620765ce79ae41ba46788199d7393ffa | complete_integral_source_type:b1f235a936ad2cecceb1bbf4a12254805ee98f0b3d3950d994cff7f00814667e | complete_integral_source_type:b596c9ab9eb48b6910cc7cae27e6e42ff2430946491790376cd83ac8dce06371 | complete_integral_source_type:b7bd29db9ce5c98c60b293dfe0e2f6f75e000a76ee74296d3b9318198b781049 | complete_integral_source_type:b87af5ee50414c926bdf71302e6d830d1fc3b22d1a4b230ed71951d79b684e04 | complete_integral_source_type:b8e8957af1dfebe4553c0afea47e89063101a6f057663f0f53b670e19a5b1547 | complete_integral_source_type:ba910a281f35f13d0f27ec81b70dc12e6654394fe89242e3d96eab1b487c9d3c | complete_integral_source_type:ba9f3fe71347fa97e19e98fa309bd76f8c269eb495fe4c982c8c52f470306f0b | complete_integral_source_type:bccd1624d850e78751e1f195f4e2c8c5736acb7cf8a507339a2ecaf37bb2008a | complete_integral_source_type:bf67cbd2f370ddfc3b20ca5da719cada525c4b0eb92326df39677503bfce6e0a | complete_integral_source_type:bfa9c5573d084f2ee50031dbbc12178e6635907e2f514c5f7f7d05360fd433d4 | complete_integral_source_type:c044f98422483106648565702505b73bb34ba8c0724603736177eaebdab3f909 | complete_integral_source_type:c221b52023566440019e09356a8a4a70a97693fa3a6e93b9b7b38935e5f1345d | complete_integral_source_type:c321483b9a2ce2f59618473793351f9d0e2c5a7cd2b323bd59f4d2602ca1be09 | complete_integral_source_type:c326715eb19e0a6003aae0a19e6d3983bd9bda2875349af00ac0150c5333004f | complete_integral_source_type:c58ee49910c49a700f954c82ef69e4b0f197e174e45dd17dda8f8b0df64dd793 | complete_integral_source_type:c940ea0f67c5e442318254bd0a0bc5c359d6171bd5a020d35cd98eb50dfc9551 | complete_integral_source_type:c9b5c7345fdfb05f5b2f7b39a27566abe2715c66b3c4f4eeddbbdc3dbd0358e8 | complete_integral_source_type:ca6ed8cd625465b71ba9b0242c059eee376dc80cedeba1b18f3f30e6bdab668d | complete_integral_source_type:cb692e16cfe5803ef151e7a9086869af37494f32179c1a6d787dc61eef680b57 | complete_integral_source_type:cbe9a6ed16a9db882c8830ffe8420b7ad8234877bfe4586bf372d313a8b16a4b | complete_integral_source_type:ccf610e364f283778ef01ff5c5168c5b72e04073a7f6ef3f3ff2e1ec7633f795 | complete_integral_source_type:cd3ddc9a0da77c50403e54cc75733efa60c35493926980656e96b187eb7f3a57 | complete_integral_source_type:d102fe4510f0e1bfaa404d35c9947ee828d23f1dac6dc4dbcca453babf6737ef | complete_integral_source_type:d1e2a1d48f280b15f16bc12fec84bcd474092faa6b835ca859a48c34aac3f5d8 | complete_integral_source_type:d1e700a1fec90f8b48d1870cee247f49baddd3a6b83e0bb04ac62f9a5e96a46f | complete_integral_source_type:d3201162cba931b4d39f1cbda6ac8af28fe3c93a81883562c04e667aef7276f5 | complete_integral_source_type:d394935d4341aefd76ca3897b955bc94c1c67f03f1e5931c660fe16d5e0848d5 | complete_integral_source_type:d4b4fe5be9d9f56df3697e7d44078b1423cdf5270a2e01ff5c915caff463e04f | complete_integral_source_type:d6ecfd98072d942eef275dae049c00a0e61aab8c956c8850c4beccf0ff8d73c1 | complete_integral_source_type:d7b7ee60d72e6c9dfd1c81164661d3ee2afc72f96a4332a708211e45f67a7f31 | complete_integral_source_type:d7cc8037de85aa213144e3a75dc5107201663a29aab3469efc8ae800f0667140 | complete_integral_source_type:d85d2ee1e2897ce5f0ebfe7dc4289f1f7e9da9a8ffc749a215c092d37ca7c6a5 | complete_integral_source_type:da8231ea5d45d71b970f232b095a3d688fc5bb4e49d66ce5a5ce132d4d10b727 | complete_integral_source_type:db324e9c9bba1c1ad789fba533cf6e6fff952991c0709ec816adce5ddbde5fd9 | complete_integral_source_type:db9bad1695a028ada4de1661084102871013c3f8d95e73eb4eb05b6fa397904c | complete_integral_source_type:ddbdcc2027dfc5e55f9afb9d4395c978831bff21838ee64e16f5c2ab94a956bb | complete_integral_source_type:e2233e832b203e8ed78394f84ed7eb3d823d1fd16b6d3b23b503b125f66135a6 | complete_integral_source_type:e2877c44fb70251a1e89625e8883dbba52ee8b1359a2a9e0b2b1ec373a3c56af | complete_integral_source_type:e446be0f94444f266d40488aca881c4a3034b43623a5ba0cefdf3a0af2e49d47 | complete_integral_source_type:e49c3f2f2bd66ce873357ea139926e8b8114beca13d7465883319a2519195a50 | complete_integral_source_type:e532ec87d44f3cb3a748f44671b4a3d60a8289d25d97b8fe102ba4c18aecce30 | complete_integral_source_type:e633aa8ac15533470de10f8b335cf83861d9854978673a34516ab14b8b8d195c | complete_integral_source_type:e856ccde97d0688004031c6b7b2fe5b7f61b6583d92edab44f85a24304bd7a39 | complete_integral_source_type:e94d2e99d13a803e61d08c5a57726a78668ce1b9b15308d690f9286d8ad3b973 | complete_integral_source_type:e9cae005db1cdba203339afd1db2867b94fabe23985baaaeae9e294b00ad1d1c | complete_integral_source_type:eaa15b0c15d2096cfd8947b090bf17c37ec6799462667ecc8c613789a640682d | complete_integral_source_type:eb52b335c870b0fd2cf303274831324f96b58fd6424d43ff7d8f54d31be89c91 | complete_integral_source_type:ecb5c69e9e8cbf938f0e1f6bb23af48634f6cdcefb9e5730cb47481cf1b9b19b | complete_integral_source_type:ed76c182c46aba14c598e0c19b365dbaf9c0404af4ca7cd07698ec0c68ed20de | complete_integral_source_type:ed814aa20df62886e058d38d8565e1d87f28305452596d82e340dc5fff4fe4e0 | complete_integral_source_type:ee48ecaa104fd89c4d05826138235ca4d4fcd5157ae463b80db1cb8fd25e7d73 | complete_integral_source_type:eeb34807d22b3967c9402a87291021c280b424c18b51a5bce9fba3d3e2bd7561 | complete_integral_source_type:ef670328f6740ab73cd247eb7848c4e6cd03dfeb8a476ee454d969c8a4548149 | complete_integral_source_type:f05df21fe15847d4ac6c6ad9349e550607723d69c0d8b00cdab4b36a1952c0d8 | complete_integral_source_type:f24328e245f3040d64961b9ffe0c9046ebd78bf7a037489a1c7cde03d4f668ca | complete_integral_source_type:f292f41fa48c28e663afa58cc6c654247831ce386df1d1dab7edd01f750033f5 | complete_integral_source_type:f39056c9b84325f331defe1eda5900fbc9de9e1b8eb0251da29d0f04d8975323 | complete_integral_source_type:f3bb7dd183fe246793fa7f8d7b5a85c569ae466692c9a9bfc247e037771c16d2 | complete_integral_source_type:f442bec898d30b773408f487f07470c83126c09c3688baa3e1358dc45c3bd8bc | complete_integral_source_type:f7bd3dcce5513cd8c1474419c8e1c7fd3e80f24ff3e006a80ed8477c25bae644 | complete_integral_source_type:fc8bc4d0a51bc056ba1cadc7db27e0ae6acacda88c922c35dc3ae7e6bf2688f8 | complete_integral_source_type:fc9244b7e0d63bdffef5b08082161037016fb5e5f96e0f6c5150222159d1039c	complete_torsion_type:0302d2ab8fcc792b5b5145f9eaca8b5c140f45f808cfe03168581f975244a8fc || complete_torsion_type:030b6487736a8b3e79b1fb6ab700f394d202308d772e23345e183787947fdbbf || complete_torsion_type:079b045cee48ac23024d3aab82ac94644b7fbea33b7cafff11a040291366528b || complete_torsion_type:0a1cbeb41078eb3c050853dd239e4e7037fd057bdc899144a6b0609cebeb3aa1 || complete_torsion_type:0cb40b53cefa09f41d101733dee2db5b1680bfe6e17a5ab6f4465709c7d84a4b || complete_torsion_type:0f76411a27296686800adecdbcfdd42edfd54fce0dff0a323239fc0cc7a0339c || complete_torsion_type:178a8739aed8ad6f60dc199463de4fd402b321452f67519a34f89f85ba004a43 || complete_torsion_type:19474bc7920a5afa72aa857bf5d101b752fc1117d295d45918cabf904a444f47 || complete_torsion_type:1e349c64934a40d4eb9e32364447f999e35f9e2450575d523004c763d4b9c094 || complete_torsion_type:246c69889766b229bc182dbbfdd39efde78281426334d4d19d02c82659fc8bc8 || complete_torsion_type:2491be96f3ef1259ab433dc49bf1cae37a672ed9d780f3feb58ca30798c79bb7 || complete_torsion_type:2a803bb7328bc91f1a629db108cd9cdb10db7a1e0d6404050d4df627c8c6b3b9 || complete_torsion_type:2f4768b2c0d6555c1cc9758dd300952ccf5b2292860d3879baf12c8bbc58ab09 || complete_torsion_type:32f941d7a4dc82cc5210016576ca4a536aeaff05e4c91d2696530c59e1d9d31e || complete_torsion_type:36f6b6461bd01435824c776c921e6b91e06dca8ef1b46039c237aefb6c272cd0 || complete_torsion_type:39c0c0266ad4a669577fb3119bd7fb1baec72fb03ec7ea42097722bbdf51302e || complete_torsion_type:3a5189342f6e51bab111f7b86f22aed92d63221f1ef3071c53d3f966dc8986f6 || complete_torsion_type:3df374c76afd9bedaaf2ab0e68a9ec85d1994c4453bbb6dee913c5e15c9ccc93 || complete_torsion_type:3e8caa15d789e4280f4160e11d8f659a7616df579439c1f8150a87326e68911d || complete_torsion_type:428e4b3a07800f0105210ad9c0ba25f9082f44dbf0803a77f7831b2e637ce354 || complete_torsion_type:4362ae31c529541fcd5a0883ed350fe08dbd3113b21df30ed74574e37808e359 || complete_torsion_type:45dde3243c2d6fcefe746b22b43e9e13b2116896a545a8e32311542d0a433b33 || complete_torsion_type:4654d90ce904f61281b2da7a4cf5a3cf285f9e2f8d505abc497d28106c6822f0 || complete_torsion_type:4aef7f616b483e031d3ac497586dfe23fd7c90e9fe169a9aec2951e6dcd420d4 || complete_torsion_type:4cc4f0826c667c3a4863954d065de2bfb6b875a1451cd33256828bbdb27b1567 || complete_torsion_type:52318fa651429e353c2d8ef84cdd8bd6add5665dfcbee6561a6dee8e26419264 || complete_torsion_type:54fb69f39f5a4e1da8427e66448f27573cb7dd76a0f815c503bfcdcbbdf6ca7b || complete_torsion_type:559bd257c5965f26849f0c81cdefb709090f545fdfc894b7e3f2a6bf3b39e3bf || complete_torsion_type:563cfdc80e881e477f73f9119b24cde0ca02a07f39b2342a427c5d5e81a8827d || complete_torsion_type:58d06a8a1531acb192332f8e76e5513321e33a877e82497deae6e65ebed0e6e1 || complete_torsion_type:5bb253208fc01a21ff7cb575b2ce85958a1cc649e373e285c36495410bf774fa || complete_torsion_type:5bee97720e7fb75af1282a6f94cfd5ea75ce5fc945d6e0cbd24ffd75f3bf6c7f || complete_torsion_type:62401358dcd8d1f3b8a6e8acfb0fb7dc43784d5ed2b254365510f62fb7f3ad05 || complete_torsion_type:63a31d49c910223d0cd94724cb98bb1bfe5fc67fea0ceb14c11e54fcc7177462 || complete_torsion_type:647624a7a62792aa05fd248f73b0e219726a3a6974c3b27c0d99ae100f03efe5 || complete_torsion_type:64b4629bb190069c1ab25370d75e2e064c9ce1294ff47958c9e481e29a8462c2 || complete_torsion_type:6c4e89652341954d5f742f1ec3182fdb165e487a496573b0b187fa6d1bb45ead || complete_torsion_type:6e151538c9c633876356aa72d3d8d0c9d49b71af3621fb6c52e6ed18414c98fa || complete_torsion_type:6e7db6c91f60f217c63dc4d71f2aa2c0033430b6638c2a872ad4d185e6fb3855 || complete_torsion_type:6ee16fc58ca5fb7374b8d0fe73570903833c45f42ae3e30c34c2d2078f61ed73 || complete_torsion_type:718eb59c3afb0bc4d6c1f8db5518bab8b4694f3f3fcc01bd60ce8f3270330187 || complete_torsion_type:733b67bdb30f8314d060d66d29e14afaa30f2f472a4baba371c1e1b1f304055d || complete_torsion_type:7794bc375a9bb3b6c3a0f66c7f5417d5291128250b2d23292a323621db5c650d || complete_torsion_type:7a934099b3df0e29ca66111092b0443aae0205a1811b2d2ae3b66e5f04c95c6f || complete_torsion_type:7b0cf4e50d2a20619d8d10ff05c84aaf7d3c699443dff88ec69f594f06e1c384 || complete_torsion_type:81ec90af1384861e51c914ca24a4f72d635779378122545b7f9a984ef86c76d9 || complete_torsion_type:831b9aa36e142f912e6f32883d9a126a697c3f72d4e6d202967eebc37c6c84ca || complete_torsion_type:83607d586464243b7a1da0ffc2026355cb038dcecdeeee165b459db5a682e26d || complete_torsion_type:8366cc39bac8654e1c3e7b8e8581b0e2e8a8fc9fcd50540828f310a0c9017c9f || complete_torsion_type:8532f0f247b4b6f69609d18bb682d537539d4b0a6a0e7c3deec835f7d96ef7ea || complete_torsion_type:85b9fa69d657844d16e64bad3ffd32afd91e205880425c0ec7fb1306bee2f229 || complete_torsion_type:87e3ca807992e0338bbe18fe371161c8218593feb7d5909618d510cb55d607ba || complete_torsion_type:8af48aa2215de77e12a33fa50c67006dc51e069de89beb4988f7085fe7d5d80e || complete_torsion_type:8ccc7143b590f154c60733075bc53c6f6b77a2bbdaf46166e475fd0e4e7f27cc || complete_torsion_type:8da54cf18abb569569c19025b268c1892b3e71e2289410471efbae2821dad6ad || complete_torsion_type:8f247b1c3723e4b800eadef67d706230133f3e8353bd2cdad063b195348912c2 || complete_torsion_type:9016ab1d815283535fd6b79af573c13c39a5b471f1fe0869b4f047e518be6440 || complete_torsion_type:90a2c8446493adfb6a84d30a913592baf84c24b3264492aaf03d096b9719e7fe || complete_torsion_type:91c0d3e4a43498cb0ac2893a0ed25de03c4fe044e61ae1ebf4ba351189748b50 || complete_torsion_type:93f926d78beb5515b01195bfd69f1e5f235dd930b017816d62e70256f86e304f || complete_torsion_type:940b011670ead9161c75dfc05a9fc2a61c91a5ffc47aea235baf318fdeb10777 || complete_torsion_type:9bf8c5cff2ce160e8964c0669d6b3324f2ea09213a5d2a5c4ae61fd69eca8421 || complete_torsion_type:9e3c65f813550a7933f7cd9dbe4cf6431d0f63520e705c69fce69c8511b6a46b || complete_torsion_type:a179908693c29707de0c92372cb499a632278bc0f7275a868c5999448e98f8af || complete_torsion_type:a1ee222e8c8201c18a1f87a35bdfe4df2e6f579a47786ad159f52b829f5249e1 || complete_torsion_type:a392cd64460e3e99e1e364803504266f1fd65343b2a98c715f9b80f8ac0e4241 || complete_torsion_type:a4e37b2cd2df74e2f5f092d063f5197da67aad9702ad2765686222a7139b7274 || complete_torsion_type:a6f56afbcc6d00cfbca88eeaf1a90cf29c648d5b3759b01091d45a540b9052df || complete_torsion_type:a81329b3d3c324078079021389fb6b2fd6e212af38a855d58c86b4a52371d8f2 || complete_torsion_type:a9d9ac9be51e6829e007864ff6edd38ceabc919a2787b7d3b7ddec57b482a6c3 || complete_torsion_type:aa8a19dab3e6553ef0ae468aa9f75136986b2fef3589ae1d73bc9809c9f5ca0f || complete_torsion_type:af460af3346996d42160313ddfb5ff3a4144cb1712a928f2cf7ead6a7d09e801 || complete_torsion_type:b27e8bcc604b6476c59c2abb47792c784497cc0e0136f364d35d4aa6ac2fee80 || complete_torsion_type:b32db8db01da7fbb9b55bac139b2250fbd6346098bbceb931c34cc6c7255c025 || complete_torsion_type:b6ee3e30324585ee21c64b676a3550b6eefcc6d4fff6d7cec6004cc163ed22ce || complete_torsion_type:b74e5ffd1f3d50dc31b13a4cacaa097a4b77c96c81db8b38c2036a23cb04c517 || complete_torsion_type:b996956d88bba49a864e82429886a6516666b228b6a7e24029ace5c6585fc3bc || complete_torsion_type:b9f2d10f81c8a32ccbfb0a40c2612caf3fb08bc676e5f2e5eb9f3af85f49787a || complete_torsion_type:ba575139f9a58aae745a813f0c715fab33ae03d4128f29174289da0360e95cd4 || complete_torsion_type:baca21e0dd84cf91275d822f51f25b14ed2098f7d62fffc791720df08c3e7cca || complete_torsion_type:bf2e2a5f11acc59abc83f3633c61fa5d72f058ec07810e511278585ba6a10305 || complete_torsion_type:c0c07c565d5157cf15ba5b3c08ccd4a76c64276174ef2fdd709c607bd2df356c || complete_torsion_type:c1ca7fc16c597eae4ea86b619e415d95e977e11b523718a804060aeab9f3edfd || complete_torsion_type:c3bec34df352ecba8ad328a09c69ebbb0c75c26cc8f79515981070e38adb45fd || complete_torsion_type:c6185348304f4e272a1f7cda570fd535cd0551d67985f965646b480bba02d70f || complete_torsion_type:c65df5534b32b509b8eee7fe3a7a791b65c426332caea680f5c665212ab0bd41 || complete_torsion_type:c6762734f4322d77e14268533569860feff9823a09f1cfe5b0bff67d716a6aa0 || complete_torsion_type:c70bc23edba56b934c6261cf8b0b9c92cb1692e3b8f6d6789925745a58c43385 || complete_torsion_type:c973378ebcf220504fdad978b14b23d22bf74b0dd18f1e33d2cc6a6a15bcdee8 || complete_torsion_type:cb1a8aa03442a86d77195fac087c18d7fd7ae985c842c2040c0e1ba668f5259e || complete_torsion_type:cbb50465683cb8ff86f3cc34186c23aa5b9eaf0a73b417114bab927bf496709a || complete_torsion_type:d06c63cecbb7fd161c9cf7d0e0138f2649d566d459654d175e90c986cd84ac8b || complete_torsion_type:d206095eb835853afafd72a8523f5c9410c5499436d548db54ffd676a531039c || complete_torsion_type:d89bbc9289d5c6f883c4b22e1812e34b257d8f88a142ebe1438ef6fcd474fb8d || complete_torsion_type:d8c3501dc35a786f9bca813503135d6a1b7d8cf33fefe978f926d3f5ead2a75d || complete_torsion_type:dba4797e5326be7f4746301d5aa2a203778a01250a252c13fb375bcd493560b4 || complete_torsion_type:dbfe8bf13bbf6826d433a4f80aff5fb9fd0d0196589ffb64a9013694cb83120c || complete_torsion_type:e4f19aeb0fce29d5785374a0f28d3c2017e8d1300e29b78dff116aa83555bf6c || complete_torsion_type:e5f7425da8d8a3867acbc1dcc55f387093f61229d05c7cc3dc795123a3fd8108 || complete_torsion_type:eb2714cbaa3aa1ef1fd9c7342004d2fcd119a6d8dd71ba75034d8c1e3014a57e || complete_torsion_type:ed179427d859aa1c6429e69560466bbc147b2e46473ea5b2b221b7f1fb37aec4 || complete_torsion_type:ed86ce2c369fe8599fe149e1841614bcae93901d7d040fca84cfad4825f75070 || complete_torsion_type:ef6624c6df47f2e47db9fc388a6f13c6976204397dcfff996ea645222d0eb30c || complete_torsion_type:f0cb62af43e5df6e5ad9ef241673be7401c63718dc1bd767bc1e384c14ed7b0e || complete_torsion_type:f20d40825009f1bf6642c5c0b7723e4e18ed92ecdfadfbd912bb7effe70a58ad || complete_torsion_type:f50bb4984261f947d2b6ed0d1715680d2473043263c9f547bc83f4314e13756a || complete_torsion_type:f8c78998da2806fe45dada15376ccbf4e57d12ae777381997da39165f6d5bb10 || complete_torsion_type:fb72c63ee90ac4d6d6c39e3a653678afb900432abb4893da27e51ac676a98fd2 || complete_torsion_type:ff58f3c045b6104974b37086197a7d1eb956ff8366c81483f330d3c14b28c8f8	complete_torsion_type:0302d2ab8fcc792b5b5145f9eaca8b5c140f45f808cfe03168581f975244a8fc | complete_torsion_type:030b6487736a8b3e79b1fb6ab700f394d202308d772e23345e183787947fdbbf | complete_torsion_type:079b045cee48ac23024d3aab82ac94644b7fbea33b7cafff11a040291366528b | complete_torsion_type:0a1cbeb41078eb3c050853dd239e4e7037fd057bdc899144a6b0609cebeb3aa1 | complete_torsion_type:0cb40b53cefa09f41d101733dee2db5b1680bfe6e17a5ab6f4465709c7d84a4b | complete_torsion_type:0f76411a27296686800adecdbcfdd42edfd54fce0dff0a323239fc0cc7a0339c | complete_torsion_type:178a8739aed8ad6f60dc199463de4fd402b321452f67519a34f89f85ba004a43 | complete_torsion_type:19474bc7920a5afa72aa857bf5d101b752fc1117d295d45918cabf904a444f47 | complete_torsion_type:1e349c64934a40d4eb9e32364447f999e35f9e2450575d523004c763d4b9c094 | complete_torsion_type:246c69889766b229bc182dbbfdd39efde78281426334d4d19d02c82659fc8bc8 | complete_torsion_type:2491be96f3ef1259ab433dc49bf1cae37a672ed9d780f3feb58ca30798c79bb7 | complete_torsion_type:2a803bb7328bc91f1a629db108cd9cdb10db7a1e0d6404050d4df627c8c6b3b9 | complete_torsion_type:2f4768b2c0d6555c1cc9758dd300952ccf5b2292860d3879baf12c8bbc58ab09 | complete_torsion_type:32f941d7a4dc82cc5210016576ca4a536aeaff05e4c91d2696530c59e1d9d31e | complete_torsion_type:36f6b6461bd01435824c776c921e6b91e06dca8ef1b46039c237aefb6c272cd0 | complete_torsion_type:39c0c0266ad4a669577fb3119bd7fb1baec72fb03ec7ea42097722bbdf51302e | complete_torsion_type:3a5189342f6e51bab111f7b86f22aed92d63221f1ef3071c53d3f966dc8986f6 | complete_torsion_type:3df374c76afd9bedaaf2ab0e68a9ec85d1994c4453bbb6dee913c5e15c9ccc93 | complete_torsion_type:3e8caa15d789e4280f4160e11d8f659a7616df579439c1f8150a87326e68911d | complete_torsion_type:428e4b3a07800f0105210ad9c0ba25f9082f44dbf0803a77f7831b2e637ce354 | complete_torsion_type:4362ae31c529541fcd5a0883ed350fe08dbd3113b21df30ed74574e37808e359 | complete_torsion_type:45dde3243c2d6fcefe746b22b43e9e13b2116896a545a8e32311542d0a433b33 | complete_torsion_type:4654d90ce904f61281b2da7a4cf5a3cf285f9e2f8d505abc497d28106c6822f0 | complete_torsion_type:4aef7f616b483e031d3ac497586dfe23fd7c90e9fe169a9aec2951e6dcd420d4 | complete_torsion_type:4cc4f0826c667c3a4863954d065de2bfb6b875a1451cd33256828bbdb27b1567 | complete_torsion_type:52318fa651429e353c2d8ef84cdd8bd6add5665dfcbee6561a6dee8e26419264 | complete_torsion_type:54fb69f39f5a4e1da8427e66448f27573cb7dd76a0f815c503bfcdcbbdf6ca7b | complete_torsion_type:559bd257c5965f26849f0c81cdefb709090f545fdfc894b7e3f2a6bf3b39e3bf | complete_torsion_type:563cfdc80e881e477f73f9119b24cde0ca02a07f39b2342a427c5d5e81a8827d | complete_torsion_type:58d06a8a1531acb192332f8e76e5513321e33a877e82497deae6e65ebed0e6e1 | complete_torsion_type:5bb253208fc01a21ff7cb575b2ce85958a1cc649e373e285c36495410bf774fa | complete_torsion_type:5bee97720e7fb75af1282a6f94cfd5ea75ce5fc945d6e0cbd24ffd75f3bf6c7f | complete_torsion_type:62401358dcd8d1f3b8a6e8acfb0fb7dc43784d5ed2b254365510f62fb7f3ad05 | complete_torsion_type:63a31d49c910223d0cd94724cb98bb1bfe5fc67fea0ceb14c11e54fcc7177462 | complete_torsion_type:647624a7a62792aa05fd248f73b0e219726a3a6974c3b27c0d99ae100f03efe5 | complete_torsion_type:64b4629bb190069c1ab25370d75e2e064c9ce1294ff47958c9e481e29a8462c2 | complete_torsion_type:6c4e89652341954d5f742f1ec3182fdb165e487a496573b0b187fa6d1bb45ead | complete_torsion_type:6e151538c9c633876356aa72d3d8d0c9d49b71af3621fb6c52e6ed18414c98fa | complete_torsion_type:6e7db6c91f60f217c63dc4d71f2aa2c0033430b6638c2a872ad4d185e6fb3855 | complete_torsion_type:6ee16fc58ca5fb7374b8d0fe73570903833c45f42ae3e30c34c2d2078f61ed73 | complete_torsion_type:718eb59c3afb0bc4d6c1f8db5518bab8b4694f3f3fcc01bd60ce8f3270330187 | complete_torsion_type:733b67bdb30f8314d060d66d29e14afaa30f2f472a4baba371c1e1b1f304055d | complete_torsion_type:7794bc375a9bb3b6c3a0f66c7f5417d5291128250b2d23292a323621db5c650d | complete_torsion_type:7a934099b3df0e29ca66111092b0443aae0205a1811b2d2ae3b66e5f04c95c6f | complete_torsion_type:7b0cf4e50d2a20619d8d10ff05c84aaf7d3c699443dff88ec69f594f06e1c384 | complete_torsion_type:81ec90af1384861e51c914ca24a4f72d635779378122545b7f9a984ef86c76d9 | complete_torsion_type:831b9aa36e142f912e6f32883d9a126a697c3f72d4e6d202967eebc37c6c84ca | complete_torsion_type:83607d586464243b7a1da0ffc2026355cb038dcecdeeee165b459db5a682e26d | complete_torsion_type:8366cc39bac8654e1c3e7b8e8581b0e2e8a8fc9fcd50540828f310a0c9017c9f | complete_torsion_type:8532f0f247b4b6f69609d18bb682d537539d4b0a6a0e7c3deec835f7d96ef7ea | complete_torsion_type:85b9fa69d657844d16e64bad3ffd32afd91e205880425c0ec7fb1306bee2f229 | complete_torsion_type:87e3ca807992e0338bbe18fe371161c8218593feb7d5909618d510cb55d607ba | complete_torsion_type:8af48aa2215de77e12a33fa50c67006dc51e069de89beb4988f7085fe7d5d80e | complete_torsion_type:8ccc7143b590f154c60733075bc53c6f6b77a2bbdaf46166e475fd0e4e7f27cc | complete_torsion_type:8da54cf18abb569569c19025b268c1892b3e71e2289410471efbae2821dad6ad | complete_torsion_type:8f247b1c3723e4b800eadef67d706230133f3e8353bd2cdad063b195348912c2 | complete_torsion_type:9016ab1d815283535fd6b79af573c13c39a5b471f1fe0869b4f047e518be6440 | complete_torsion_type:90a2c8446493adfb6a84d30a913592baf84c24b3264492aaf03d096b9719e7fe | complete_torsion_type:91c0d3e4a43498cb0ac2893a0ed25de03c4fe044e61ae1ebf4ba351189748b50 | complete_torsion_type:93f926d78beb5515b01195bfd69f1e5f235dd930b017816d62e70256f86e304f | complete_torsion_type:940b011670ead9161c75dfc05a9fc2a61c91a5ffc47aea235baf318fdeb10777 | complete_torsion_type:9bf8c5cff2ce160e8964c0669d6b3324f2ea09213a5d2a5c4ae61fd69eca8421 | complete_torsion_type:9e3c65f813550a7933f7cd9dbe4cf6431d0f63520e705c69fce69c8511b6a46b | complete_torsion_type:a179908693c29707de0c92372cb499a632278bc0f7275a868c5999448e98f8af | complete_torsion_type:a1ee222e8c8201c18a1f87a35bdfe4df2e6f579a47786ad159f52b829f5249e1 | complete_torsion_type:a392cd64460e3e99e1e364803504266f1fd65343b2a98c715f9b80f8ac0e4241 | complete_torsion_type:a4e37b2cd2df74e2f5f092d063f5197da67aad9702ad2765686222a7139b7274 | complete_torsion_type:a6f56afbcc6d00cfbca88eeaf1a90cf29c648d5b3759b01091d45a540b9052df | complete_torsion_type:a81329b3d3c324078079021389fb6b2fd6e212af38a855d58c86b4a52371d8f2 | complete_torsion_type:a9d9ac9be51e6829e007864ff6edd38ceabc919a2787b7d3b7ddec57b482a6c3 | complete_torsion_type:aa8a19dab3e6553ef0ae468aa9f75136986b2fef3589ae1d73bc9809c9f5ca0f | complete_torsion_type:af460af3346996d42160313ddfb5ff3a4144cb1712a928f2cf7ead6a7d09e801 | complete_torsion_type:b27e8bcc604b6476c59c2abb47792c784497cc0e0136f364d35d4aa6ac2fee80 | complete_torsion_type:b32db8db01da7fbb9b55bac139b2250fbd6346098bbceb931c34cc6c7255c025 | complete_torsion_type:b6ee3e30324585ee21c64b676a3550b6eefcc6d4fff6d7cec6004cc163ed22ce | complete_torsion_type:b74e5ffd1f3d50dc31b13a4cacaa097a4b77c96c81db8b38c2036a23cb04c517 | complete_torsion_type:b996956d88bba49a864e82429886a6516666b228b6a7e24029ace5c6585fc3bc | complete_torsion_type:b9f2d10f81c8a32ccbfb0a40c2612caf3fb08bc676e5f2e5eb9f3af85f49787a | complete_torsion_type:ba575139f9a58aae745a813f0c715fab33ae03d4128f29174289da0360e95cd4 | complete_torsion_type:baca21e0dd84cf91275d822f51f25b14ed2098f7d62fffc791720df08c3e7cca | complete_torsion_type:bf2e2a5f11acc59abc83f3633c61fa5d72f058ec07810e511278585ba6a10305 | complete_torsion_type:c0c07c565d5157cf15ba5b3c08ccd4a76c64276174ef2fdd709c607bd2df356c | complete_torsion_type:c1ca7fc16c597eae4ea86b619e415d95e977e11b523718a804060aeab9f3edfd | complete_torsion_type:c3bec34df352ecba8ad328a09c69ebbb0c75c26cc8f79515981070e38adb45fd | complete_torsion_type:c6185348304f4e272a1f7cda570fd535cd0551d67985f965646b480bba02d70f | complete_torsion_type:c65df5534b32b509b8eee7fe3a7a791b65c426332caea680f5c665212ab0bd41 | complete_torsion_type:c6762734f4322d77e14268533569860feff9823a09f1cfe5b0bff67d716a6aa0 | complete_torsion_type:c70bc23edba56b934c6261cf8b0b9c92cb1692e3b8f6d6789925745a58c43385 | complete_torsion_type:c973378ebcf220504fdad978b14b23d22bf74b0dd18f1e33d2cc6a6a15bcdee8 | complete_torsion_type:cb1a8aa03442a86d77195fac087c18d7fd7ae985c842c2040c0e1ba668f5259e | complete_torsion_type:cbb50465683cb8ff86f3cc34186c23aa5b9eaf0a73b417114bab927bf496709a | complete_torsion_type:d06c63cecbb7fd161c9cf7d0e0138f2649d566d459654d175e90c986cd84ac8b | complete_torsion_type:d206095eb835853afafd72a8523f5c9410c5499436d548db54ffd676a531039c | complete_torsion_type:d89bbc9289d5c6f883c4b22e1812e34b257d8f88a142ebe1438ef6fcd474fb8d | complete_torsion_type:d8c3501dc35a786f9bca813503135d6a1b7d8cf33fefe978f926d3f5ead2a75d | complete_torsion_type:dba4797e5326be7f4746301d5aa2a203778a01250a252c13fb375bcd493560b4 | complete_torsion_type:dbfe8bf13bbf6826d433a4f80aff5fb9fd0d0196589ffb64a9013694cb83120c | complete_torsion_type:e4f19aeb0fce29d5785374a0f28d3c2017e8d1300e29b78dff116aa83555bf6c | complete_torsion_type:e5f7425da8d8a3867acbc1dcc55f387093f61229d05c7cc3dc795123a3fd8108 | complete_torsion_type:eb2714cbaa3aa1ef1fd9c7342004d2fcd119a6d8dd71ba75034d8c1e3014a57e | complete_torsion_type:ed179427d859aa1c6429e69560466bbc147b2e46473ea5b2b221b7f1fb37aec4 | complete_torsion_type:ed86ce2c369fe8599fe149e1841614bcae93901d7d040fca84cfad4825f75070 | complete_torsion_type:ef6624c6df47f2e47db9fc388a6f13c6976204397dcfff996ea645222d0eb30c | complete_torsion_type:f0cb62af43e5df6e5ad9ef241673be7401c63718dc1bd767bc1e384c14ed7b0e | complete_torsion_type:f20d40825009f1bf6642c5c0b7723e4e18ed92ecdfadfbd912bb7effe70a58ad | complete_torsion_type:f50bb4984261f947d2b6ed0d1715680d2473043263c9f547bc83f4314e13756a | complete_torsion_type:f8c78998da2806fe45dada15376ccbf4e57d12ae777381997da39165f6d5bb10 | complete_torsion_type:fb72c63ee90ac4d6d6c39e3a653678afb900432abb4893da27e51ac676a98fd2 | complete_torsion_type:ff58f3c045b6104974b37086197a7d1eb956ff8366c81483f330d3c14b28c8f8	complete_equivariant_source_type:0025d99064f8af642eb138cb9632df045c38158b2ea880e0521c6ca99e15a239 || complete_equivariant_source_type:0144a63abeabf7c34dff82300cb087fd9b9d14c62191a175375e3da96c26582b || complete_equivariant_source_type:01ac1a5c7956ce50af64e82ec22cf356bc92a2ca8ef52b15420fd78e3872818b || complete_equivariant_source_type:0250a244d0ca6dc314b8d4ca95215bc6504b7937c058538b52c424ce19a26e81 || complete_equivariant_source_type:028418c41e09fa845ae17f1c36d48714ba6e189fca08c34473cec3d78259b53c || complete_equivariant_source_type:029f4a9e560b025fce4de82b705d72f339a35e98209056dee2d1f906261b3473 || complete_equivariant_source_type:02c62a6cf98275a65494d86a4526f43d84e6db6b6a48942e333a276725cc3960 || complete_equivariant_source_type:03a33d239708c51e15132a04b3917d0e2920b0d768fd6ba76cbc93e29ce5e167 || complete_equivariant_source_type:03b40ca601f59589497fd5beddce9031505ff6f47fcf2366764f8aac3d10d25e || complete_equivariant_source_type:0a36a586b6ef334be42f78c9f51609579b5de9e8debb48ce82709904f1ba9a8d || complete_equivariant_source_type:0a92fe4aab10fcae7a0cf38f0488af7e8e2a1a4de072164fc6f67cc43b7715df || complete_equivariant_source_type:0aa7307123dc4375d0d55c69fd285c422061ff1523921c2a5d7f206213eb4bda || complete_equivariant_source_type:0bd536bc575d6271afce137b317708da3ec46cb42c909f39f0b893d6cdc5a787 || complete_equivariant_source_type:0c5c4f6bfcc03dd1fb4ea017e26f6932c98f98652a38b01cf429fc57a63aa6a1 || complete_equivariant_source_type:0cf5f2229f001a07513209b0a14f29f1270e8b95531fba8667cf25aded8f2557 || complete_equivariant_source_type:0d2b603dccc8dd48b1e5b65204ec0cee80064378b1a0ab6ecc64a2726b03b225 || complete_equivariant_source_type:0d66e2666609f6a6e7a4fa1ed6e3266800a52fe7962aa5a20bbf42509b891b0c || complete_equivariant_source_type:0e4cf54c81f976d3821f6744d5ecc11b8d5a8e28e3b5fe11f448e64f664151d5 || complete_equivariant_source_type:0ed8eb96eb6d928574bc986f7aad73f043be687e3b528a2c22bf51364ff68a34 || complete_equivariant_source_type:0f237d051e453f27f05081d360b89ac74933cd0f4113f0174194fd220b9d5376 || complete_equivariant_source_type:0ff0a861503ace6bd07e9944ed9facb3735c4dfe3c51c29e42cada2cee15e59e || complete_equivariant_source_type:1150ae8b8115bd546dc66d3c31b654af36a48cf45b3180c3e3903e35b93cf6c9 || complete_equivariant_source_type:115bcd35664a4105142260f008c850dca02974a6a90a1820c69f3d8756b09b52 || complete_equivariant_source_type:123507d48df1918587e1d884a4ab120412ba272195f529686ef230e910be5c46 || complete_equivariant_source_type:1317152eefd59df7cd7b72ad62c5b091dd3104da3d192a77cc539e3dd24c2108 || complete_equivariant_source_type:1400f9b3cbebd4d68a34f8d757f949b4c17066642cc32a029e882dc8f589b0ea || complete_equivariant_source_type:1462e43f204fef9db2b3272bc6f2a210637bd0ecbb570dc2e03f4b3e75dedd35 || complete_equivariant_source_type:147a850c76fcf72632358e46834d193dd99ef3e78d5acc63f688df09193da633 || complete_equivariant_source_type:147b6c917cb8caf4bc9443dbe0d7fa6661e3da8aefc0817fd0b32c95aec3ca65 || complete_equivariant_source_type:1489e47b3334c97ea15a6a6cda86b154ca492db5cd0afcebc1c31c726730882d || complete_equivariant_source_type:148fa18b80456c35d107cad3ee4bcb3796772f900dab76bf51b421e64b935d1c || complete_equivariant_source_type:1556d3547cf894b5da8d529ef32692e86653d2d051d9c2c097b29d4a2b057af3 || complete_equivariant_source_type:1564c97e69cd397cb6d4639d2243c02e72bde152b27fd7b4e8e4f39c27b87475 || complete_equivariant_source_type:158dfab9328066d0ffa308983f969602c159216eb3c9a247f282da30f03e7bca || complete_equivariant_source_type:15980bebd928c7f725557990fca7f805c55618268d0cef9395c142d41865abf4 || complete_equivariant_source_type:15a4c4e1bf1fa8ea3f74dd0812ddeebaed094aac52b9a43d650d87471bdf2f49 || complete_equivariant_source_type:1842452ce1d25c52c4c87268a8a629dcf307d0639721e6113c4b4a6e95de6648 || complete_equivariant_source_type:189100bb3f65a8bf0977b03df789cbd62ee5d0a9b8a26e41d159145f9912cc45 || complete_equivariant_source_type:19596ea628c95d49ff50928436d257f85d272a364a4a8fbf4318597ced9e11ad || complete_equivariant_source_type:19de3ab519b4c6d9863918dd5373a5bc4228aa8dd9162ca2e09de5c95935fb60 || complete_equivariant_source_type:1b3f5e6ea3d388de7123e6ac75f5b85bd14cb860cc58a335b9cad1788114b79a || complete_equivariant_source_type:1c1c65c8912f6bcc48eaa4493b05b389aa6ca0ab03b3a8f0e2de101bd61366b2 || complete_equivariant_source_type:1cfff63126466f956991f100606415c5f79a5fbedaf8b30f1a6c95aa6f0ad65e || complete_equivariant_source_type:2166411a4f09b483330d4ef6e6f15b0b12737cbc552b9e614890a8426abb679a || complete_equivariant_source_type:23026c637ad7ce44d46e99aeebaf63cf187e928affcc71f560175eab1d00783e || complete_equivariant_source_type:24e942e751f3c79ffbba9c60e2bad165bfae9174c3e531429d270c87930a57ee || complete_equivariant_source_type:252e379d438d515782744332522738764484735c4b124dbf6444897795b5ea69 || complete_equivariant_source_type:29e015737272b96eee452bd7371d9d72614df9a4a08a13efe012ac25840a1285 || complete_equivariant_source_type:2a46832331f8b356cdf0d842e7f4bdd0fd9172b56fadcc67e4fe92fda7f34cea || complete_equivariant_source_type:2a613687f2ad40accf797332ba5d2f17a71fb8ae9ee946f3ad76418895df779f || complete_equivariant_source_type:2aa71a19bee64fc62f6b7bd3037978cd858bf8f3df5b136d5d4a43fc93b6506d || complete_equivariant_source_type:2b3ae3b6a9dfe6bf5ac1734e914094bf4ad0c334189a6f4a4d850de40551edc5 || complete_equivariant_source_type:2bc1b320c627af410dc59b7b1d679138b02c27b31a1d1b3bdc5512398185cbab || complete_equivariant_source_type:2c027b22d88c09c835a7e999441093aa0861e0669bf847c6711d16f6334a1f3d || complete_equivariant_source_type:2c6e5a89769cfc7d9f50bc3eb8e93290338a2c6d6a37cbcf81aa92409607a393 || complete_equivariant_source_type:2d91701bc211ce2d0d4fe864bda9940be6f570d05aa434f919d2bdce6bbb0b8a || complete_equivariant_source_type:2e41b547f217ed7bf45f31e0e2c846c0cebc5188f6800ae5621a979f4852430d || complete_equivariant_source_type:2ec51056c005e57f912de24fe73ed9f97d2eade72fbdf66f8604e07ef3d4cf97 || complete_equivariant_source_type:2ef327a6b5780cf62d0afadf57a488ec9b9645c2e2b8b9fb871f6b252817201d || complete_equivariant_source_type:2f20e37d8ce76d07caf8f9fae815ea96bf4c050436c4367579ff34f6a426c96f || complete_equivariant_source_type:2f7b082f2e5d375ba2c1ec3287a1dc867f468e264d45068a906a0576857afc24 || complete_equivariant_source_type:2fba8a5b6e470ea48ca650c2628c9dbd4dc97faaff33e4a48657fae7f6f90d2c || complete_equivariant_source_type:30a06f26528c57b8f910b35d9546703a2c474cf1bc8ea6d27116d8fa6713b797 || complete_equivariant_source_type:31c054b25ad897bab2660fab73d86b0bca2da586203795023ec59836a4dc7ed1 || complete_equivariant_source_type:33181d4f6ee6171471a508ae99ba486e128e6ed08ed13e3720718a819c3725fd || complete_equivariant_source_type:333cb4fcf8edd060aff5ed5d5c2473609f68a520f14195dca79096298ca4f757 || complete_equivariant_source_type:33db6330e8b644fe73d17b493288b2bb72273c89652e42cc811ad352421a942c || complete_equivariant_source_type:347592bd32a7532dee929b1a64fd1f76056f75f515f86a988cf66dd4499d91e8 || complete_equivariant_source_type:3507db62d1e49f47b8f791f8d44fb23500bc77bc82314e1ea45489a488142414 || complete_equivariant_source_type:35cb8fa89fd5d0b5ef7156c61da0a55781239c0941fabf8c0443307feaa622a5 || complete_equivariant_source_type:35ea304768195cd3909f2ec34dee302bb8b686b9c2cfcd23b46f0ad22636fb5f || complete_equivariant_source_type:372b93bfd54cf132972266f9cdd4f28ec90d32d80f3e9841728d5872256131ca || complete_equivariant_source_type:374ddc8c9c4b45f8c32e667ca8fe09726aa6e1c912b057e2b499de5d868a0dc8 || complete_equivariant_source_type:377f9d09b7f4a3b5de895fd69b9f83c477377392ce78555b18c9114c914b50e8 || complete_equivariant_source_type:3869e6ccb2746239046a862ce131a6a07580b2c8d64a1c3544abade7a86a4eb4 || complete_equivariant_source_type:3879de5157760e09237eaa790242894e74c81d90add2f28579598afd90362a12 || complete_equivariant_source_type:38820c8c3ce7428be0641786208429ac5df80f9af9f7d44244c42d6abcb9cf43 || complete_equivariant_source_type:3a2a93d1c4afae5ab112d08731969ff76365f5ebbcf40e04f14d845326a28828 || complete_equivariant_source_type:3a94bb1c9bbb8be50d19b27947bb63b634bb553796838cfb2646e1f0873486bd || complete_equivariant_source_type:3c491f3192043bcc49e70ce47ecb9024d1dcbd235d323c1fd146472d0f843a3c || complete_equivariant_source_type:3dec87dfcaadaa051d474781844a2d6619faf2acd925f335df3531ce43da691d || complete_equivariant_source_type:40aec11d20a7f8d568df47ad7b3b7a90f698188ebd9239a67794ffe72acbdc87 || complete_equivariant_source_type:41a5fe0d6fb325cbe3736c03921b4c194858b5fcc64007ee89a7a5773e21a035 || complete_equivariant_source_type:41e2eda3d89ef4fb7ddf0f0934e445e80c39c7a40c339723e6a7f13aa377abe4 || complete_equivariant_source_type:436964ad65a657f81c729811dc1d3822b6ae092301532e5e7af15727d604767e || complete_equivariant_source_type:43974763ff0cf389ea809afe2b7b39a3dcf5f1498c155cbb448268b7512c2564 || complete_equivariant_source_type:4397cccd253d11f59cf44f097f53813e86e98dd6b8bdcdb9887195bf623b5e0b || complete_equivariant_source_type:43b899d9609fb581ff927540fdce25b147c1d331e6fca55ead7d283d189dc63c || complete_equivariant_source_type:4466ac659f606b4590abb71e9331a06723f66d0e2a01596645351c5ac6fe7cb3 || complete_equivariant_source_type:44b3c0647c67fc3b43a3aac0984053fe589c89e84d04cde778ce08e071e363ce || complete_equivariant_source_type:455617afc09218f32718c1c58bc204ec2199e57891553663fbe0850463be6117 || complete_equivariant_source_type:46207d69a0a386fb87097d20806ba8daf47aa298f3b9a12f9219dba62dbd3f5f || complete_equivariant_source_type:4a0d0812279eceade9c866d38b77399fb2efdfa84202d5de342fa66af525edfa || complete_equivariant_source_type:4aff82032cda766d8477933afc9c09f88df28f196cb9b949ed6df4e2596978dc || complete_equivariant_source_type:4da2d6d80ce506d28c3e05bf67b99a3663340d8556a1492095bc570139da0709 || complete_equivariant_source_type:4e73a9275bea778dd12f058ec8b8a5540cac7559b9708e0ce3b9fba49a93e234 || complete_equivariant_source_type:4eae6ef323d8739b43b3ef3e43c62d7401a82bbc869a2e9f7c325c57fb3d8132 || complete_equivariant_source_type:51122778cce1c6c7e9f78ec3a6d7a4a59bb02c3010e9c975c16186b7c4edf34f || complete_equivariant_source_type:51cbeb91c3bd58e1d9727fb8d1cdde53fe0c303e31f0933ea3bcef0badc27255 || complete_equivariant_source_type:521f33cf3d401a93fa367ee36f930c3852c7d87a8b280b69d808bf954a70a7d5 || complete_equivariant_source_type:52358af1d0c2f24faf3962b180a0b84281d98fa9ba23bb0bfcebe9d07b1f3f06 || complete_equivariant_source_type:5544d434fbbe60058fa31d05d75a42d30b4f152c7de389cdb8418e24137f0def || complete_equivariant_source_type:558543b0dc722abca39026e7c433a278c731a7e64523a5b3b9692166ca7117b0 || complete_equivariant_source_type:5635c5272f7c2fb4b0b134e38c83a3ef915bcba03f0b2c0da5261e459e0d5775 || complete_equivariant_source_type:565f50cff979f6a11f452af2b2471e3218100e29d33107230b7ca58ecdc5ec8f || complete_equivariant_source_type:568011a13ebcfb68ed6f6cbce6c855eea6c45f38277b6f6b8089dae49a46c606 || complete_equivariant_source_type:568bb1b0fa0aa683e0a6ddf6c4dd8e9a630cfc1ea20f8a4767151c88b5dd20b4 || complete_equivariant_source_type:583b7af67a4b5df64301ac35b6f96d7455cbf015b03023cbf11abf0a07e23a59 || complete_equivariant_source_type:58cfa106d6531c672278efcc651adc17d1984751197b7aa1fed93bb41c836fad || complete_equivariant_source_type:59fe5e48b414410f2914b7276252f637ee92df1fe773e5d509ecd5b43a894ed6 || complete_equivariant_source_type:5c42301ebb13a5e7a2748c769e61bf79da8dcae085b5d4a86dbae1c45135e817 || complete_equivariant_source_type:5c58393de18a364a77131cbe76547b7b20016263c0c8de5e1d852ae5c04c12c4 || complete_equivariant_source_type:5c7f9b22994fcdbb0607d9b072ce4dca1c18cea0e68f36dd689bd961eaff2044 || complete_equivariant_source_type:5da431c058268c74f59c34c63e043be0d76152ef412af73b58b9f794e5b810a5 || complete_equivariant_source_type:5e7919c37533ab4f9fd5550cdabc5ea5cfe74570128f2c5389de7d855ada2494 || complete_equivariant_source_type:5e9ef8eda259edd71de0addc6dcf5fa3d6b6ae47451d575d98cede6b9a94a725 || complete_equivariant_source_type:5eeca1f34b16435ff3e2d5e1fe7264a269e22dae14dd22943895ca650962e0a1 || complete_equivariant_source_type:5eee958b44f8055c39f3053f16debdf559560af169a3220d07adbbd7fe9ecea9 || complete_equivariant_source_type:5faa6186abde9f452cf12dd5d8b4e18b0a347d4651c5dd8e0d1845d1f8449033 || complete_equivariant_source_type:6156262fd2892885f6fe9b15baa54acc81fde8c759b0a84372e2f18186e7cb9a || complete_equivariant_source_type:647e997947992fdbbed7ca891e4cfffdca384ebfdfa26c3573bdf351c43a0abc || complete_equivariant_source_type:64f0b450bdf0f87af7f2434c5aee1e0beacf77332d27a1202aa311e7eff6f8c9 || complete_equivariant_source_type:6525551da02f2a15b573ae67d0f05be75553947c316428b1d0fa5dff27c842a9 || complete_equivariant_source_type:673457d99d63b82914b2b2686a9cf8db0b96fe2b9011a455a89a33bb351127e3 || complete_equivariant_source_type:68ca99d6af8843e00dc50f6b29f31df44fc2e39de3fbd174a7de4f7cde2b3ec9 || complete_equivariant_source_type:692b5086c02a44b56b0eaf81f2907ca19655afbb7b5abd134fb1d77410d82679 || complete_equivariant_source_type:6a4ce1b6d28499092c0e507f9f8d8dc99ae4102208ca85df39f0ff50eecefb80 || complete_equivariant_source_type:6ad7100a7d61eba363a1489d8348c088a86358d805b8f9a8b453760391244b03 || complete_equivariant_source_type:6b656d50a39e0f334fdea000180231364b68e669110010b2aca7248652482a93 || complete_equivariant_source_type:6bbba2689bc6d035c52cada7a0bbe64868ab82ea0120a4848ed2db975247826e || complete_equivariant_source_type:6bf4d44d5ff8622d7f6038ebba83dc82e82e318d302fb0d1ff032c0e45518187 || complete_equivariant_source_type:6d75747116b683b2c2d91b74fdc6909caca8fe73322e0adc922c50570b102845 || complete_equivariant_source_type:6e5f8558b170ca2e43209dc2165bf0e2f3009d9f3c83a7e1d71c8f030e2df96d || complete_equivariant_source_type:6e6f460e2a7f903842ceabc850b63bc219b688207a6376c8308746296f03dcd7 || complete_equivariant_source_type:6f5ce514ad0a15c6b11dd85a4b25ac390066e91acfeb0166c4df19186b41b3ef || complete_equivariant_source_type:6fbc89a120529d425dd21d2bd2aa9e31ec5c50621a5e59e0fff2492cf2dfdc66 || complete_equivariant_source_type:700887a80abbb4a6294cbff79add4700b6d65cfbfe46fd196737e59c5fa45590 || complete_equivariant_source_type:706a31fb6605aaec9d5fae1f858d54e456614196cb532a2d6f812e343761c7da || complete_equivariant_source_type:7103da7804d9b0f6f1c50230a090000c1802a033fa571d049932523e9c4ad7a7 || complete_equivariant_source_type:73815cb9c3468fc1534ced9d6feeb04993ee9cd5700e17be4be886025fac2fa8 || complete_equivariant_source_type:740bca40ef6c7bec1e54e8182f9ba9b6ef0ffbf7d1883cf6405d8b8fc5e32945 || complete_equivariant_source_type:7491bdca7243e701919248a16748b2a811a976475581e944198501373f793ffe || complete_equivariant_source_type:773e333b06b389f542c522957353595959e28f9d4d4cd6bba1690289dfc4f78a || complete_equivariant_source_type:77b21acb15bb5771d85b876c7c8f15e5d14af7f1d04370bc4ea27a11b112e1f4 || complete_equivariant_source_type:7825e7d6db52c0b6307e12c86014d580389b90c79e82333fe4552c1d5f07a456 || complete_equivariant_source_type:7855b66ff38121c3a645fad65079f6327f72aa497387f8139143354c673f2f20 || complete_equivariant_source_type:79b7358c316af4cfa135b4e48ad03d30d5c5b3668363fc6ad3f95ec87da4dc9c || complete_equivariant_source_type:7b0236bd24a06508aebdf6d7213119fc87063bb075a144f7cbab904458357943 || complete_equivariant_source_type:7b6b9f5260eca2f763321f59e7044aa1d518162587385af10b442cb76bf9a953 || complete_equivariant_source_type:7c6d566393886d8a53718fabd3f9a8d2c949fb4106689717397f40b1f6bc8e91 || complete_equivariant_source_type:7cd82d5a80dadf383064875768fc7277b529b54b79ebc75eb75bc3a4ea346ed7 || complete_equivariant_source_type:7d3b64e6b8ddc2f2c1c64c19fbedff76d8669abb74502e25a2eca5ad9a911f84 || complete_equivariant_source_type:7d7ec142d81d9d8f4bf1cf2a67bac21fa89c8e21df60a3b1344b70996f1ea220 || complete_equivariant_source_type:7dd2843c8ad0d3a8a4a0c91f3b77fd459f1bc023ba5bae9f15b86e12cc6c9d7b || complete_equivariant_source_type:7e255c8d2b0f083f389ef79862c9148612c11436cfd72bf3592146995b65a2b8 || complete_equivariant_source_type:7ea2e89e7284194e0f82dafb610b0f7210c4e0a7b4ad80781188ef91eaa07005 || complete_equivariant_source_type:7eff9f0e5713d8db194b1bad197a8010321752a0a7958fdb1955937aaa613cc2 || complete_equivariant_source_type:7f591605eac49755d1c1e2c2055695f2cdb839513041b8ab2cf3c0c285aa9327 || complete_equivariant_source_type:7fb8ba10e48bc1b43fc363e3045706148e512052ed15ed1966c9bf20d7b691ca || complete_equivariant_source_type:7fe9963aa80e12d0bafe8593c4bf52383986b50bd82078b4caea56ca9f83fb2b || complete_equivariant_source_type:80092ab751ede68e9c6ad9ae3a6eaa5e729221d794fdb1bc0755d797317431b3 || complete_equivariant_source_type:8032c05e70cdbca9ed255e91a5e724d24d5ae0bc0fccbaa508568dd643c90064 || complete_equivariant_source_type:8052f5f44c7fc779f8de8179cb66399bb747fc628698f0fac02565959b971373 || complete_equivariant_source_type:80db94013a53a2e950e111f5fc1f0c3bf20354b8afb4ff36cc389a75ddef1bd2 || complete_equivariant_source_type:820569c35647e285b8a0c2da2a70dde0ff3e55e573472ceeff582ad723499074 || complete_equivariant_source_type:82dc379eedd7e47697cecb9ea9ae97d22f94b4ce0440e2b02fce870b4aac55e3 || complete_equivariant_source_type:83b8a338e5eb70174cf9c9507a6075cea3e349e87c15cc81cd30ce55c6221c97 || complete_equivariant_source_type:83dc345736b6c19de656d5f03d9c21297660213ebf3cebca4512a7c358002ade || complete_equivariant_source_type:84b89caaf6a993141cc26ba320429da0cde2573c17a5a0b52616bc50a6682dd6 || complete_equivariant_source_type:856e1675b05e99f7d9069c1ce3ac1d524200f3ac6e1b41033018486055cb7d74 || complete_equivariant_source_type:85969150dd80b1cbcf43f6d46d47662761232ac87afb108fa0d8103bd1112464 || complete_equivariant_source_type:85cf5bd7fb33014d8d646c5f1d3812ab73f0b97b1461d988e0c8160a40b9e09d || complete_equivariant_source_type:864591b4d8db69de15e8aee5c45e3d7b87566184a9180ec63559806f1a7d4d85 || complete_equivariant_source_type:86828eaba2de71ae97aeca7d619e0b75af7b4f7cedb0b1f053ec7b36c4a56c0e || complete_equivariant_source_type:86f8284ae0ebe13daa77c358e5b7862af47b916e6f3d655130676ad3fe3669da || complete_equivariant_source_type:8760011405a13ce60ec115abfde5de91330ee42df97260a33e643160289bf86a || complete_equivariant_source_type:87e2bb40f617306fc4c50fa4864c42dc1424437f47ee5dc78200aa3099056e45 || complete_equivariant_source_type:896747e6f214b5871c9287db19b94a2350774c3ed0d8c917c592553184a824a6 || complete_equivariant_source_type:897b54473995f21bbe4412ec8dbf660fd5c8ece0bdc9d83ea103affca3212689 || complete_equivariant_source_type:898a336fa1754316694f83b52d0a420131ca1c311130d088890684e6aeaa50bb || complete_equivariant_source_type:89af8da1c1ecdea39bb19a82b2d64ea82d200c6848588e7e745ade8ac44630c4 || complete_equivariant_source_type:8a0cc4f304b6706625aa01fa797200fc0314646c0e89c043972a43cd74f146af || complete_equivariant_source_type:8c0b04a1a6d19ca694c74d195a8e2381beefb2d9f595afcf238aff8f13af6518 || complete_equivariant_source_type:8cd9e50ea3a066c98b54c87ec1faebb7adbc6bdbfaa0da350aec5e84abe8209d || complete_equivariant_source_type:8e87bc19e9a01473784659db5a05f6a9c7043ddb7a238455fa0fcad2b74c1d55 || complete_equivariant_source_type:8f516e48294453fbef372d349d774992cb86436cffce7d2ab0bc76224a349d91 || complete_equivariant_source_type:913d03a602b94028e10bf4c74fbe71c45f19328339100b161e5f98f7e84b74b6 || complete_equivariant_source_type:9268ffcea33dd5cb963cceab75c926f0b36a313b104364fd68ad90bce32eb306 || complete_equivariant_source_type:944e8b1af78a986d724805488ae22d7cad7639b033254ed74e909ab7f0028285 || complete_equivariant_source_type:94c7094cd5bb18628791a3d00212605e2dcfa0125ab6025137614cdfd9b9da0a || complete_equivariant_source_type:94fb08a1763e0d14e42edc74e85938d35afc64226e30b7dbfe81fdfb1e2363d0 || complete_equivariant_source_type:952a89fb5e28df1c6f84aba9303319603c68afd3453a9d21895ee09ef0fc7361 || complete_equivariant_source_type:954d3045488da92511553cda6f6164a7dca2bf90b672c928265dc474102e50b6 || complete_equivariant_source_type:96cabc18ba8634e374c7e2c8e89699906cd0c95e2cbb46af4c44aec9988edbd4 || complete_equivariant_source_type:96d1037114bbd595b4ddfb935fc661ea5d5f879fad003bbf2d5e285769dd82d0 || complete_equivariant_source_type:979aab24b9cc0845c84b2ab5668763370c1a8f9ab975fd54817366da1c8269ad || complete_equivariant_source_type:97c4a41be1c9940d96897fcd0c55709b65926f746d2fb45b4d6303a6f39fa096 || complete_equivariant_source_type:98a22a36724845fed405c47410ec8265646c2b30996985b02ff60730d317bd71 || complete_equivariant_source_type:9a89f08fb2b310802ffd2f2d381e45ab4486cbbe8f2b1e77024010889f9752a3 || complete_equivariant_source_type:9aae707f834f3458e7c79dd78e37103c0a24e595bbb6789d03e1979687833d5b || complete_equivariant_source_type:9aefcbf35074c71643ef5ae941d363c6fbb8dc531f2d0723dd8cc04ff950cb53 || complete_equivariant_source_type:9e5725e65282c4e97cd8c408f00a48eb6f8b367a30968810a138d7065fe46e49 || complete_equivariant_source_type:9e87916e3c36f251980a2f1ce4f39b0da51eb774293ce1afe0188c98b3f27779 || complete_equivariant_source_type:a061b78a809504019c9eae30115b18c7d37458e376aaac5aa4feeb17e34424d4 || complete_equivariant_source_type:a26b5a115f86def5e3176faa6a01749d990b7b8237399d7638be29d0f0aba918 || complete_equivariant_source_type:a2f980251afde08408d7938195df2de55ca4f97fd2f03fb148b65b3349df2096 || complete_equivariant_source_type:a30a37548c19118a2f2c8c536b935e416a044a8219e01bdfc9c429b8999dde44 || complete_equivariant_source_type:a33675d01c360c4cd57f6cb257b524b98238d40457f347029ed0d317239f0c25 || complete_equivariant_source_type:a51ab1e4a806fb5c52d2ce0e813abc80e6e238ff2c02303a52deed253490d41e || complete_equivariant_source_type:a52c4123e583f62a72fda6304a78c4506d269ce49227c6879d0295bf11bbe4e5 || complete_equivariant_source_type:a53caaed05729e6110c2d33dc8954f6384968396eeee6e0999bb715826bbf837 || complete_equivariant_source_type:a570f112ff25533fd91902197b81a7a8f1d297b289843036ffa70823ba78c515 || complete_equivariant_source_type:a5eea83943b4964523e7b8d4b6d5d16dd6d559d30f6e4eac72ae75f78262d2e4 || complete_equivariant_source_type:a65231fcb96c89cdc1a3f85f204627771b3c136c1d17531ea634d0ab8eed21fc || complete_equivariant_source_type:a84484a965d546734c3cc41c50e01924c733a066c2a44475232fd0b9946b8176 || complete_equivariant_source_type:a84dc6a714eeddf170d9ef1d28c25b1d4456f0993b09fe75b1314b761aa17163 || complete_equivariant_source_type:a9189164aca7e8cbc9f2e44bfb3349f371ee8af64cd9e3870a31a63e686019f4 || complete_equivariant_source_type:a9de4bba4e1b76f439b4db24a27188f3493e7fdc40b794a562ef9229fc72f222 || complete_equivariant_source_type:aa99ea80ee73d3cc5829be1f45fa8b4e0cfbfbb613395a10c412d7ecaec5d339 || complete_equivariant_source_type:af166c2b49ab2c82497146dfb849a9d881543ad8fd09ceebf79fb1e83cd00acb || complete_equivariant_source_type:b108401e89196f7796b0e983e70f837f20697bccf9be3a5698110f38c7ae5abe || complete_equivariant_source_type:b2a2f3b971449cde91c9ba0c4f4f273b459091fb9fb1df29ad178dc2e5013f10 || complete_equivariant_source_type:b30cf4bc8dcf453bef2f2e9231195e20d35f75456676c7ac784bbeaabd7f7e29 || complete_equivariant_source_type:b363339b3dbb838bb1f1a2e6b0d7c8ee79ef6ebcab185503debb237d20837434 || complete_equivariant_source_type:b3b4c3a428c4c6315c055e61c411935e53d62435f44a228c7a7ed39a7182907b || complete_equivariant_source_type:b407c553912b6ad5df71077d4ee7cb88e4471860215bda687fa4a26ae4415b25 || complete_equivariant_source_type:b557df90471df980faeec1d805923d1aaac58fb92029ac5ebbafc51b9f564483 || complete_equivariant_source_type:b608d4a519bec7010faf10f3ed149cda0881f099d05a18671f4f2b80e39baae8 || complete_equivariant_source_type:b77addfe83ee28e2c95f2613e7e3840cfe5a057c2f80f4fbb4f7b0b0499ff972 || complete_equivariant_source_type:b7eb99743615315e6332c093a8f15ab882953b2993e88048a67722299c57784d || complete_equivariant_source_type:b8570e592329615888e5995aa69bffcf641ed97fd8a06e754c96fe6528dd30a6 || complete_equivariant_source_type:bb458144542b12716518cd8040232571e006ec98f1300ceb350b2b1e739fd611 || complete_equivariant_source_type:bc0563b8d6c481278fa075ac892fc545cef893bcea4d5fae64799a0926f00c1e || complete_equivariant_source_type:bca754f215d1b4f37cc62e6a9725e1bba2724cc97eb76aa56d07d8807bab330e || complete_equivariant_source_type:bd06847e952db95938561eecf32a99c9fccaadf25237c1e6de440d43f7305787 || complete_equivariant_source_type:bd265d653cb67bf1cc60743590596a97d0a24d0782bd824f3340b96a3a2ba761 || complete_equivariant_source_type:bdbb02fd70c2bc2507a4ac30758ad899874fd676abcea98dbb2bec29e648092b || complete_equivariant_source_type:be190a3d1907ab874fda793d9101c1111c00aaeb30deb523ef781e0b67f6b424 || complete_equivariant_source_type:bf9a9837eba910a81c09994c9b072e902ea1374a944ac4dfe758b92ff3b15168 || complete_equivariant_source_type:bfd409faa03975113eaf17aaaf9e4ef853e7d4ab5d5eb9ef4cbd563998cac92a || complete_equivariant_source_type:c17d29324e877a103dde18df6164211b1e9e3f466843914041baf392ef40e4c2 || complete_equivariant_source_type:c1dcfce95af1e065869abc138bf400628441299e8bff752cb6320d00c4a1e19d || complete_equivariant_source_type:c21c44a1ede2eea545c69e8267b76f93a7f4ca995da31793209ba306cdc9f86b || complete_equivariant_source_type:c22fb37b8ce668ad2dddeba7ac859e390b2fc433b2749ed4ad11c20787c2e441 || complete_equivariant_source_type:c316696cfd5945d2421faf8df3aad4d41809dd1b6a9525596c0fc207bd079d11 || complete_equivariant_source_type:c3e0df8b5f61614e1553ab81e51cde91df03b4619dc45845c2d6b7ca4cb85ce9 || complete_equivariant_source_type:c495a24bb7c4df840ed32ae1d27c98c123d6e68ac53a5c570fab1411419caf90 || complete_equivariant_source_type:c4a8132ce6e6844626707917171fbb306928adc99f3cd50c0d778c274bd87d6e || complete_equivariant_source_type:c4da319fce244a3ec8ce77c23bdfe8b003371267aa43c085c91fd972899ab03e || complete_equivariant_source_type:c562b16344b8d3f33fec9ad0ce5568c325333df02a42829722b5abf4f9041d6b || complete_equivariant_source_type:c64a9a80175390c07ac7f1974d9aaed026e6d768446e7f8859a9f807216261cd || complete_equivariant_source_type:c64af77e4987191b325c328d00f7f5402ddba284dab7beaddef0e69411dddf76 || complete_equivariant_source_type:c6e70aa1a2c9bd3a2fb475c69ee28e442ee5c478b0611ab6c7c21cf9813248ed || complete_equivariant_source_type:c7000a01cb891c4b11660ff2d91303254fd89b24a13277dfb11e63cefc68671b || complete_equivariant_source_type:c7a057a4acbf115479a42a3b1b73f429a113bc14887172a33cc1f04cba3af00d || complete_equivariant_source_type:c89986138ead4a617ae19a3f66861095933a65987c2f40d9ec217547c813c1db || complete_equivariant_source_type:c8aba23641a5688219611dd1beb0a67ee0c72eb27082be5b3c1b179d48264001 || complete_equivariant_source_type:c9116da228ddfd7b97254aa6cd94407c8735cab200a54659fcc42258eabbc322 || complete_equivariant_source_type:c9643d5b7252bb6afa6e983b1b876549b0f9d68c8c2f2d91c235c4ea0762fa0a || complete_equivariant_source_type:c9d9fcd764a83a5d51734d5e60cfc6bcd0aa26fc58827296637c1ce3df5edc48 || complete_equivariant_source_type:cabcd7e2589c97eb567d0a2c18b2aa79d0370923db51442303d6e431ab1dcafe || complete_equivariant_source_type:caeca72b682bea88061fb17b88190ef28c7954b6fe377423097dabd4f9683b6b || complete_equivariant_source_type:cc96f4d39e8c6beb793d7282cfbedc4e6bbf6fa61ec47d8041bc6cf9e10969bd || complete_equivariant_source_type:ce6d91a1345f40c4f3ce9f9c048f0f0368c97e258fd2787f7de52f94d61bc7ae || complete_equivariant_source_type:cf04c3444e3c73652db0f6ec873e9a288da4d9fdaedbb6ae9a4ee02b1f42f978 || complete_equivariant_source_type:cf70c2ca8a5ea6547797904ecd6d4c4cebc1bf0a2c850a6a46ead78de697e221 || complete_equivariant_source_type:cf7dcb828813fcc93f444886692e64783fbaba3866b08e0b4e61c52e4c76ca75 || complete_equivariant_source_type:d0f112400a7640db98022db63f91aaa3a53ac4d80ddf6a23abf14e8a61044bf3 || complete_equivariant_source_type:d59c58f01602369269bde084b8f8e0ad1c5156c7ce1b09c2428b85af3a26620b || complete_equivariant_source_type:d6067bd9fd5d322c66cc7f8ab2c389f0238f955baec2da7387e83d6a66261269 || complete_equivariant_source_type:d6694199a8b13d8358f86c2d2fe0ea122425871a9b6a83152f329d8715de22b2 || complete_equivariant_source_type:d6925bc4ed701a3339d1847b9e56e32e1e9b34f846b769dd93105aabd2901313 || complete_equivariant_source_type:d747d02a8b414f3a4b19f844bb09503c360a99d350364ad9705c94e393a552f8 || complete_equivariant_source_type:d80e2fe9da6fc8f892a3d59b7318234b805b6947c398faf0fb34b7150e2737ac || complete_equivariant_source_type:d8957175065f33361c946c8563038200c9cc272e8f0bdc161834949b3bc2a802 || complete_equivariant_source_type:d999daafeb50ab94d17bd1bc376e53c07e61b18a3728fb67f6df424d800a1a6a || complete_equivariant_source_type:da1222ae856ad5ef0363e8f08404f802cf0cd2acb0e7e979cf4b83b00146b876 || complete_equivariant_source_type:da66f2e5be44b96659d3c5d3b37e2cd75649590dcee45e4fae538500149aef3d || complete_equivariant_source_type:dc97e4c50c9f860be13c8750a3107cc5b84cc653f2822e85a53922d8de1ee711 || complete_equivariant_source_type:de1460adc9231fdf9e1a7dac3808edfe6991f63e121414d32d02665384a30b5d || complete_equivariant_source_type:dfe38626b21fac09f4bb0723d5f88f64b0e6e399d69784831e47d0963b412e67 || complete_equivariant_source_type:e121734ad68d120b31370e02408448cf1ecfa1951e6ee97e4cffa094e8622b62 || complete_equivariant_source_type:e127c08b9672f91e20aa1de119391dec5609a6716aa074f5428bde31ba13439a || complete_equivariant_source_type:e3e38cf25322397f49ed9cadcbc6ba32d6ac1cf5737c4bce3852fe4f58958dd7 || complete_equivariant_source_type:e439b7f0bb576b305bd3b67fc96ddd89aab4ca0ff10ed655119b4b26045d5d30 || complete_equivariant_source_type:e4c5bcc5b08edc7bda47899bee69858034961e04f46b4f6a9d3e7cc5abf7b5eb || complete_equivariant_source_type:e50cebe3889652827257f1e28ebc6aff9a16a33a79283f6831ffd6762e9c0574 || complete_equivariant_source_type:e65e0848fe7338efe143ede76a014ff84f3fafa40ee320b74eb6769605d6372c || complete_equivariant_source_type:e727ef96fb01bf3d1704d4fefb9cb955c0daadc112c05bd2ed7ea44d966045b4 || complete_equivariant_source_type:e7b32387d59a16cf4d181f29b2abde914126c1e4d7a64012b2ff2c17bf8decf3 || complete_equivariant_source_type:e80f664234b66f656eb26fbc42d64babecfc71eacf4ec772f1b49dcac4dc47ca || complete_equivariant_source_type:ea7bd8ec541515fc57741f732df32c4fa42a0d1879b4e0a1dd966e05e9e0aec1 || complete_equivariant_source_type:eb1949a05ffae7d9a8a41a9f2aa77cbf802d3787f5d6608824f6af8e0359416d || complete_equivariant_source_type:eb7985275f93ece6b1eb8a4313395c9b8904a9fdd72a866e0c9e3914a3482417 || complete_equivariant_source_type:eb9203cc0dd8d2a55423510a88b3371c00c0b513c1adcad08cbf42d4396b64df || complete_equivariant_source_type:ecc98699e7fd1d5aceaf26838fe032fecb88cdbc8836d57c9e410f381248b709 || complete_equivariant_source_type:ecffeab764920904dcddf95427b59c8d8865772e6ed1a52cbf200ed812905707 || complete_equivariant_source_type:edea01f4efaf4a7cda32c403acb9bc91ff3a3ba8b2a54767be04d87359e446c1 || complete_equivariant_source_type:eec30108e6b0509fe2c1dd6bc81d045b5e7627ea21471285081a929cf73487fa || complete_equivariant_source_type:ef0ff345c8bc910a537801347b686da508a39f62c051bf38fc776789394d2979 || complete_equivariant_source_type:ef7c3af78bb82956f312af8bd5417e8c2f8b27037430fc372b840b7efbed9fe3 || complete_equivariant_source_type:efc8e83f03f34e014386aa6ded4f5b67fad5abe7fdc6ab630022941b5d6a0609 || complete_equivariant_source_type:efff29bbe7d8e5f4218ee7fe184b6f744e8dc5710853d35a7d7288f659501368 || complete_equivariant_source_type:f0110048f3a6348c3a3a2e3366807c480e170f0c97221cb870a0f0f3d4741f48 || complete_equivariant_source_type:f06c278965374887de37f9a036ad93ac07d1cb5cd0c3285d2443937ccdd428ef || complete_equivariant_source_type:f0921b0f1b3d065335ff6b52ae3a377324bfd71d5e7e1b7441aff6e924e8e317 || complete_equivariant_source_type:f0b5a14d0a46b13cfe1430acb2e9785e4005b56812917406f013b517abe9b5b4 || complete_equivariant_source_type:f3058cb76300b3fa8cbdee3d10558c8d911e4fe5274a52c4f45b3997092a2477 || complete_equivariant_source_type:f3681bdfbbc5aed5f130c0c704432d7ba84710cd8fadb5acc6d0a2de207e3773 || complete_equivariant_source_type:f47d1ea12fe49a9195f60c176afd3c548f2eb82fc7f6add5ac7f55dfa415f76d || complete_equivariant_source_type:f4bf59b40f783c3b53fd2df0bd535d645075c26e8ad2d7e3a7ef4305b528acfc || complete_equivariant_source_type:f519ff7f5b9a5db1d89162973b0de934a6dfbd7c04f1a5a1a0e64b61b40042b4 || complete_equivariant_source_type:f53a4b70d0e7a9fd2ed94a24e6280d0b51fecbb9739dd04b019041b4b05be00e || complete_equivariant_source_type:f621bd9b6edde0b1728039d7b7419c90049d8599df996af38ec358acc3d6e058 || complete_equivariant_source_type:f77555548cae3d2bc9a3924addbd8b7ed5d60d2925513ee12f826d9e21410be8 || complete_equivariant_source_type:f93c6e57eeda1a3a858ca54688461db5c869cac58349ba442b66c80aa805d13c || complete_equivariant_source_type:f9e31305a1033b6225c8ea6cb2ff60f415f29690a84f4e3e8b73bc8dcf8c5b12 || complete_equivariant_source_type:fa439c35ae90dd9e850ac69d76aba6ca9cd2c5a6f15f9ccce32380573e8dbab7 || complete_equivariant_source_type:fa5cab98abddf17e88c3e681a05e8fd5ebf45f607a71c432b799ac7bc90d67a5 || complete_equivariant_source_type:fab8748b7aa872874555424bb658be8f78d9327be77949335e018f87f51b8fee || complete_equivariant_source_type:fbdb2cfc953bf4745e00eebc4c3bc0d85e460816238b9fec331667701da9fe39 || complete_equivariant_source_type:fc26331b3f18e4db690b5f1b8b13e33457c13f921e95aab47949657f0849ef40 || complete_equivariant_source_type:fc50f5f2e3a511d078f1ca88f6331fed76cc6d1845990dde4701cc764aa49ab4 || complete_equivariant_source_type:fc668a4f04cb276453a175cdd4a57532c7f7a9ef90ed2042ba74dedbc9f5e97f || complete_equivariant_source_type:fc9ae65ea4d3ef7ffd063ddcd91c7b33ab144c948e6d92329ab97e9e13764a3e || complete_equivariant_source_type:fd5730bca72304b501e60111b95ded17c0fdacb062e126f744499392435e7cb8 || complete_equivariant_source_type:fe30485ceb3ba288cbd3cadd9c5a858c1302bd7f86a4dfc88203796e150ce747 || complete_equivariant_source_type:feccb2e7446c4b9de50bd2b0f8cc0406ab661f3320c61755f462eeca5c1a4481	complete_equivariant_source_type:0025d99064f8af642eb138cb9632df045c38158b2ea880e0521c6ca99e15a239 | complete_equivariant_source_type:0144a63abeabf7c34dff82300cb087fd9b9d14c62191a175375e3da96c26582b | complete_equivariant_source_type:01ac1a5c7956ce50af64e82ec22cf356bc92a2ca8ef52b15420fd78e3872818b | complete_equivariant_source_type:0250a244d0ca6dc314b8d4ca95215bc6504b7937c058538b52c424ce19a26e81 | complete_equivariant_source_type:028418c41e09fa845ae17f1c36d48714ba6e189fca08c34473cec3d78259b53c | complete_equivariant_source_type:029f4a9e560b025fce4de82b705d72f339a35e98209056dee2d1f906261b3473 | complete_equivariant_source_type:02c62a6cf98275a65494d86a4526f43d84e6db6b6a48942e333a276725cc3960 | complete_equivariant_source_type:03a33d239708c51e15132a04b3917d0e2920b0d768fd6ba76cbc93e29ce5e167 | complete_equivariant_source_type:03b40ca601f59589497fd5beddce9031505ff6f47fcf2366764f8aac3d10d25e | complete_equivariant_source_type:0a36a586b6ef334be42f78c9f51609579b5de9e8debb48ce82709904f1ba9a8d | complete_equivariant_source_type:0a92fe4aab10fcae7a0cf38f0488af7e8e2a1a4de072164fc6f67cc43b7715df | complete_equivariant_source_type:0aa7307123dc4375d0d55c69fd285c422061ff1523921c2a5d7f206213eb4bda | complete_equivariant_source_type:0bd536bc575d6271afce137b317708da3ec46cb42c909f39f0b893d6cdc5a787 | complete_equivariant_source_type:0c5c4f6bfcc03dd1fb4ea017e26f6932c98f98652a38b01cf429fc57a63aa6a1 | complete_equivariant_source_type:0cf5f2229f001a07513209b0a14f29f1270e8b95531fba8667cf25aded8f2557 | complete_equivariant_source_type:0d2b603dccc8dd48b1e5b65204ec0cee80064378b1a0ab6ecc64a2726b03b225 | complete_equivariant_source_type:0d66e2666609f6a6e7a4fa1ed6e3266800a52fe7962aa5a20bbf42509b891b0c | complete_equivariant_source_type:0e4cf54c81f976d3821f6744d5ecc11b8d5a8e28e3b5fe11f448e64f664151d5 | complete_equivariant_source_type:0ed8eb96eb6d928574bc986f7aad73f043be687e3b528a2c22bf51364ff68a34 | complete_equivariant_source_type:0f237d051e453f27f05081d360b89ac74933cd0f4113f0174194fd220b9d5376 | complete_equivariant_source_type:0ff0a861503ace6bd07e9944ed9facb3735c4dfe3c51c29e42cada2cee15e59e | complete_equivariant_source_type:1150ae8b8115bd546dc66d3c31b654af36a48cf45b3180c3e3903e35b93cf6c9 | complete_equivariant_source_type:115bcd35664a4105142260f008c850dca02974a6a90a1820c69f3d8756b09b52 | complete_equivariant_source_type:123507d48df1918587e1d884a4ab120412ba272195f529686ef230e910be5c46 | complete_equivariant_source_type:1317152eefd59df7cd7b72ad62c5b091dd3104da3d192a77cc539e3dd24c2108 | complete_equivariant_source_type:1400f9b3cbebd4d68a34f8d757f949b4c17066642cc32a029e882dc8f589b0ea | complete_equivariant_source_type:1462e43f204fef9db2b3272bc6f2a210637bd0ecbb570dc2e03f4b3e75dedd35 | complete_equivariant_source_type:147a850c76fcf72632358e46834d193dd99ef3e78d5acc63f688df09193da633 | complete_equivariant_source_type:147b6c917cb8caf4bc9443dbe0d7fa6661e3da8aefc0817fd0b32c95aec3ca65 | complete_equivariant_source_type:1489e47b3334c97ea15a6a6cda86b154ca492db5cd0afcebc1c31c726730882d | complete_equivariant_source_type:148fa18b80456c35d107cad3ee4bcb3796772f900dab76bf51b421e64b935d1c | complete_equivariant_source_type:1556d3547cf894b5da8d529ef32692e86653d2d051d9c2c097b29d4a2b057af3 | complete_equivariant_source_type:1564c97e69cd397cb6d4639d2243c02e72bde152b27fd7b4e8e4f39c27b87475 | complete_equivariant_source_type:158dfab9328066d0ffa308983f969602c159216eb3c9a247f282da30f03e7bca | complete_equivariant_source_type:15980bebd928c7f725557990fca7f805c55618268d0cef9395c142d41865abf4 | complete_equivariant_source_type:15a4c4e1bf1fa8ea3f74dd0812ddeebaed094aac52b9a43d650d87471bdf2f49 | complete_equivariant_source_type:1842452ce1d25c52c4c87268a8a629dcf307d0639721e6113c4b4a6e95de6648 | complete_equivariant_source_type:189100bb3f65a8bf0977b03df789cbd62ee5d0a9b8a26e41d159145f9912cc45 | complete_equivariant_source_type:19596ea628c95d49ff50928436d257f85d272a364a4a8fbf4318597ced9e11ad | complete_equivariant_source_type:19de3ab519b4c6d9863918dd5373a5bc4228aa8dd9162ca2e09de5c95935fb60 | complete_equivariant_source_type:1b3f5e6ea3d388de7123e6ac75f5b85bd14cb860cc58a335b9cad1788114b79a | complete_equivariant_source_type:1c1c65c8912f6bcc48eaa4493b05b389aa6ca0ab03b3a8f0e2de101bd61366b2 | complete_equivariant_source_type:1cfff63126466f956991f100606415c5f79a5fbedaf8b30f1a6c95aa6f0ad65e | complete_equivariant_source_type:2166411a4f09b483330d4ef6e6f15b0b12737cbc552b9e614890a8426abb679a | complete_equivariant_source_type:23026c637ad7ce44d46e99aeebaf63cf187e928affcc71f560175eab1d00783e | complete_equivariant_source_type:24e942e751f3c79ffbba9c60e2bad165bfae9174c3e531429d270c87930a57ee | complete_equivariant_source_type:252e379d438d515782744332522738764484735c4b124dbf6444897795b5ea69 | complete_equivariant_source_type:29e015737272b96eee452bd7371d9d72614df9a4a08a13efe012ac25840a1285 | complete_equivariant_source_type:2a46832331f8b356cdf0d842e7f4bdd0fd9172b56fadcc67e4fe92fda7f34cea | complete_equivariant_source_type:2a613687f2ad40accf797332ba5d2f17a71fb8ae9ee946f3ad76418895df779f | complete_equivariant_source_type:2aa71a19bee64fc62f6b7bd3037978cd858bf8f3df5b136d5d4a43fc93b6506d | complete_equivariant_source_type:2b3ae3b6a9dfe6bf5ac1734e914094bf4ad0c334189a6f4a4d850de40551edc5 | complete_equivariant_source_type:2bc1b320c627af410dc59b7b1d679138b02c27b31a1d1b3bdc5512398185cbab | complete_equivariant_source_type:2c027b22d88c09c835a7e999441093aa0861e0669bf847c6711d16f6334a1f3d | complete_equivariant_source_type:2c6e5a89769cfc7d9f50bc3eb8e93290338a2c6d6a37cbcf81aa92409607a393 | complete_equivariant_source_type:2d91701bc211ce2d0d4fe864bda9940be6f570d05aa434f919d2bdce6bbb0b8a | complete_equivariant_source_type:2e41b547f217ed7bf45f31e0e2c846c0cebc5188f6800ae5621a979f4852430d | complete_equivariant_source_type:2ec51056c005e57f912de24fe73ed9f97d2eade72fbdf66f8604e07ef3d4cf97 | complete_equivariant_source_type:2ef327a6b5780cf62d0afadf57a488ec9b9645c2e2b8b9fb871f6b252817201d | complete_equivariant_source_type:2f20e37d8ce76d07caf8f9fae815ea96bf4c050436c4367579ff34f6a426c96f | complete_equivariant_source_type:2f7b082f2e5d375ba2c1ec3287a1dc867f468e264d45068a906a0576857afc24 | complete_equivariant_source_type:2fba8a5b6e470ea48ca650c2628c9dbd4dc97faaff33e4a48657fae7f6f90d2c | complete_equivariant_source_type:30a06f26528c57b8f910b35d9546703a2c474cf1bc8ea6d27116d8fa6713b797 | complete_equivariant_source_type:31c054b25ad897bab2660fab73d86b0bca2da586203795023ec59836a4dc7ed1 | complete_equivariant_source_type:33181d4f6ee6171471a508ae99ba486e128e6ed08ed13e3720718a819c3725fd | complete_equivariant_source_type:333cb4fcf8edd060aff5ed5d5c2473609f68a520f14195dca79096298ca4f757 | complete_equivariant_source_type:33db6330e8b644fe73d17b493288b2bb72273c89652e42cc811ad352421a942c | complete_equivariant_source_type:347592bd32a7532dee929b1a64fd1f76056f75f515f86a988cf66dd4499d91e8 | complete_equivariant_source_type:3507db62d1e49f47b8f791f8d44fb23500bc77bc82314e1ea45489a488142414 | complete_equivariant_source_type:35cb8fa89fd5d0b5ef7156c61da0a55781239c0941fabf8c0443307feaa622a5 | complete_equivariant_source_type:35ea304768195cd3909f2ec34dee302bb8b686b9c2cfcd23b46f0ad22636fb5f | complete_equivariant_source_type:372b93bfd54cf132972266f9cdd4f28ec90d32d80f3e9841728d5872256131ca | complete_equivariant_source_type:374ddc8c9c4b45f8c32e667ca8fe09726aa6e1c912b057e2b499de5d868a0dc8 | complete_equivariant_source_type:377f9d09b7f4a3b5de895fd69b9f83c477377392ce78555b18c9114c914b50e8 | complete_equivariant_source_type:3869e6ccb2746239046a862ce131a6a07580b2c8d64a1c3544abade7a86a4eb4 | complete_equivariant_source_type:3879de5157760e09237eaa790242894e74c81d90add2f28579598afd90362a12 | complete_equivariant_source_type:38820c8c3ce7428be0641786208429ac5df80f9af9f7d44244c42d6abcb9cf43 | complete_equivariant_source_type:3a2a93d1c4afae5ab112d08731969ff76365f5ebbcf40e04f14d845326a28828 | complete_equivariant_source_type:3a94bb1c9bbb8be50d19b27947bb63b634bb553796838cfb2646e1f0873486bd | complete_equivariant_source_type:3c491f3192043bcc49e70ce47ecb9024d1dcbd235d323c1fd146472d0f843a3c | complete_equivariant_source_type:3dec87dfcaadaa051d474781844a2d6619faf2acd925f335df3531ce43da691d | complete_equivariant_source_type:40aec11d20a7f8d568df47ad7b3b7a90f698188ebd9239a67794ffe72acbdc87 | complete_equivariant_source_type:41a5fe0d6fb325cbe3736c03921b4c194858b5fcc64007ee89a7a5773e21a035 | complete_equivariant_source_type:41e2eda3d89ef4fb7ddf0f0934e445e80c39c7a40c339723e6a7f13aa377abe4 | complete_equivariant_source_type:436964ad65a657f81c729811dc1d3822b6ae092301532e5e7af15727d604767e | complete_equivariant_source_type:43974763ff0cf389ea809afe2b7b39a3dcf5f1498c155cbb448268b7512c2564 | complete_equivariant_source_type:4397cccd253d11f59cf44f097f53813e86e98dd6b8bdcdb9887195bf623b5e0b | complete_equivariant_source_type:43b899d9609fb581ff927540fdce25b147c1d331e6fca55ead7d283d189dc63c | complete_equivariant_source_type:4466ac659f606b4590abb71e9331a06723f66d0e2a01596645351c5ac6fe7cb3 | complete_equivariant_source_type:44b3c0647c67fc3b43a3aac0984053fe589c89e84d04cde778ce08e071e363ce | complete_equivariant_source_type:455617afc09218f32718c1c58bc204ec2199e57891553663fbe0850463be6117 | complete_equivariant_source_type:46207d69a0a386fb87097d20806ba8daf47aa298f3b9a12f9219dba62dbd3f5f | complete_equivariant_source_type:4a0d0812279eceade9c866d38b77399fb2efdfa84202d5de342fa66af525edfa | complete_equivariant_source_type:4aff82032cda766d8477933afc9c09f88df28f196cb9b949ed6df4e2596978dc | complete_equivariant_source_type:4da2d6d80ce506d28c3e05bf67b99a3663340d8556a1492095bc570139da0709 | complete_equivariant_source_type:4e73a9275bea778dd12f058ec8b8a5540cac7559b9708e0ce3b9fba49a93e234 | complete_equivariant_source_type:4eae6ef323d8739b43b3ef3e43c62d7401a82bbc869a2e9f7c325c57fb3d8132 | complete_equivariant_source_type:51122778cce1c6c7e9f78ec3a6d7a4a59bb02c3010e9c975c16186b7c4edf34f | complete_equivariant_source_type:51cbeb91c3bd58e1d9727fb8d1cdde53fe0c303e31f0933ea3bcef0badc27255 | complete_equivariant_source_type:521f33cf3d401a93fa367ee36f930c3852c7d87a8b280b69d808bf954a70a7d5 | complete_equivariant_source_type:52358af1d0c2f24faf3962b180a0b84281d98fa9ba23bb0bfcebe9d07b1f3f06 | complete_equivariant_source_type:5544d434fbbe60058fa31d05d75a42d30b4f152c7de389cdb8418e24137f0def | complete_equivariant_source_type:558543b0dc722abca39026e7c433a278c731a7e64523a5b3b9692166ca7117b0 | complete_equivariant_source_type:5635c5272f7c2fb4b0b134e38c83a3ef915bcba03f0b2c0da5261e459e0d5775 | complete_equivariant_source_type:565f50cff979f6a11f452af2b2471e3218100e29d33107230b7ca58ecdc5ec8f | complete_equivariant_source_type:568011a13ebcfb68ed6f6cbce6c855eea6c45f38277b6f6b8089dae49a46c606 | complete_equivariant_source_type:568bb1b0fa0aa683e0a6ddf6c4dd8e9a630cfc1ea20f8a4767151c88b5dd20b4 | complete_equivariant_source_type:583b7af67a4b5df64301ac35b6f96d7455cbf015b03023cbf11abf0a07e23a59 | complete_equivariant_source_type:58cfa106d6531c672278efcc651adc17d1984751197b7aa1fed93bb41c836fad | complete_equivariant_source_type:59fe5e48b414410f2914b7276252f637ee92df1fe773e5d509ecd5b43a894ed6 | complete_equivariant_source_type:5c42301ebb13a5e7a2748c769e61bf79da8dcae085b5d4a86dbae1c45135e817 | complete_equivariant_source_type:5c58393de18a364a77131cbe76547b7b20016263c0c8de5e1d852ae5c04c12c4 | complete_equivariant_source_type:5c7f9b22994fcdbb0607d9b072ce4dca1c18cea0e68f36dd689bd961eaff2044 | complete_equivariant_source_type:5da431c058268c74f59c34c63e043be0d76152ef412af73b58b9f794e5b810a5 | complete_equivariant_source_type:5e7919c37533ab4f9fd5550cdabc5ea5cfe74570128f2c5389de7d855ada2494 | complete_equivariant_source_type:5e9ef8eda259edd71de0addc6dcf5fa3d6b6ae47451d575d98cede6b9a94a725 | complete_equivariant_source_type:5eeca1f34b16435ff3e2d5e1fe7264a269e22dae14dd22943895ca650962e0a1 | complete_equivariant_source_type:5eee958b44f8055c39f3053f16debdf559560af169a3220d07adbbd7fe9ecea9 | complete_equivariant_source_type:5faa6186abde9f452cf12dd5d8b4e18b0a347d4651c5dd8e0d1845d1f8449033 | complete_equivariant_source_type:6156262fd2892885f6fe9b15baa54acc81fde8c759b0a84372e2f18186e7cb9a | complete_equivariant_source_type:647e997947992fdbbed7ca891e4cfffdca384ebfdfa26c3573bdf351c43a0abc | complete_equivariant_source_type:64f0b450bdf0f87af7f2434c5aee1e0beacf77332d27a1202aa311e7eff6f8c9 | complete_equivariant_source_type:6525551da02f2a15b573ae67d0f05be75553947c316428b1d0fa5dff27c842a9 | complete_equivariant_source_type:673457d99d63b82914b2b2686a9cf8db0b96fe2b9011a455a89a33bb351127e3 | complete_equivariant_source_type:68ca99d6af8843e00dc50f6b29f31df44fc2e39de3fbd174a7de4f7cde2b3ec9 | complete_equivariant_source_type:692b5086c02a44b56b0eaf81f2907ca19655afbb7b5abd134fb1d77410d82679 | complete_equivariant_source_type:6a4ce1b6d28499092c0e507f9f8d8dc99ae4102208ca85df39f0ff50eecefb80 | complete_equivariant_source_type:6ad7100a7d61eba363a1489d8348c088a86358d805b8f9a8b453760391244b03 | complete_equivariant_source_type:6b656d50a39e0f334fdea000180231364b68e669110010b2aca7248652482a93 | complete_equivariant_source_type:6bbba2689bc6d035c52cada7a0bbe64868ab82ea0120a4848ed2db975247826e | complete_equivariant_source_type:6bf4d44d5ff8622d7f6038ebba83dc82e82e318d302fb0d1ff032c0e45518187 | complete_equivariant_source_type:6d75747116b683b2c2d91b74fdc6909caca8fe73322e0adc922c50570b102845 | complete_equivariant_source_type:6e5f8558b170ca2e43209dc2165bf0e2f3009d9f3c83a7e1d71c8f030e2df96d | complete_equivariant_source_type:6e6f460e2a7f903842ceabc850b63bc219b688207a6376c8308746296f03dcd7 | complete_equivariant_source_type:6f5ce514ad0a15c6b11dd85a4b25ac390066e91acfeb0166c4df19186b41b3ef | complete_equivariant_source_type:6fbc89a120529d425dd21d2bd2aa9e31ec5c50621a5e59e0fff2492cf2dfdc66 | complete_equivariant_source_type:700887a80abbb4a6294cbff79add4700b6d65cfbfe46fd196737e59c5fa45590 | complete_equivariant_source_type:706a31fb6605aaec9d5fae1f858d54e456614196cb532a2d6f812e343761c7da | complete_equivariant_source_type:7103da7804d9b0f6f1c50230a090000c1802a033fa571d049932523e9c4ad7a7 | complete_equivariant_source_type:73815cb9c3468fc1534ced9d6feeb04993ee9cd5700e17be4be886025fac2fa8 | complete_equivariant_source_type:740bca40ef6c7bec1e54e8182f9ba9b6ef0ffbf7d1883cf6405d8b8fc5e32945 | complete_equivariant_source_type:7491bdca7243e701919248a16748b2a811a976475581e944198501373f793ffe | complete_equivariant_source_type:773e333b06b389f542c522957353595959e28f9d4d4cd6bba1690289dfc4f78a | complete_equivariant_source_type:77b21acb15bb5771d85b876c7c8f15e5d14af7f1d04370bc4ea27a11b112e1f4 | complete_equivariant_source_type:7825e7d6db52c0b6307e12c86014d580389b90c79e82333fe4552c1d5f07a456 | complete_equivariant_source_type:7855b66ff38121c3a645fad65079f6327f72aa497387f8139143354c673f2f20 | complete_equivariant_source_type:79b7358c316af4cfa135b4e48ad03d30d5c5b3668363fc6ad3f95ec87da4dc9c | complete_equivariant_source_type:7b0236bd24a06508aebdf6d7213119fc87063bb075a144f7cbab904458357943 | complete_equivariant_source_type:7b6b9f5260eca2f763321f59e7044aa1d518162587385af10b442cb76bf9a953 | complete_equivariant_source_type:7c6d566393886d8a53718fabd3f9a8d2c949fb4106689717397f40b1f6bc8e91 | complete_equivariant_source_type:7cd82d5a80dadf383064875768fc7277b529b54b79ebc75eb75bc3a4ea346ed7 | complete_equivariant_source_type:7d3b64e6b8ddc2f2c1c64c19fbedff76d8669abb74502e25a2eca5ad9a911f84 | complete_equivariant_source_type:7d7ec142d81d9d8f4bf1cf2a67bac21fa89c8e21df60a3b1344b70996f1ea220 | complete_equivariant_source_type:7dd2843c8ad0d3a8a4a0c91f3b77fd459f1bc023ba5bae9f15b86e12cc6c9d7b | complete_equivariant_source_type:7e255c8d2b0f083f389ef79862c9148612c11436cfd72bf3592146995b65a2b8 | complete_equivariant_source_type:7ea2e89e7284194e0f82dafb610b0f7210c4e0a7b4ad80781188ef91eaa07005 | complete_equivariant_source_type:7eff9f0e5713d8db194b1bad197a8010321752a0a7958fdb1955937aaa613cc2 | complete_equivariant_source_type:7f591605eac49755d1c1e2c2055695f2cdb839513041b8ab2cf3c0c285aa9327 | complete_equivariant_source_type:7fb8ba10e48bc1b43fc363e3045706148e512052ed15ed1966c9bf20d7b691ca | complete_equivariant_source_type:7fe9963aa80e12d0bafe8593c4bf52383986b50bd82078b4caea56ca9f83fb2b | complete_equivariant_source_type:80092ab751ede68e9c6ad9ae3a6eaa5e729221d794fdb1bc0755d797317431b3 | complete_equivariant_source_type:8032c05e70cdbca9ed255e91a5e724d24d5ae0bc0fccbaa508568dd643c90064 | complete_equivariant_source_type:8052f5f44c7fc779f8de8179cb66399bb747fc628698f0fac02565959b971373 | complete_equivariant_source_type:80db94013a53a2e950e111f5fc1f0c3bf20354b8afb4ff36cc389a75ddef1bd2 | complete_equivariant_source_type:820569c35647e285b8a0c2da2a70dde0ff3e55e573472ceeff582ad723499074 | complete_equivariant_source_type:82dc379eedd7e47697cecb9ea9ae97d22f94b4ce0440e2b02fce870b4aac55e3 | complete_equivariant_source_type:83b8a338e5eb70174cf9c9507a6075cea3e349e87c15cc81cd30ce55c6221c97 | complete_equivariant_source_type:83dc345736b6c19de656d5f03d9c21297660213ebf3cebca4512a7c358002ade | complete_equivariant_source_type:84b89caaf6a993141cc26ba320429da0cde2573c17a5a0b52616bc50a6682dd6 | complete_equivariant_source_type:856e1675b05e99f7d9069c1ce3ac1d524200f3ac6e1b41033018486055cb7d74 | complete_equivariant_source_type:85969150dd80b1cbcf43f6d46d47662761232ac87afb108fa0d8103bd1112464 | complete_equivariant_source_type:85cf5bd7fb33014d8d646c5f1d3812ab73f0b97b1461d988e0c8160a40b9e09d | complete_equivariant_source_type:864591b4d8db69de15e8aee5c45e3d7b87566184a9180ec63559806f1a7d4d85 | complete_equivariant_source_type:86828eaba2de71ae97aeca7d619e0b75af7b4f7cedb0b1f053ec7b36c4a56c0e | complete_equivariant_source_type:86f8284ae0ebe13daa77c358e5b7862af47b916e6f3d655130676ad3fe3669da | complete_equivariant_source_type:8760011405a13ce60ec115abfde5de91330ee42df97260a33e643160289bf86a | complete_equivariant_source_type:87e2bb40f617306fc4c50fa4864c42dc1424437f47ee5dc78200aa3099056e45 | complete_equivariant_source_type:896747e6f214b5871c9287db19b94a2350774c3ed0d8c917c592553184a824a6 | complete_equivariant_source_type:897b54473995f21bbe4412ec8dbf660fd5c8ece0bdc9d83ea103affca3212689 | complete_equivariant_source_type:898a336fa1754316694f83b52d0a420131ca1c311130d088890684e6aeaa50bb | complete_equivariant_source_type:89af8da1c1ecdea39bb19a82b2d64ea82d200c6848588e7e745ade8ac44630c4 | complete_equivariant_source_type:8a0cc4f304b6706625aa01fa797200fc0314646c0e89c043972a43cd74f146af | complete_equivariant_source_type:8c0b04a1a6d19ca694c74d195a8e2381beefb2d9f595afcf238aff8f13af6518 | complete_equivariant_source_type:8cd9e50ea3a066c98b54c87ec1faebb7adbc6bdbfaa0da350aec5e84abe8209d | complete_equivariant_source_type:8e87bc19e9a01473784659db5a05f6a9c7043ddb7a238455fa0fcad2b74c1d55 | complete_equivariant_source_type:8f516e48294453fbef372d349d774992cb86436cffce7d2ab0bc76224a349d91 | complete_equivariant_source_type:913d03a602b94028e10bf4c74fbe71c45f19328339100b161e5f98f7e84b74b6 | complete_equivariant_source_type:9268ffcea33dd5cb963cceab75c926f0b36a313b104364fd68ad90bce32eb306 | complete_equivariant_source_type:944e8b1af78a986d724805488ae22d7cad7639b033254ed74e909ab7f0028285 | complete_equivariant_source_type:94c7094cd5bb18628791a3d00212605e2dcfa0125ab6025137614cdfd9b9da0a | complete_equivariant_source_type:94fb08a1763e0d14e42edc74e85938d35afc64226e30b7dbfe81fdfb1e2363d0 | complete_equivariant_source_type:952a89fb5e28df1c6f84aba9303319603c68afd3453a9d21895ee09ef0fc7361 | complete_equivariant_source_type:954d3045488da92511553cda6f6164a7dca2bf90b672c928265dc474102e50b6 | complete_equivariant_source_type:96cabc18ba8634e374c7e2c8e89699906cd0c95e2cbb46af4c44aec9988edbd4 | complete_equivariant_source_type:96d1037114bbd595b4ddfb935fc661ea5d5f879fad003bbf2d5e285769dd82d0 | complete_equivariant_source_type:979aab24b9cc0845c84b2ab5668763370c1a8f9ab975fd54817366da1c8269ad | complete_equivariant_source_type:97c4a41be1c9940d96897fcd0c55709b65926f746d2fb45b4d6303a6f39fa096 | complete_equivariant_source_type:98a22a36724845fed405c47410ec8265646c2b30996985b02ff60730d317bd71 | complete_equivariant_source_type:9a89f08fb2b310802ffd2f2d381e45ab4486cbbe8f2b1e77024010889f9752a3 | complete_equivariant_source_type:9aae707f834f3458e7c79dd78e37103c0a24e595bbb6789d03e1979687833d5b | complete_equivariant_source_type:9aefcbf35074c71643ef5ae941d363c6fbb8dc531f2d0723dd8cc04ff950cb53 | complete_equivariant_source_type:9e5725e65282c4e97cd8c408f00a48eb6f8b367a30968810a138d7065fe46e49 | complete_equivariant_source_type:9e87916e3c36f251980a2f1ce4f39b0da51eb774293ce1afe0188c98b3f27779 | complete_equivariant_source_type:a061b78a809504019c9eae30115b18c7d37458e376aaac5aa4feeb17e34424d4 | complete_equivariant_source_type:a26b5a115f86def5e3176faa6a01749d990b7b8237399d7638be29d0f0aba918 | complete_equivariant_source_type:a2f980251afde08408d7938195df2de55ca4f97fd2f03fb148b65b3349df2096 | complete_equivariant_source_type:a30a37548c19118a2f2c8c536b935e416a044a8219e01bdfc9c429b8999dde44 | complete_equivariant_source_type:a33675d01c360c4cd57f6cb257b524b98238d40457f347029ed0d317239f0c25 | complete_equivariant_source_type:a51ab1e4a806fb5c52d2ce0e813abc80e6e238ff2c02303a52deed253490d41e | complete_equivariant_source_type:a52c4123e583f62a72fda6304a78c4506d269ce49227c6879d0295bf11bbe4e5 | complete_equivariant_source_type:a53caaed05729e6110c2d33dc8954f6384968396eeee6e0999bb715826bbf837 | complete_equivariant_source_type:a570f112ff25533fd91902197b81a7a8f1d297b289843036ffa70823ba78c515 | complete_equivariant_source_type:a5eea83943b4964523e7b8d4b6d5d16dd6d559d30f6e4eac72ae75f78262d2e4 | complete_equivariant_source_type:a65231fcb96c89cdc1a3f85f204627771b3c136c1d17531ea634d0ab8eed21fc | complete_equivariant_source_type:a84484a965d546734c3cc41c50e01924c733a066c2a44475232fd0b9946b8176 | complete_equivariant_source_type:a84dc6a714eeddf170d9ef1d28c25b1d4456f0993b09fe75b1314b761aa17163 | complete_equivariant_source_type:a9189164aca7e8cbc9f2e44bfb3349f371ee8af64cd9e3870a31a63e686019f4 | complete_equivariant_source_type:a9de4bba4e1b76f439b4db24a27188f3493e7fdc40b794a562ef9229fc72f222 | complete_equivariant_source_type:aa99ea80ee73d3cc5829be1f45fa8b4e0cfbfbb613395a10c412d7ecaec5d339 | complete_equivariant_source_type:af166c2b49ab2c82497146dfb849a9d881543ad8fd09ceebf79fb1e83cd00acb | complete_equivariant_source_type:b108401e89196f7796b0e983e70f837f20697bccf9be3a5698110f38c7ae5abe | complete_equivariant_source_type:b2a2f3b971449cde91c9ba0c4f4f273b459091fb9fb1df29ad178dc2e5013f10 | complete_equivariant_source_type:b30cf4bc8dcf453bef2f2e9231195e20d35f75456676c7ac784bbeaabd7f7e29 | complete_equivariant_source_type:b363339b3dbb838bb1f1a2e6b0d7c8ee79ef6ebcab185503debb237d20837434 | complete_equivariant_source_type:b3b4c3a428c4c6315c055e61c411935e53d62435f44a228c7a7ed39a7182907b | complete_equivariant_source_type:b407c553912b6ad5df71077d4ee7cb88e4471860215bda687fa4a26ae4415b25 | complete_equivariant_source_type:b557df90471df980faeec1d805923d1aaac58fb92029ac5ebbafc51b9f564483 | complete_equivariant_source_type:b608d4a519bec7010faf10f3ed149cda0881f099d05a18671f4f2b80e39baae8 | complete_equivariant_source_type:b77addfe83ee28e2c95f2613e7e3840cfe5a057c2f80f4fbb4f7b0b0499ff972 | complete_equivariant_source_type:b7eb99743615315e6332c093a8f15ab882953b2993e88048a67722299c57784d | complete_equivariant_source_type:b8570e592329615888e5995aa69bffcf641ed97fd8a06e754c96fe6528dd30a6 | complete_equivariant_source_type:bb458144542b12716518cd8040232571e006ec98f1300ceb350b2b1e739fd611 | complete_equivariant_source_type:bc0563b8d6c481278fa075ac892fc545cef893bcea4d5fae64799a0926f00c1e | complete_equivariant_source_type:bca754f215d1b4f37cc62e6a9725e1bba2724cc97eb76aa56d07d8807bab330e | complete_equivariant_source_type:bd06847e952db95938561eecf32a99c9fccaadf25237c1e6de440d43f7305787 | complete_equivariant_source_type:bd265d653cb67bf1cc60743590596a97d0a24d0782bd824f3340b96a3a2ba761 | complete_equivariant_source_type:bdbb02fd70c2bc2507a4ac30758ad899874fd676abcea98dbb2bec29e648092b | complete_equivariant_source_type:be190a3d1907ab874fda793d9101c1111c00aaeb30deb523ef781e0b67f6b424 | complete_equivariant_source_type:bf9a9837eba910a81c09994c9b072e902ea1374a944ac4dfe758b92ff3b15168 | complete_equivariant_source_type:bfd409faa03975113eaf17aaaf9e4ef853e7d4ab5d5eb9ef4cbd563998cac92a | complete_equivariant_source_type:c17d29324e877a103dde18df6164211b1e9e3f466843914041baf392ef40e4c2 | complete_equivariant_source_type:c1dcfce95af1e065869abc138bf400628441299e8bff752cb6320d00c4a1e19d | complete_equivariant_source_type:c21c44a1ede2eea545c69e8267b76f93a7f4ca995da31793209ba306cdc9f86b | complete_equivariant_source_type:c22fb37b8ce668ad2dddeba7ac859e390b2fc433b2749ed4ad11c20787c2e441 | complete_equivariant_source_type:c316696cfd5945d2421faf8df3aad4d41809dd1b6a9525596c0fc207bd079d11 | complete_equivariant_source_type:c3e0df8b5f61614e1553ab81e51cde91df03b4619dc45845c2d6b7ca4cb85ce9 | complete_equivariant_source_type:c495a24bb7c4df840ed32ae1d27c98c123d6e68ac53a5c570fab1411419caf90 | complete_equivariant_source_type:c4a8132ce6e6844626707917171fbb306928adc99f3cd50c0d778c274bd87d6e | complete_equivariant_source_type:c4da319fce244a3ec8ce77c23bdfe8b003371267aa43c085c91fd972899ab03e | complete_equivariant_source_type:c562b16344b8d3f33fec9ad0ce5568c325333df02a42829722b5abf4f9041d6b | complete_equivariant_source_type:c64a9a80175390c07ac7f1974d9aaed026e6d768446e7f8859a9f807216261cd | complete_equivariant_source_type:c64af77e4987191b325c328d00f7f5402ddba284dab7beaddef0e69411dddf76 | complete_equivariant_source_type:c6e70aa1a2c9bd3a2fb475c69ee28e442ee5c478b0611ab6c7c21cf9813248ed | complete_equivariant_source_type:c7000a01cb891c4b11660ff2d91303254fd89b24a13277dfb11e63cefc68671b | complete_equivariant_source_type:c7a057a4acbf115479a42a3b1b73f429a113bc14887172a33cc1f04cba3af00d | complete_equivariant_source_type:c89986138ead4a617ae19a3f66861095933a65987c2f40d9ec217547c813c1db | complete_equivariant_source_type:c8aba23641a5688219611dd1beb0a67ee0c72eb27082be5b3c1b179d48264001 | complete_equivariant_source_type:c9116da228ddfd7b97254aa6cd94407c8735cab200a54659fcc42258eabbc322 | complete_equivariant_source_type:c9643d5b7252bb6afa6e983b1b876549b0f9d68c8c2f2d91c235c4ea0762fa0a | complete_equivariant_source_type:c9d9fcd764a83a5d51734d5e60cfc6bcd0aa26fc58827296637c1ce3df5edc48 | complete_equivariant_source_type:cabcd7e2589c97eb567d0a2c18b2aa79d0370923db51442303d6e431ab1dcafe | complete_equivariant_source_type:caeca72b682bea88061fb17b88190ef28c7954b6fe377423097dabd4f9683b6b | complete_equivariant_source_type:cc96f4d39e8c6beb793d7282cfbedc4e6bbf6fa61ec47d8041bc6cf9e10969bd | complete_equivariant_source_type:ce6d91a1345f40c4f3ce9f9c048f0f0368c97e258fd2787f7de52f94d61bc7ae | complete_equivariant_source_type:cf04c3444e3c73652db0f6ec873e9a288da4d9fdaedbb6ae9a4ee02b1f42f978 | complete_equivariant_source_type:cf70c2ca8a5ea6547797904ecd6d4c4cebc1bf0a2c850a6a46ead78de697e221 | complete_equivariant_source_type:cf7dcb828813fcc93f444886692e64783fbaba3866b08e0b4e61c52e4c76ca75 | complete_equivariant_source_type:d0f112400a7640db98022db63f91aaa3a53ac4d80ddf6a23abf14e8a61044bf3 | complete_equivariant_source_type:d59c58f01602369269bde084b8f8e0ad1c5156c7ce1b09c2428b85af3a26620b | complete_equivariant_source_type:d6067bd9fd5d322c66cc7f8ab2c389f0238f955baec2da7387e83d6a66261269 | complete_equivariant_source_type:d6694199a8b13d8358f86c2d2fe0ea122425871a9b6a83152f329d8715de22b2 | complete_equivariant_source_type:d6925bc4ed701a3339d1847b9e56e32e1e9b34f846b769dd93105aabd2901313 | complete_equivariant_source_type:d747d02a8b414f3a4b19f844bb09503c360a99d350364ad9705c94e393a552f8 | complete_equivariant_source_type:d80e2fe9da6fc8f892a3d59b7318234b805b6947c398faf0fb34b7150e2737ac | complete_equivariant_source_type:d8957175065f33361c946c8563038200c9cc272e8f0bdc161834949b3bc2a802 | complete_equivariant_source_type:d999daafeb50ab94d17bd1bc376e53c07e61b18a3728fb67f6df424d800a1a6a | complete_equivariant_source_type:da1222ae856ad5ef0363e8f08404f802cf0cd2acb0e7e979cf4b83b00146b876 | complete_equivariant_source_type:da66f2e5be44b96659d3c5d3b37e2cd75649590dcee45e4fae538500149aef3d | complete_equivariant_source_type:dc97e4c50c9f860be13c8750a3107cc5b84cc653f2822e85a53922d8de1ee711 | complete_equivariant_source_type:de1460adc9231fdf9e1a7dac3808edfe6991f63e121414d32d02665384a30b5d | complete_equivariant_source_type:dfe38626b21fac09f4bb0723d5f88f64b0e6e399d69784831e47d0963b412e67 | complete_equivariant_source_type:e121734ad68d120b31370e02408448cf1ecfa1951e6ee97e4cffa094e8622b62 | complete_equivariant_source_type:e127c08b9672f91e20aa1de119391dec5609a6716aa074f5428bde31ba13439a | complete_equivariant_source_type:e3e38cf25322397f49ed9cadcbc6ba32d6ac1cf5737c4bce3852fe4f58958dd7 | complete_equivariant_source_type:e439b7f0bb576b305bd3b67fc96ddd89aab4ca0ff10ed655119b4b26045d5d30 | complete_equivariant_source_type:e4c5bcc5b08edc7bda47899bee69858034961e04f46b4f6a9d3e7cc5abf7b5eb | complete_equivariant_source_type:e50cebe3889652827257f1e28ebc6aff9a16a33a79283f6831ffd6762e9c0574 | complete_equivariant_source_type:e65e0848fe7338efe143ede76a014ff84f3fafa40ee320b74eb6769605d6372c | complete_equivariant_source_type:e727ef96fb01bf3d1704d4fefb9cb955c0daadc112c05bd2ed7ea44d966045b4 | complete_equivariant_source_type:e7b32387d59a16cf4d181f29b2abde914126c1e4d7a64012b2ff2c17bf8decf3 | complete_equivariant_source_type:e80f664234b66f656eb26fbc42d64babecfc71eacf4ec772f1b49dcac4dc47ca | complete_equivariant_source_type:ea7bd8ec541515fc57741f732df32c4fa42a0d1879b4e0a1dd966e05e9e0aec1 | complete_equivariant_source_type:eb1949a05ffae7d9a8a41a9f2aa77cbf802d3787f5d6608824f6af8e0359416d | complete_equivariant_source_type:eb7985275f93ece6b1eb8a4313395c9b8904a9fdd72a866e0c9e3914a3482417 | complete_equivariant_source_type:eb9203cc0dd8d2a55423510a88b3371c00c0b513c1adcad08cbf42d4396b64df | complete_equivariant_source_type:ecc98699e7fd1d5aceaf26838fe032fecb88cdbc8836d57c9e410f381248b709 | complete_equivariant_source_type:ecffeab764920904dcddf95427b59c8d8865772e6ed1a52cbf200ed812905707 | complete_equivariant_source_type:edea01f4efaf4a7cda32c403acb9bc91ff3a3ba8b2a54767be04d87359e446c1 | complete_equivariant_source_type:eec30108e6b0509fe2c1dd6bc81d045b5e7627ea21471285081a929cf73487fa | complete_equivariant_source_type:ef0ff345c8bc910a537801347b686da508a39f62c051bf38fc776789394d2979 | complete_equivariant_source_type:ef7c3af78bb82956f312af8bd5417e8c2f8b27037430fc372b840b7efbed9fe3 | complete_equivariant_source_type:efc8e83f03f34e014386aa6ded4f5b67fad5abe7fdc6ab630022941b5d6a0609 | complete_equivariant_source_type:efff29bbe7d8e5f4218ee7fe184b6f744e8dc5710853d35a7d7288f659501368 | complete_equivariant_source_type:f0110048f3a6348c3a3a2e3366807c480e170f0c97221cb870a0f0f3d4741f48 | complete_equivariant_source_type:f06c278965374887de37f9a036ad93ac07d1cb5cd0c3285d2443937ccdd428ef | complete_equivariant_source_type:f0921b0f1b3d065335ff6b52ae3a377324bfd71d5e7e1b7441aff6e924e8e317 | complete_equivariant_source_type:f0b5a14d0a46b13cfe1430acb2e9785e4005b56812917406f013b517abe9b5b4 | complete_equivariant_source_type:f3058cb76300b3fa8cbdee3d10558c8d911e4fe5274a52c4f45b3997092a2477 | complete_equivariant_source_type:f3681bdfbbc5aed5f130c0c704432d7ba84710cd8fadb5acc6d0a2de207e3773 | complete_equivariant_source_type:f47d1ea12fe49a9195f60c176afd3c548f2eb82fc7f6add5ac7f55dfa415f76d | complete_equivariant_source_type:f4bf59b40f783c3b53fd2df0bd535d645075c26e8ad2d7e3a7ef4305b528acfc | complete_equivariant_source_type:f519ff7f5b9a5db1d89162973b0de934a6dfbd7c04f1a5a1a0e64b61b40042b4 | complete_equivariant_source_type:f53a4b70d0e7a9fd2ed94a24e6280d0b51fecbb9739dd04b019041b4b05be00e | complete_equivariant_source_type:f621bd9b6edde0b1728039d7b7419c90049d8599df996af38ec358acc3d6e058 | complete_equivariant_source_type:f77555548cae3d2bc9a3924addbd8b7ed5d60d2925513ee12f826d9e21410be8 | complete_equivariant_source_type:f93c6e57eeda1a3a858ca54688461db5c869cac58349ba442b66c80aa805d13c | complete_equivariant_source_type:f9e31305a1033b6225c8ea6cb2ff60f415f29690a84f4e3e8b73bc8dcf8c5b12 | complete_equivariant_source_type:fa439c35ae90dd9e850ac69d76aba6ca9cd2c5a6f15f9ccce32380573e8dbab7 | complete_equivariant_source_type:fa5cab98abddf17e88c3e681a05e8fd5ebf45f607a71c432b799ac7bc90d67a5 | complete_equivariant_source_type:fab8748b7aa872874555424bb658be8f78d9327be77949335e018f87f51b8fee | complete_equivariant_source_type:fbdb2cfc953bf4745e00eebc4c3bc0d85e460816238b9fec331667701da9fe39 | complete_equivariant_source_type:fc26331b3f18e4db690b5f1b8b13e33457c13f921e95aab47949657f0849ef40 | complete_equivariant_source_type:fc50f5f2e3a511d078f1ca88f6331fed76cc6d1845990dde4701cc764aa49ab4 | complete_equivariant_source_type:fc668a4f04cb276453a175cdd4a57532c7f7a9ef90ed2042ba74dedbc9f5e97f | complete_equivariant_source_type:fc9ae65ea4d3ef7ffd063ddcd91c7b33ab144c948e6d92329ab97e9e13764a3e | complete_equivariant_source_type:fd5730bca72304b501e60111b95ded17c0fdacb062e126f744499392435e7cb8 | complete_equivariant_source_type:fe30485ceb3ba288cbd3cadd9c5a858c1302bd7f86a4dfc88203796e150ce747 | complete_equivariant_source_type:feccb2e7446c4b9de50bd2b0f8cc0406ab661f3320c61755f462eeca5c1a4481	CENSUS_LEVEL	"{""100"":""CENSUS_LEVEL"",""101"":""CENSUS_LEVEL"",""102"":""CENSUS_LEVEL"",""103"":""CENSUS_LEVEL"",""104"":""CENSUS_LEVEL"",""105"":""CENSUS_LEVEL"",""106"":""CENSUS_LEVEL"",""107"":""CENSUS_LEVEL"",""108"":""CENSUS_LEVEL"",""109"":""CENSUS_LEVEL"",""110"":""CENSUS_LEVEL"",""111"":""CENSUS_LEVEL"",""112"":""CENSUS_LEVEL"",""113"":""CENSUS_LEVEL"",""114"":""CENSUS_LEVEL"",""115"":""CENSUS_LEVEL"",""116"":""CENSUS_LEVEL"",""117"":""CENSUS_LEVEL"",""118"":""CENSUS_LEVEL"",""119"":""CENSUS_LEVEL"",""120"":""CENSUS_LEVEL"",""121"":""CENSUS_LEVEL"",""122"":""CENSUS_LEVEL"",""123"":""CENSUS_LEVEL"",""124"":""CENSUS_LEVEL"",""125"":""CENSUS_LEVEL"",""126"":""CENSUS_LEVEL"",""127"":""CENSUS_LEVEL"",""128"":""CENSUS_LEVEL"",""129"":""CENSUS_LEVEL"",""130"":""CENSUS_LEVEL"",""131"":""CENSUS_LEVEL"",""132"":""CENSUS_LEVEL"",""133"":""CENSUS_LEVEL"",""134"":""CENSUS_LEVEL"",""135"":""CENSUS_LEVEL"",""136"":""CENSUS_LEVEL"",""137"":""CENSUS_LEVEL"",""138"":""CENSUS_LEVEL"",""139"":""CENSUS_LEVEL"",""140"":""CENSUS_LEVEL"",""141"":""CENSUS_LEVEL"",""142"":""CENSUS_LEVEL"",""143"":""CENSUS_LEVEL"",""144"":""CENSUS_LEVEL"",""145"":""CENSUS_LEVEL"",""146"":""CENSUS_LEVEL"",""147"":""CENSUS_LEVEL"",""148"":""CENSUS_LEVEL"",""149"":""CENSUS_LEVEL"",""150"":""CENSUS_LEVEL"",""151"":""CENSUS_LEVEL"",""152"":""CENSUS_LEVEL"",""153"":""CENSUS_LEVEL"",""154"":""CENSUS_LEVEL"",""155"":""CENSUS_LEVEL"",""156"":""CENSUS_LEVEL"",""157"":""CENSUS_LEVEL"",""158"":""CENSUS_LEVEL"",""159"":""CENSUS_LEVEL"",""160"":""CENSUS_LEVEL"",""161"":""CENSUS_LEVEL"",""162"":""CENSUS_LEVEL"",""163"":""CENSUS_LEVEL"",""164"":""CENSUS_LEVEL"",""165"":""CENSUS_LEVEL"",""166"":""CENSUS_LEVEL"",""167"":""CENSUS_LEVEL"",""168"":""CENSUS_LEVEL"",""169"":""CENSUS_LEVEL"",""170"":""CENSUS_LEVEL"",""171"":""CENSUS_LEVEL"",""172"":""CENSUS_LEVEL"",""173"":""CENSUS_LEVEL"",""174"":""CENSUS_LEVEL"",""175"":""CENSUS_LEVEL"",""176"":""CENSUS_LEVEL"",""177"":""CENSUS_LEVEL"",""178"":""CENSUS_LEVEL"",""179"":""CENSUS_LEVEL"",""180"":""CENSUS_LEVEL"",""181"":""CENSUS_LEVEL"",""182"":""CENSUS_LEVEL"",""183"":""CENSUS_LEVEL"",""184"":""CENSUS_LEVEL"",""185"":""CENSUS_LEVEL"",""186"":""CENSUS_LEVEL"",""187"":""CENSUS_LEVEL"",""188"":""CENSUS_LEVEL"",""189"":""CENSUS_LEVEL"",""190"":""CENSUS_LEVEL"",""191"":""CENSUS_LEVEL"",""192"":""CENSUS_LEVEL"",""193"":""CENSUS_LEVEL"",""194"":""CENSUS_LEVEL"",""195"":""CENSUS_LEVEL"",""196"":""CENSUS_LEVEL"",""197"":""CENSUS_LEVEL"",""198"":""CENSUS_LEVEL"",""199"":""CENSUS_LEVEL"",""200"":""CENSUS_LEVEL"",""201"":""CENSUS_LEVEL"",""202"":""CENSUS_LEVEL"",""203"":""CENSUS_LEVEL"",""204"":""CENSUS_LEVEL"",""205"":""CENSUS_LEVEL"",""206"":""CENSUS_LEVEL"",""207"":""CENSUS_LEVEL"",""208"":""CENSUS_LEVEL"",""209"":""CENSUS_LEVEL"",""210"":""CENSUS_LEVEL"",""211"":""CENSUS_LEVEL"",""212"":""CENSUS_LEVEL"",""213"":""CENSUS_LEVEL"",""214"":""CENSUS_LEVEL"",""215"":""CENSUS_LEVEL"",""216"":""CENSUS_LEVEL"",""217"":""CENSUS_LEVEL"",""218"":""CENSUS_LEVEL"",""219"":""CENSUS_LEVEL"",""220"":""CENSUS_LEVEL"",""221"":""CENSUS_LEVEL"",""222"":""CENSUS_LEVEL"",""223"":""CENSUS_LEVEL"",""224"":""CENSUS_LEVEL"",""225"":""CENSUS_LEVEL"",""226"":""CENSUS_LEVEL"",""227"":""CENSUS_LEVEL"",""228"":""CENSUS_LEVEL"",""229"":""CENSUS_LEVEL"",""230"":""CENSUS_LEVEL"",""231"":""CENSUS_LEVEL"",""232"":""CENSUS_LEVEL"",""233"":""CENSUS_LEVEL"",""234"":""CENSUS_LEVEL"",""235"":""CENSUS_LEVEL"",""236"":""CENSUS_LEVEL"",""237"":""CENSUS_LEVEL"",""242"":""CENSUS_LEVEL"",""243"":""CENSUS_LEVEL"",""244"":""CENSUS_LEVEL"",""246"":""CENSUS_LEVEL"",""247"":""CENSUS_LEVEL"",""248"":""CENSUS_LEVEL"",""249"":""CENSUS_LEVEL"",""250"":""CENSUS_LEVEL"",""251"":""CENSUS_LEVEL"",""252"":""CENSUS_LEVEL"",""253"":""CENSUS_LEVEL"",""254"":""CENSUS_LEVEL"",""255"":""CENSUS_LEVEL"",""256"":""CENSUS_LEVEL"",""257"":""CENSUS_LEVEL"",""258"":""CENSUS_LEVEL"",""259"":""CENSUS_LEVEL"",""260"":""CENSUS_LEVEL"",""261"":""CENSUS_LEVEL"",""262"":""CENSUS_LEVEL"",""263"":""CENSUS_LEVEL"",""264"":""CENSUS_LEVEL"",""265"":""CENSUS_LEVEL"",""266"":""CENSUS_LEVEL"",""267"":""CENSUS_LEVEL"",""268"":""CENSUS_LEVEL"",""269"":""CENSUS_LEVEL"",""270"":""CENSUS_LEVEL"",""271"":""CENSUS_LEVEL"",""272"":""CENSUS_LEVEL"",""273"":""CENSUS_LEVEL"",""274"":""CENSUS_LEVEL"",""275"":""CENSUS_LEVEL"",""276"":""CENSUS_LEVEL"",""277"":""CENSUS_LEVEL"",""278"":""CENSUS_LEVEL"",""279"":""CENSUS_LEVEL"",""280"":""CENSUS_LEVEL"",""281"":""CENSUS_LEVEL"",""282"":""CENSUS_LEVEL"",""283"":""CENSUS_LEVEL"",""284"":""CENSUS_LEVEL"",""285"":""CENSUS_LEVEL"",""286"":""CENSUS_LEVEL"",""287"":""CENSUS_LEVEL"",""288"":""CENSUS_LEVEL"",""289"":""CENSUS_LEVEL"",""290"":""CENSUS_LEVEL"",""291"":""CENSUS_LEVEL"",""292"":""CENSUS_LEVEL"",""293"":""CENSUS_LEVEL"",""294"":""CENSUS_LEVEL"",""295"":""CENSUS_LEVEL"",""296"":""CENSUS_LEVEL"",""297"":""CENSUS_LEVEL"",""298"":""CENSUS_LEVEL"",""299"":""CENSUS_LEVEL"",""300"":""CENSUS_LEVEL"",""301"":""CENSUS_LEVEL"",""302"":""CENSUS_LEVEL"",""303"":""CENSUS_LEVEL"",""304"":""CENSUS_LEVEL"",""305"":""CENSUS_LEVEL"",""306"":""CENSUS_LEVEL"",""307"":""CENSUS_LEVEL"",""308"":""CENSUS_LEVEL"",""309"":""CENSUS_LEVEL"",""310"":""CENSUS_LEVEL"",""311"":""CENSUS_LEVEL"",""312"":""CENSUS_LEVEL"",""313"":""CENSUS_LEVEL"",""314"":""CENSUS_LEVEL"",""315"":""CENSUS_LEVEL"",""316"":""CENSUS_LEVEL"",""317"":""CENSUS_LEVEL"",""318"":""CENSUS_LEVEL"",""319"":""CENSUS_LEVEL"",""320"":""CENSUS_LEVEL"",""321"":""CENSUS_LEVEL"",""322"":""CENSUS_LEVEL"",""323"":""CENSUS_LEVEL"",""324"":""CENSUS_LEVEL"",""325"":""CENSUS_LEVEL"",""326"":""CENSUS_LEVEL"",""327"":""CENSUS_LEVEL"",""328"":""CENSUS_LEVEL"",""329"":""CENSUS_LEVEL"",""330"":""CENSUS_LEVEL"",""331"":""CENSUS_LEVEL"",""332"":""CENSUS_LEVEL"",""333"":""CENSUS_LEVEL"",""334"":""CENSUS_LEVEL"",""335"":""CENSUS_LEVEL"",""336"":""CENSUS_LEVEL"",""337"":""CENSUS_LEVEL"",""338"":""CENSUS_LEVEL"",""339"":""CENSUS_LEVEL"",""340"":""CENSUS_LEVEL"",""341"":""CENSUS_LEVEL"",""342"":""CENSUS_LEVEL"",""343"":""CENSUS_LEVEL"",""344"":""CENSUS_LEVEL"",""345"":""CENSUS_LEVEL"",""346"":""CENSUS_LEVEL"",""347"":""CENSUS_LEVEL"",""348"":""CENSUS_LEVEL"",""349"":""CENSUS_LEVEL"",""350"":""CENSUS_LEVEL"",""351"":""CENSUS_LEVEL"",""352"":""CENSUS_LEVEL"",""353"":""CENSUS_LEVEL"",""354"":""CENSUS_LEVEL"",""355"":""CENSUS_LEVEL"",""356"":""CENSUS_LEVEL"",""357"":""CENSUS_LEVEL"",""358"":""CENSUS_LEVEL"",""359"":""CENSUS_LEVEL"",""360"":""CENSUS_LEVEL"",""361"":""CENSUS_LEVEL"",""362"":""CENSUS_LEVEL"",""363"":""CENSUS_LEVEL"",""364"":""CENSUS_LEVEL"",""365"":""CENSUS_LEVEL"",""366"":""CENSUS_LEVEL"",""367"":""CENSUS_LEVEL"",""368"":""CENSUS_LEVEL"",""369"":""CENSUS_LEVEL"",""370"":""CENSUS_LEVEL"",""371"":""CENSUS_LEVEL"",""372"":""CENSUS_LEVEL"",""373"":""CENSUS_LEVEL"",""374"":""CENSUS_LEVEL"",""375"":""CENSUS_LEVEL"",""376"":""CENSUS_LEVEL"",""377"":""CENSUS_LEVEL"",""378"":""CENSUS_LEVEL"",""379"":""CENSUS_LEVEL"",""380"":""CENSUS_LEVEL"",""381"":""CENSUS_LEVEL"",""382"":""CENSUS_LEVEL"",""383"":""CENSUS_LEVEL"",""384"":""CENSUS_LEVEL"",""385"":""CENSUS_LEVEL"",""386"":""CENSUS_LEVEL"",""387"":""CENSUS_LEVEL"",""388"":""CENSUS_LEVEL"",""389"":""CENSUS_LEVEL"",""390"":""CENSUS_LEVEL"",""391"":""CENSUS_LEVEL"",""392"":""CENSUS_LEVEL"",""393"":""CENSUS_LEVEL"",""394"":""CENSUS_LEVEL"",""395"":""CENSUS_LEVEL"",""396"":""CENSUS_LEVEL"",""397"":""CENSUS_LEVEL"",""398"":""CENSUS_LEVEL"",""399"":""CENSUS_LEVEL"",""400"":""CENSUS_LEVEL"",""401"":""CENSUS_LEVEL"",""402"":""CENSUS_LEVEL"",""403"":""CENSUS_LEVEL"",""404"":""CENSUS_LEVEL"",""405"":""CENSUS_LEVEL"",""406"":""CENSUS_LEVEL"",""407"":""CENSUS_LEVEL"",""408"":""CENSUS_LEVEL"",""409"":""CENSUS_LEVEL"",""410"":""CENSUS_LEVEL"",""411"":""CENSUS_LEVEL"",""412"":""CENSUS_LEVEL"",""413"":""CENSUS_LEVEL"",""414"":""CENSUS_LEVEL"",""415"":""CENSUS_LEVEL"",""416"":""CENSUS_LEVEL"",""417"":""CENSUS_LEVEL"",""418"":""CENSUS_LEVEL"",""419"":""CENSUS_LEVEL"",""420"":""CENSUS_LEVEL"",""421"":""CENSUS_LEVEL"",""422"":""CENSUS_LEVEL"",""423"":""CENSUS_LEVEL"",""424"":""CENSUS_LEVEL"",""425"":""CENSUS_LEVEL"",""426"":""CENSUS_LEVEL"",""427"":""CENSUS_LEVEL"",""428"":""CENSUS_LEVEL"",""429"":""CENSUS_LEVEL"",""430"":""CENSUS_LEVEL"",""431"":""CENSUS_LEVEL"",""432"":""CENSUS_LEVEL"",""433"":""CENSUS_LEVEL"",""434"":""CENSUS_LEVEL"",""435"":""CENSUS_LEVEL"",""436"":""CENSUS_LEVEL"",""437"":""CENSUS_LEVEL"",""438"":""CENSUS_LEVEL"",""439"":""CENSUS_LEVEL"",""440"":""CENSUS_LEVEL"",""441"":""CENSUS_LEVEL"",""442"":""CENSUS_LEVEL"",""443"":""CENSUS_LEVEL"",""444"":""CENSUS_LEVEL"",""445"":""CENSUS_LEVEL"",""446"":""CENSUS_LEVEL"",""447"":""CENSUS_LEVEL"",""448"":""CENSUS_LEVEL"",""449"":""CENSUS_LEVEL"",""450"":""CENSUS_LEVEL"",""86"":""CENSUS_LEVEL"",""87"":""CENSUS_LEVEL"",""88"":""CENSUS_LEVEL"",""89"":""CENSUS_LEVEL"",""90"":""CENSUS_LEVEL"",""91"":""CENSUS_LEVEL"",""92"":""CENSUS_LEVEL"",""94"":""CENSUS_LEVEL"",""95"":""CENSUS_LEVEL"",""96"":""CENSUS_LEVEL"",""97"":""CENSUS_LEVEL"",""98"":""CENSUS_LEVEL"",""99"":""CENSUS_LEVEL""}"	research_outputs/hodgecy_ii/complete_fidelity_pairs_and_sets.tsv	"{""historical_census_schema"":""hodgecy_ii_complete_fidelity_census_historical.v1"",""historical_census_source"":""research_outputs/hodgecy_ii/complete_fidelity_pairs_and_sets.tsv"",""historical_set_id"":""F0002""}"	same local and Hodge invariants but source assembly splits at the rational type	REPRODUCED	"{""category"":""OTHER NEW FIDELITY SETS"",""first_separating_level"":""rational_source"",""shared_levels"":[""local_inventory"",""hodge_data""]}"	"{""category_reproduced"":true,""classification_source"":""historical_complete_fidelity_tsv_reingested_by_v1"",""first_separating_level_reproduced"":true,""member_validation_status"":{""100"":""CENSUS_LEVEL"",""101"":""CENSUS_LEVEL"",""102"":""CENSUS_LEVEL"",""103"":""CENSUS_LEVEL"",""104"":""CENSUS_LEVEL"",""105"":""CENSUS_LEVEL"",""106"":""CENSUS_LEVEL"",""107"":""CENSUS_LEVEL"",""108"":""CENSUS_LEVEL"",""109"":""CENSUS_LEVEL"",""110"":""CENSUS_LEVEL"",""111"":""CENSUS_LEVEL"",""112"":""CENSUS_LEVEL"",""113"":""CENSUS_LEVEL"",""114"":""CENSUS_LEVEL"",""115"":""CENSUS_LEVEL"",""116"":""CENSUS_LEVEL"",""117"":""CENSUS_LEVEL"",""118"":""CENSUS_LEVEL"",""119"":""CENSUS_LEVEL"",""120"":""CENSUS_LEVEL"",""121"":""CENSUS_LEVEL"",""122"":""CENSUS_LEVEL"",""123"":""CENSUS_LEVEL"",""124"":""CENSUS_LEVEL"",""125"":""CENSUS_LEVEL"",""126"":""CENSUS_LEVEL"",""127"":""CENSUS_LEVEL"",""128"":""CENSUS_LEVEL"",""129"":""CENSUS_LEVEL"",""130"":""CENSUS_LEVEL"",""131"":""CENSUS_LEVEL"",""132"":""CENSUS_LEVEL"",""133"":""CENSUS_LEVEL"",""134"":""CENSUS_LEVEL"",""135"":""CENSUS_LEVEL"",""136"":""CENSUS_LEVEL"",""137"":""CENSUS_LEVEL"",""138"":""CENSUS_LEVEL"",""139"":""CENSUS_LEVEL"",""140"":""CENSUS_LEVEL"",""141"":""CENSUS_LEVEL"",""142"":""CENSUS_LEVEL"",""143"":""CENSUS_LEVEL"",""144"":""CENSUS_LEVEL"",""145"":""CENSUS_LEVEL"",""146"":""CENSUS_LEVEL"",""147"":""CENSUS_LEVEL"",""148"":""CENSUS_LEVEL"",""149"":""CENSUS_LEVEL"",""150"":""CENSUS_LEVEL"",""151"":""CENSUS_LEVEL"",""152"":""CENSUS_LEVEL"",""153"":""CENSUS_LEVEL"",""154"":""CENSUS_LEVEL"",""155"":""CENSUS_LEVEL"",""156"":""CENSUS_LEVEL"",""157"":""CENSUS_LEVEL"",""158"":""CENSUS_LEVEL"",""159"":""CENSUS_LEVEL"",""160"":""CENSUS_LEVEL"",""161"":""CENSUS_LEVEL"",""162"":""CENSUS_LEVEL"",""163"":""CENSUS_LEVEL"",""164"":""CENSUS_LEVEL"",""165"":""CENSUS_LEVEL"",""166"":""CENSUS_LEVEL"",""167"":""CENSUS_LEVEL"",""168"":""CENSUS_LEVEL"",""169"":""CENSUS_LEVEL"",""170"":""CENSUS_LEVEL"",""171"":""CENSUS_LEVEL"",""172"":""CENSUS_LEVEL"",""173"":""CENSUS_LEVEL"",""174"":""CENSUS_LEVEL"",""175"":""CENSUS_LEVEL"",""176"":""CENSUS_LEVEL"",""177"":""CENSUS_LEVEL"",""178"":""CENSUS_LEVEL"",""179"":""CENSUS_LEVEL"",""180"":""CENSUS_LEVEL"",""181"":""CENSUS_LEVEL"",""182"":""CENSUS_LEVEL"",""183"":""CENSUS_LEVEL"",""184"":""CENSUS_LEVEL"",""185"":""CENSUS_LEVEL"",""186"":""CENSUS_LEVEL"",""187"":""CENSUS_LEVEL"",""188"":""CENSUS_LEVEL"",""189"":""CENSUS_LEVEL"",""190"":""CENSUS_LEVEL"",""191"":""CENSUS_LEVEL"",""192"":""CENSUS_LEVEL"",""193"":""CENSUS_LEVEL"",""194"":""CENSUS_LEVEL"",""195"":""CENSUS_LEVEL"",""196"":""CENSUS_LEVEL"",""197"":""CENSUS_LEVEL"",""198"":""CENSUS_LEVEL"",""199"":""CENSUS_LEVEL"",""200"":""CENSUS_LEVEL"",""201"":""CENSUS_LEVEL"",""202"":""CENSUS_LEVEL"",""203"":""CENSUS_LEVEL"",""204"":""CENSUS_LEVEL"",""205"":""CENSUS_LEVEL"",""206"":""CENSUS_LEVEL"",""207"":""CENSUS_LEVEL"",""208"":""CENSUS_LEVEL"",""209"":""CENSUS_LEVEL"",""210"":""CENSUS_LEVEL"",""211"":""CENSUS_LEVEL"",""212"":""CENSUS_LEVEL"",""213"":""CENSUS_LEVEL"",""214"":""CENSUS_LEVEL"",""215"":""CENSUS_LEVEL"",""216"":""CENSUS_LEVEL"",""217"":""CENSUS_LEVEL"",""218"":""CENSUS_LEVEL"",""219"":""CENSUS_LEVEL"",""220"":""CENSUS_LEVEL"",""221"":""CENSUS_LEVEL"",""222"":""CENSUS_LEVEL"",""223"":""CENSUS_LEVEL"",""224"":""CENSUS_LEVEL"",""225"":""CENSUS_LEVEL"",""226"":""CENSUS_LEVEL"",""227"":""CENSUS_LEVEL"",""228"":""CENSUS_LEVEL"",""229"":""CENSUS_LEVEL"",""230"":""CENSUS_LEVEL"",""231"":""CENSUS_LEVEL"",""232"":""CENSUS_LEVEL"",""233"":""CENSUS_LEVEL"",""234"":""CENSUS_LEVEL"",""235"":""CENSUS_LEVEL"",""236"":""CENSUS_LEVEL"",""237"":""CENSUS_LEVEL"",""242"":""CENSUS_LEVEL"",""243"":""CENSUS_LEVEL"",""244"":""CENSUS_LEVEL"",""246"":""CENSUS_LEVEL"",""247"":""CENSUS_LEVEL"",""248"":""CENSUS_LEVEL"",""249"":""CENSUS_LEVEL"",""250"":""CENSUS_LEVEL"",""251"":""CENSUS_LEVEL"",""252"":""CENSUS_LEVEL"",""253"":""CENSUS_LEVEL"",""254"":""CENSUS_LEVEL"",""255"":""CENSUS_LEVEL"",""256"":""CENSUS_LEVEL"",""257"":""CENSUS_LEVEL"",""258"":""CENSUS_LEVEL"",""259"":""CENSUS_LEVEL"",""260"":""CENSUS_LEVEL"",""261"":""CENSUS_LEVEL"",""262"":""CENSUS_LEVEL"",""263"":""CENSUS_LEVEL"",""264"":""CENSUS_LEVEL"",""265"":""CENSUS_LEVEL"",""266"":""CENSUS_LEVEL"",""267"":""CENSUS_LEVEL"",""268"":""CENSUS_LEVEL"",""269"":""CENSUS_LEVEL"",""270"":""CENSUS_LEVEL"",""271"":""CENSUS_LEVEL"",""272"":""CENSUS_LEVEL"",""273"":""CENSUS_LEVEL"",""274"":""CENSUS_LEVEL"",""275"":""CENSUS_LEVEL"",""276"":""CENSUS_LEVEL"",""277"":""CENSUS_LEVEL"",""278"":""CENSUS_LEVEL"",""279"":""CENSUS_LEVEL"",""280"":""CENSUS_LEVEL"",""281"":""CENSUS_LEVEL"",""282"":""CENSUS_LEVEL"",""283"":""CENSUS_LEVEL"",""284"":""CENSUS_LEVEL"",""285"":""CENSUS_LEVEL"",""286"":""CENSUS_LEVEL"",""287"":""CENSUS_LEVEL"",""288"":""CENSUS_LEVEL"",""289"":""CENSUS_LEVEL"",""290"":""CENSUS_LEVEL"",""291"":""CENSUS_LEVEL"",""292"":""CENSUS_LEVEL"",""293"":""CENSUS_LEVEL"",""294"":""CENSUS_LEVEL"",""295"":""CENSUS_LEVEL"",""296"":""CENSUS_LEVEL"",""297"":""CENSUS_LEVEL"",""298"":""CENSUS_LEVEL"",""299"":""CENSUS_LEVEL"",""300"":""CENSUS_LEVEL"",""301"":""CENSUS_LEVEL"",""302"":""CENSUS_LEVEL"",""303"":""CENSUS_LEVEL"",""304"":""CENSUS_LEVEL"",""305"":""CENSUS_LEVEL"",""306"":""CENSUS_LEVEL"",""307"":""CENSUS_LEVEL"",""308"":""CENSUS_LEVEL"",""309"":""CENSUS_LEVEL"",""310"":""CENSUS_LEVEL"",""311"":""CENSUS_LEVEL"",""312"":""CENSUS_LEVEL"",""313"":""CENSUS_LEVEL"",""314"":""CENSUS_LEVEL"",""315"":""CENSUS_LEVEL"",""316"":""CENSUS_LEVEL"",""317"":""CENSUS_LEVEL"",""318"":""CENSUS_LEVEL"",""319"":""CENSUS_LEVEL"",""320"":""CENSUS_LEVEL"",""321"":""CENSUS_LEVEL"",""322"":""CENSUS_LEVEL"",""323"":""CENSUS_LEVEL"",""324"":""CENSUS_LEVEL"",""325"":""CENSUS_LEVEL"",""326"":""CENSUS_LEVEL"",""327"":""CENSUS_LEVEL"",""328"":""CENSUS_LEVEL"",""329"":""CENSUS_LEVEL"",""330"":""CENSUS_LEVEL"",""331"":""CENSUS_LEVEL"",""332"":""CENSUS_LEVEL"",""333"":""CENSUS_LEVEL"",""334"":""CENSUS_LEVEL"",""335"":""CENSUS_LEVEL"",""336"":""CENSUS_LEVEL"",""337"":""CENSUS_LEVEL"",""338"":""CENSUS_LEVEL"",""339"":""CENSUS_LEVEL"",""340"":""CENSUS_LEVEL"",""341"":""CENSUS_LEVEL"",""342"":""CENSUS_LEVEL"",""343"":""CENSUS_LEVEL"",""344"":""CENSUS_LEVEL"",""345"":""CENSUS_LEVEL"",""346"":""CENSUS_LEVEL"",""347"":""CENSUS_LEVEL"",""348"":""CENSUS_LEVEL"",""349"":""CENSUS_LEVEL"",""350"":""CENSUS_LEVEL"",""351"":""CENSUS_LEVEL"",""352"":""CENSUS_LEVEL"",""353"":""CENSUS_LEVEL"",""354"":""CENSUS_LEVEL"",""355"":""CENSUS_LEVEL"",""356"":""CENSUS_LEVEL"",""357"":""CENSUS_LEVEL"",""358"":""CENSUS_LEVEL"",""359"":""CENSUS_LEVEL"",""360"":""CENSUS_LEVEL"",""361"":""CENSUS_LEVEL"",""362"":""CENSUS_LEVEL"",""363"":""CENSUS_LEVEL"",""364"":""CENSUS_LEVEL"",""365"":""CENSUS_LEVEL"",""366"":""CENSUS_LEVEL"",""367"":""CENSUS_LEVEL"",""368"":""CENSUS_LEVEL"",""369"":""CENSUS_LEVEL"",""370"":""CENSUS_LEVEL"",""371"":""CENSUS_LEVEL"",""372"":""CENSUS_LEVEL"",""373"":""CENSUS_LEVEL"",""374"":""CENSUS_LEVEL"",""375"":""CENSUS_LEVEL"",""376"":""CENSUS_LEVEL"",""377"":""CENSUS_LEVEL"",""378"":""CENSUS_LEVEL"",""379"":""CENSUS_LEVEL"",""380"":""CENSUS_LEVEL"",""381"":""CENSUS_LEVEL"",""382"":""CENSUS_LEVEL"",""383"":""CENSUS_LEVEL"",""384"":""CENSUS_LEVEL"",""385"":""CENSUS_LEVEL"",""386"":""CENSUS_LEVEL"",""387"":""CENSUS_LEVEL"",""388"":""CENSUS_LEVEL"",""389"":""CENSUS_LEVEL"",""390"":""CENSUS_LEVEL"",""391"":""CENSUS_LEVEL"",""392"":""CENSUS_LEVEL"",""393"":""CENSUS_LEVEL"",""394"":""CENSUS_LEVEL"",""395"":""CENSUS_LEVEL"",""396"":""CENSUS_LEVEL"",""397"":""CENSUS_LEVEL"",""398"":""CENSUS_LEVEL"",""399"":""CENSUS_LEVEL"",""400"":""CENSUS_LEVEL"",""401"":""CENSUS_LEVEL"",""402"":""CENSUS_LEVEL"",""403"":""CENSUS_LEVEL"",""404"":""CENSUS_LEVEL"",""405"":""CENSUS_LEVEL"",""406"":""CENSUS_LEVEL"",""407"":""CENSUS_LEVEL"",""408"":""CENSUS_LEVEL"",""409"":""CENSUS_LEVEL"",""410"":""CENSUS_LEVEL"",""411"":""CENSUS_LEVEL"",""412"":""CENSUS_LEVEL"",""413"":""CENSUS_LEVEL"",""414"":""CENSUS_LEVEL"",""415"":""CENSUS_LEVEL"",""416"":""CENSUS_LEVEL"",""417"":""CENSUS_LEVEL"",""418"":""CENSUS_LEVEL"",""419"":""CENSUS_LEVEL"",""420"":""CENSUS_LEVEL"",""421"":""CENSUS_LEVEL"",""422"":""CENSUS_LEVEL"",""423"":""CENSUS_LEVEL"",""424"":""CENSUS_LEVEL"",""425"":""CENSUS_LEVEL"",""426"":""CENSUS_LEVEL"",""427"":""CENSUS_LEVEL"",""428"":""CENSUS_LEVEL"",""429"":""CENSUS_LEVEL"",""430"":""CENSUS_LEVEL"",""431"":""CENSUS_LEVEL"",""432"":""CENSUS_LEVEL"",""433"":""CENSUS_LEVEL"",""434"":""CENSUS_LEVEL"",""435"":""CENSUS_LEVEL"",""436"":""CENSUS_LEVEL"",""437"":""CENSUS_LEVEL"",""438"":""CENSUS_LEVEL"",""439"":""CENSUS_LEVEL"",""440"":""CENSUS_LEVEL"",""441"":""CENSUS_LEVEL"",""442"":""CENSUS_LEVEL"",""443"":""CENSUS_LEVEL"",""444"":""CENSUS_LEVEL"",""445"":""CENSUS_LEVEL"",""446"":""CENSUS_LEVEL"",""447"":""CENSUS_LEVEL"",""448"":""CENSUS_LEVEL"",""449"":""CENSUS_LEVEL"",""450"":""CENSUS_LEVEL"",""86"":""CENSUS_LEVEL"",""87"":""CENSUS_LEVEL"",""88"":""CENSUS_LEVEL"",""89"":""CENSUS_LEVEL"",""90"":""CENSUS_LEVEL"",""91"":""CENSUS_LEVEL"",""92"":""CENSUS_LEVEL"",""94"":""CENSUS_LEVEL"",""95"":""CENSUS_LEVEL"",""96"":""CENSUS_LEVEL"",""97"":""CENSUS_LEVEL"",""98"":""CENSUS_LEVEL"",""99"":""CENSUS_LEVEL""},""membership_reproduced"":true,""shared_levels_reproduced"":true,""source_recomputation_scope"":""current_v1_reuses_frozen_historical_456_record_census; no fresh mining pass""}"	hodgecy_ii_complete_fidelity:F0002	fidelity_census_reconciled:F0002
F0003	239 | 240 | 241	239 / 240 / 241	3	triple	OTHER NEW FIDELITY SETS	OTHER NEW FIDELITY SETS	local_inventory | hodge_data	rational_source	rational source type	p3=16;p4_0=10;p4_1=0;p5_0=0;p5_1=0;p5_2=0;l3=0	UNKNOWN_HODGE	UNKNOWN_HODGE	rational:462f2b410aba3c0f73eff388afc3cb45413ea2adfe72bcd2b7aa3687f77a4ae0 || rational:9d168feab7fd7642ecf30d07dacb9d15e40c068b5c91076c9135e77bc9b74af3	rational:462f2b410aba3c0f73eff388afc3cb45413ea2adfe72bcd2b7aa3687f77a4ae0 | rational:9d168feab7fd7642ecf30d07dacb9d15e40c068b5c91076c9135e77bc9b74af3	integral:0f35cfa13ab162d82ff72b9eefe774ef9525849e3b621dab8bbf942c57f53985 || integral:6d7364b1b430714f158be54459f86f79bc76a2030464babcc8364e9ea44169f6 || integral:6e71b52edeb7fb43a2d3c314484508c54ae48ffb13fe4d4236e29aabbd1f003c	integral:0f35cfa13ab162d82ff72b9eefe774ef9525849e3b621dab8bbf942c57f53985 | integral:6d7364b1b430714f158be54459f86f79bc76a2030464babcc8364e9ea44169f6 | integral:6e71b52edeb7fb43a2d3c314484508c54ae48ffb13fe4d4236e29aabbd1f003c	complete_torsion_type:1aa2322a1eab3450cb1a1c9c036c975371e9b58dd1d8321e4e21c38f3a558bbe || complete_torsion_type:4cc4f0826c667c3a4863954d065de2bfb6b875a1451cd33256828bbdb27b1567 || complete_torsion_type:f71c81808713ef7f68453672ddddcd3175b24f06bc1adce939e8dcbb5bd34632	complete_torsion_type:1aa2322a1eab3450cb1a1c9c036c975371e9b58dd1d8321e4e21c38f3a558bbe | complete_torsion_type:4cc4f0826c667c3a4863954d065de2bfb6b875a1451cd33256828bbdb27b1567 | complete_torsion_type:f71c81808713ef7f68453672ddddcd3175b24f06bc1adce939e8dcbb5bd34632	equivariant:0d480f7fd07bcb080743f003b1309d6316290817ea1177055ea1514979fd13df || equivariant:1a02b414b33e84e6a398b214bc2682820f5dc5f7a593654b29418954633bf73b || equivariant:f308bc01d071aafc31cb16a5f5eb6dd197ac9e191ef086cdc51d7f235cde7f45	equivariant:0d480f7fd07bcb080743f003b1309d6316290817ea1177055ea1514979fd13df | equivariant:1a02b414b33e84e6a398b214bc2682820f5dc5f7a593654b29418954633bf73b | equivariant:f308bc01d071aafc31cb16a5f5eb6dd197ac9e191ef086cdc51d7f235cde7f45	CONTEXT_READY_SOURCE_CONTEXT	"{""239"":""CONTEXT_READY_SOURCE_RECOMPUTED"",""240"":""CONTEXT_READY_SOURCE_RECOMPUTED"",""241"":""CONTEXT_READY_SOURCE_RECOMPUTED""}"	research_outputs/hodgecy_ii/complete_fidelity_pairs_and_sets.tsv	"{""historical_census_schema"":""hodgecy_ii_complete_fidelity_census_historical.v1"",""historical_census_source"":""research_outputs/hodgecy_ii/complete_fidelity_pairs_and_sets.tsv"",""historical_set_id"":""F0003""}"	same local and Hodge invariants but source assembly splits at the rational type	REPRODUCED	"{""category"":""OTHER NEW FIDELITY SETS"",""first_separating_level"":""rational_source"",""shared_levels"":[""local_inventory"",""hodge_data""]}"	"{""category_reproduced"":true,""classification_source"":""historical_complete_fidelity_tsv_reingested_by_v1"",""first_separating_level_reproduced"":true,""member_validation_status"":{""239"":""CONTEXT_READY_SOURCE_RECOMPUTED"",""240"":""CONTEXT_READY_SOURCE_RECOMPUTED"",""241"":""CONTEXT_READY_SOURCE_RECOMPUTED""},""membership_reproduced"":true,""shared_levels_reproduced"":true,""source_recomputation_scope"":""current_v1_reuses_frozen_historical_456_record_census; no fresh mining pass""}"	hodgecy_ii_complete_fidelity:F0003	fidelity_census_reconciled:F0003
